scenario_id,scenario,strategy,areas,providers,cluster_count,horizon_config,repeat,seed,input_fingerprint,model_build_ms,preprocess_ms,solve_ms,reconciliation_ms,schedule_ms,route_ms,total_ms,variables,constraints,candidate_edges,route_arcs,solver_status,optimality_proven,strategy_used,fallback_used,fallback_reason,service_rounds,covered_areas,zero_service_areas,underserved_points_covered,underserved_points_total,long_unserved_areas_served,minimum_coverage_met,travel_time,travel_cost,total_cost,budget_gap,invariant_valid,invariant_violations,geographic_global_checks,route_matrix_pair_lookup_count,route_matrix_pair_lookup_unique_count,route_matrix_pair_lookup_repeated_count,route_matrix_cache_hits,route_matrix_cache_misses,external_map_api_requests,heuristic_candidate_pruning_used,pruned_hard_compatible_pair_count,rolling_window_summaries,rolling_quality_regressions,rolling_attempt_quality,rolling_boundary_zero_service_rate,rolling_non_boundary_zero_service_rate,rolling_late_horizon_zero_service_rate,boundary_zero_service_rate,non_boundary_zero_service_rate,diagnostics_ms,input_provenance
normal-16-3-seed20277032,NORMAL,S3_ROLLING_HORIZON_7_21,16,3,,"{""commit_window_days"": 7, ""lookahead_days"": 21, ""planning_window_days"": 28}",1,20277032,97c5d595af0f438ff498eaa33ab42e0f4750ccb9938c09644d2fedd7253ccaa8,6243.21,11.73,4758.0,0.0,0.0,12.28,4796.16,4505,6936,292,0,OPTIMAL,True,BASELINE_FALLBACK,True,ROLLING_QUALITY_BELOW_FULL_LOOKAHEAD,15,15,1,0,0,0,False,26873,754226,4669226,,True,,,707,143,564,672,35,0,False,0,"[{""committed_round_count"": 3, ""fallback_used"": false, ""heuristic_candidate_pruning_used"": false, ""pruned_hard_compatible_pair_count"": 0, ""solver_status"": ""OPTIMAL"", ""strategy_used"": ""BASELINE_DECOMPOSED""}, {""committed_round_count"": 5, ""fallback_used"": false, ""heuristic_candidate_pruning_used"": false, ""pruned_hard_compatible_pair_count"": 0, ""solver_status"": ""FEASIBLE"", ""strategy_used"": ""BASELINE_DECOMPOSED""}, {""committed_round_count"": 2, ""fallback_used"": false, ""heuristic_candidate_pruning_used"": false, ""pruned_hard_compatible_pair_count"": 0, ""solver_status"": ""FEASIBLE"", ""strategy_used"": ""BASELINE_DECOMPOSED""}, {""committed_round_count"": 5, ""fallback_used"": false, ""heuristic_candidate_pruning_used"": false, ""pruned_hard_compatible_pair_count"": 0, ""solver_status"": ""OPTIMAL"", ""strategy_used"": ""BASELINE_DECOMPOSED""}]","[""COVERED_AREA_COUNT_BELOW_FULL_LOOKAHEAD""]","{""boundary_zero_service_rate"": null, ""covered_areas"": 10, ""late_horizon_zero_service_rate"": 0.6428571428571429, ""minimum_coverage_met"": false, ""non_boundary_zero_service_rate"": 0.375, ""service_rounds"": 15, ""underserved_points_covered"": 0}",,,,,,0.03,SYNTHETIC_GENERATOR_AND_SYNTHETIC_ROAD_EDGES
normal-16-3-seed20277032,NORMAL,S3_ROLLING_HORIZON_7_21,16,3,,"{""commit_window_days"": 7, ""lookahead_days"": 21, ""planning_window_days"": 28}",2,20277032,97c5d595af0f438ff498eaa33ab42e0f4750ccb9938c09644d2fedd7253ccaa8,6221.9,11.89,4738.53,0.0,0.0,7.58,4772.92,4505,6936,292,0,OPTIMAL,True,BASELINE_FALLBACK,True,ROLLING_QUALITY_BELOW_FULL_LOOKAHEAD,15,15,1,0,0,0,False,26873,754226,4669226,,True,,,707,143,564,672,35,0,False,0,"[{""committed_round_count"": 3, ""fallback_used"": false, ""heuristic_candidate_pruning_used"": false, ""pruned_hard_compatible_pair_count"": 0, ""solver_status"": ""OPTIMAL"", ""strategy_used"": ""BASELINE_DECOMPOSED""}, {""committed_round_count"": 5, ""fallback_used"": false, ""heuristic_candidate_pruning_used"": false, ""pruned_hard_compatible_pair_count"": 0, ""solver_status"": ""FEASIBLE"", ""strategy_used"": ""BASELINE_DECOMPOSED""}, {""committed_round_count"": 2, ""fallback_used"": false, ""heuristic_candidate_pruning_used"": false, ""pruned_hard_compatible_pair_count"": 0, ""solver_status"": ""FEASIBLE"", ""strategy_used"": ""BASELINE_DECOMPOSED""}, {""committed_round_count"": 5, ""fallback_used"": false, ""heuristic_candidate_pruning_used"": false, ""pruned_hard_compatible_pair_count"": 0, ""solver_status"": ""OPTIMAL"", ""strategy_used"": ""BASELINE_DECOMPOSED""}]","[""COVERED_AREA_COUNT_BELOW_FULL_LOOKAHEAD""]","{""boundary_zero_service_rate"": null, ""covered_areas"": 10, ""late_horizon_zero_service_rate"": 0.6428571428571429, ""minimum_coverage_met"": false, ""non_boundary_zero_service_rate"": 0.375, ""service_rounds"": 15, ""underserved_points_covered"": 0}",,,,,,0.01,SYNTHETIC_GENERATOR_AND_SYNTHETIC_ROAD_EDGES
normal-16-3-seed20277032,NORMAL,S3_ROLLING_HORIZON_7_21,16,3,,"{""commit_window_days"": 7, ""lookahead_days"": 21, ""planning_window_days"": 28}",3,20277032,97c5d595af0f438ff498eaa33ab42e0f4750ccb9938c09644d2fedd7253ccaa8,6232.16,11.95,4743.76,0.0,0.0,7.12,4777.64,4505,6936,292,0,OPTIMAL,True,BASELINE_FALLBACK,True,ROLLING_QUALITY_BELOW_FULL_LOOKAHEAD,15,15,1,0,0,0,False,26873,754226,4669226,,True,,,707,143,564,672,35,0,False,0,"[{""committed_round_count"": 3, ""fallback_used"": false, ""heuristic_candidate_pruning_used"": false, ""pruned_hard_compatible_pair_count"": 0, ""solver_status"": ""OPTIMAL"", ""strategy_used"": ""BASELINE_DECOMPOSED""}, {""committed_round_count"": 5, ""fallback_used"": false, ""heuristic_candidate_pruning_used"": false, ""pruned_hard_compatible_pair_count"": 0, ""solver_status"": ""FEASIBLE"", ""strategy_used"": ""BASELINE_DECOMPOSED""}, {""committed_round_count"": 2, ""fallback_used"": false, ""heuristic_candidate_pruning_used"": false, ""pruned_hard_compatible_pair_count"": 0, ""solver_status"": ""FEASIBLE"", ""strategy_used"": ""BASELINE_DECOMPOSED""}, {""committed_round_count"": 5, ""fallback_used"": false, ""heuristic_candidate_pruning_used"": false, ""pruned_hard_compatible_pair_count"": 0, ""solver_status"": ""OPTIMAL"", ""strategy_used"": ""BASELINE_DECOMPOSED""}]","[""COVERED_AREA_COUNT_BELOW_FULL_LOOKAHEAD""]","{""boundary_zero_service_rate"": null, ""covered_areas"": 10, ""late_horizon_zero_service_rate"": 0.6428571428571429, ""minimum_coverage_met"": false, ""non_boundary_zero_service_rate"": 0.375, ""service_rounds"": 15, ""underserved_points_covered"": 0}",,,,,,0.01,SYNTHETIC_GENERATOR_AND_SYNTHETIC_ROAD_EDGES
normal-16-3-seed20277032,NORMAL,S4_GEOGRAPHIC_ROLLING_7_21,16,3,1,"{""commit_window_days"": 7, ""lookahead_days"": 21, ""planning_window_days"": 28}",1,20277032,97c5d595af0f438ff498eaa33ab42e0f4750ccb9938c09644d2fedd7253ccaa8,4990.47,26.41,13368.88,5891.63,0.0,11.25,14430.49,8164,12530,292,0,OPTIMAL,True,BASELINE_FALLBACK,True,ROLLING_QUALITY_BELOW_FULL_LOOKAHEAD,15,15,1,0,0,0,False,26873,754226,4669226,,True,,,1289,167,1122,1234,55,0,False,0,"[{""committed_round_count"": 2, ""fallback_used"": false, ""heuristic_candidate_pruning_used"": false, ""pruned_hard_compatible_pair_count"": 0, ""solver_status"": ""TIME_LIMIT"", ""strategy_used"": ""GEOGRAPHIC_CLUSTER""}, {""committed_round_count"": 3, ""fallback_used"": false, ""heuristic_candidate_pruning_used"": false, ""pruned_hard_compatible_pair_count"": 0, ""solver_status"": ""TIME_LIMIT"", ""strategy_used"": ""GEOGRAPHIC_CLUSTER""}, {""committed_round_count"": 4, ""fallback_used"": false, ""heuristic_candidate_pruning_used"": false, ""pruned_hard_compatible_pair_count"": 0, ""solver_status"": ""TIME_LIMIT"", ""strategy_used"": ""GEOGRAPHIC_CLUSTER""}, {""committed_round_count"": 5, ""fallback_used"": false, ""heuristic_candidate_pruning_used"": false, ""pruned_hard_compatible_pair_count"": 0, ""solver_status"": ""FEASIBLE"", ""strategy_used"": ""GEOGRAPHIC_CLUSTER""}]","[""COVERED_AREA_COUNT_BELOW_FULL_LOOKAHEAD""]","{""boundary_zero_service_rate"": null, ""covered_areas"": 12, ""late_horizon_zero_service_rate"": 0.6153846153846154, ""minimum_coverage_met"": false, ""non_boundary_zero_service_rate"": 0.25, ""service_rounds"": 14, ""underserved_points_covered"": 0}",,,,,,1759.72,SYNTHETIC_GENERATOR_AND_SYNTHETIC_ROAD_EDGES
normal-16-3-seed20277032,NORMAL,S4_GEOGRAPHIC_ROLLING_7_21,16,3,1,"{""commit_window_days"": 7, ""lookahead_days"": 21, ""planning_window_days"": 28}",2,20277032,97c5d595af0f438ff498eaa33ab42e0f4750ccb9938c09644d2fedd7253ccaa8,5041.61,26.99,13346.41,5936.23,0.0,11.57,14458.41,8164,12530,292,0,OPTIMAL,True,BASELINE_FALLBACK,True,ROLLING_QUALITY_BELOW_FULL_LOOKAHEAD,15,15,1,0,0,0,False,26873,754226,4669226,,True,,,1289,167,1122,1234,55,0,False,0,"[{""committed_round_count"": 2, ""fallback_used"": false, ""heuristic_candidate_pruning_used"": false, ""pruned_hard_compatible_pair_count"": 0, ""solver_status"": ""TIME_LIMIT"", ""strategy_used"": ""GEOGRAPHIC_CLUSTER""}, {""committed_round_count"": 3, ""fallback_used"": false, ""heuristic_candidate_pruning_used"": false, ""pruned_hard_compatible_pair_count"": 0, ""solver_status"": ""TIME_LIMIT"", ""strategy_used"": ""GEOGRAPHIC_CLUSTER""}, {""committed_round_count"": 4, ""fallback_used"": false, ""heuristic_candidate_pruning_used"": false, ""pruned_hard_compatible_pair_count"": 0, ""solver_status"": ""TIME_LIMIT"", ""strategy_used"": ""GEOGRAPHIC_CLUSTER""}, {""committed_round_count"": 5, ""fallback_used"": false, ""heuristic_candidate_pruning_used"": false, ""pruned_hard_compatible_pair_count"": 0, ""solver_status"": ""FEASIBLE"", ""strategy_used"": ""GEOGRAPHIC_CLUSTER""}]","[""COVERED_AREA_COUNT_BELOW_FULL_LOOKAHEAD""]","{""boundary_zero_service_rate"": null, ""covered_areas"": 12, ""late_horizon_zero_service_rate"": 0.6153846153846154, ""minimum_coverage_met"": false, ""non_boundary_zero_service_rate"": 0.25, ""service_rounds"": 14, ""underserved_points_covered"": 0}",,,,,,1753.5,SYNTHETIC_GENERATOR_AND_SYNTHETIC_ROAD_EDGES
normal-16-3-seed20277032,NORMAL,S4_GEOGRAPHIC_ROLLING_7_21,16,3,1,"{""commit_window_days"": 7, ""lookahead_days"": 21, ""planning_window_days"": 28}",3,20277032,97c5d595af0f438ff498eaa33ab42e0f4750ccb9938c09644d2fedd7253ccaa8,5007.4,38.94,13364.56,5878.36,0.0,10.62,14432.22,8164,12530,292,0,OPTIMAL,True,BASELINE_FALLBACK,True,ROLLING_QUALITY_BELOW_FULL_LOOKAHEAD,15,15,1,0,0,0,False,26873,754226,4669226,,True,,,1289,167,1122,1234,55,0,False,0,"[{""committed_round_count"": 2, ""fallback_used"": false, ""heuristic_candidate_pruning_used"": false, ""pruned_hard_compatible_pair_count"": 0, ""solver_status"": ""TIME_LIMIT"", ""strategy_used"": ""GEOGRAPHIC_CLUSTER""}, {""committed_round_count"": 3, ""fallback_used"": false, ""heuristic_candidate_pruning_used"": false, ""pruned_hard_compatible_pair_count"": 0, ""solver_status"": ""TIME_LIMIT"", ""strategy_used"": ""GEOGRAPHIC_CLUSTER""}, {""committed_round_count"": 4, ""fallback_used"": false, ""heuristic_candidate_pruning_used"": false, ""pruned_hard_compatible_pair_count"": 0, ""solver_status"": ""TIME_LIMIT"", ""strategy_used"": ""GEOGRAPHIC_CLUSTER""}, {""committed_round_count"": 5, ""fallback_used"": false, ""heuristic_candidate_pruning_used"": false, ""pruned_hard_compatible_pair_count"": 0, ""solver_status"": ""FEASIBLE"", ""strategy_used"": ""GEOGRAPHIC_CLUSTER""}]","[""COVERED_AREA_COUNT_BELOW_FULL_LOOKAHEAD""]","{""boundary_zero_service_rate"": null, ""covered_areas"": 12, ""late_horizon_zero_service_rate"": 0.6153846153846154, ""minimum_coverage_met"": false, ""non_boundary_zero_service_rate"": 0.25, ""service_rounds"": 14, ""underserved_points_covered"": 0}",,,,,,1762.81,SYNTHETIC_GENERATOR_AND_SYNTHETIC_ROAD_EDGES
tight_budget-16-3-seed20277033,TIGHT_BUDGET,S3_ROLLING_HORIZON_7_21,16,3,,"{""commit_window_days"": 7, ""lookahead_days"": 21, ""planning_window_days"": 28}",1,20277033,8d7efdbde497cd76d4ad68f5c19afaaf4322e0988899490e3f9f1a9925d38ff6,2841.85,12.21,1899.61,0.0,0.0,1.73,1945.55,4599,6871,300,0,OPTIMAL,True,BASELINE_FALLBACK,True,ROLLING_QUALITY_BELOW_FULL_LOOKAHEAD,4,4,12,0,0,0,False,8108,227557,1227557,,True,,,388,78,310,380,8,0,False,0,"[{""committed_round_count"": 1, ""fallback_used"": false, ""heuristic_candidate_pruning_used"": false, ""pruned_hard_compatible_pair_count"": 0, ""solver_status"": ""OPTIMAL"", ""strategy_used"": ""BASELINE_DECOMPOSED""}, {""committed_round_count"": 0, ""fallback_used"": false, ""heuristic_candidate_pruning_used"": false, ""pruned_hard_compatible_pair_count"": 0, ""solver_status"": ""OPTIMAL"", ""strategy_used"": ""BASELINE_DECOMPOSED""}, {""committed_round_count"": 0, ""fallback_used"": false, ""heuristic_candidate_pruning_used"": false, ""pruned_hard_compatible_pair_count"": 0, ""solver_status"": ""OPTIMAL"", ""strategy_used"": ""BASELINE_DECOMPOSED""}, {""committed_round_count"": 0, ""fallback_used"": false, ""heuristic_candidate_pruning_used"": false, ""pruned_hard_compatible_pair_count"": 0, ""solver_status"": ""OPTIMAL"", ""strategy_used"": ""BASELINE_DECOMPOSED""}]","[""COVERED_AREA_COUNT_BELOW_FULL_LOOKAHEAD"", ""SERVICE_ROUNDS_BELOW_FULL_LOOKAHEAD_BY_OVER_10_PERCENT""]","{""boundary_zero_service_rate"": null, ""covered_areas"": 1, ""late_horizon_zero_service_rate"": 1.0, ""minimum_coverage_met"": false, ""non_boundary_zero_service_rate"": 0.9375, ""service_rounds"": 1, ""underserved_points_covered"": 0}",,,,,,0.01,SYNTHETIC_GENERATOR_AND_SYNTHETIC_ROAD_EDGES
tight_budget-16-3-seed20277033,TIGHT_BUDGET,S3_ROLLING_HORIZON_7_21,16,3,,"{""commit_window_days"": 7, ""lookahead_days"": 21, ""planning_window_days"": 28}",2,20277033,8d7efdbde497cd76d4ad68f5c19afaaf4322e0988899490e3f9f1a9925d38ff6,2849.07,12.12,1910.25,0.0,0.0,1.91,1957.22,4599,6871,300,0,OPTIMAL,True,BASELINE_FALLBACK,True,ROLLING_QUALITY_BELOW_FULL_LOOKAHEAD,4,4,12,0,0,0,False,8108,227557,1227557,,True,,,388,78,310,380,8,0,False,0,"[{""committed_round_count"": 1, ""fallback_used"": false, ""heuristic_candidate_pruning_used"": false, ""pruned_hard_compatible_pair_count"": 0, ""solver_status"": ""OPTIMAL"", ""strategy_used"": ""BASELINE_DECOMPOSED""}, {""committed_round_count"": 0, ""fallback_used"": false, ""heuristic_candidate_pruning_used"": false, ""pruned_hard_compatible_pair_count"": 0, ""solver_status"": ""OPTIMAL"", ""strategy_used"": ""BASELINE_DECOMPOSED""}, {""committed_round_count"": 0, ""fallback_used"": false, ""heuristic_candidate_pruning_used"": false, ""pruned_hard_compatible_pair_count"": 0, ""solver_status"": ""OPTIMAL"", ""strategy_used"": ""BASELINE_DECOMPOSED""}, {""committed_round_count"": 0, ""fallback_used"": false, ""heuristic_candidate_pruning_used"": false, ""pruned_hard_compatible_pair_count"": 0, ""solver_status"": ""OPTIMAL"", ""strategy_used"": ""BASELINE_DECOMPOSED""}]","[""COVERED_AREA_COUNT_BELOW_FULL_LOOKAHEAD"", ""SERVICE_ROUNDS_BELOW_FULL_LOOKAHEAD_BY_OVER_10_PERCENT""]","{""boundary_zero_service_rate"": null, ""covered_areas"": 1, ""late_horizon_zero_service_rate"": 1.0, ""minimum_coverage_met"": false, ""non_boundary_zero_service_rate"": 0.9375, ""service_rounds"": 1, ""underserved_points_covered"": 0}",,,,,,0.01,SYNTHETIC_GENERATOR_AND_SYNTHETIC_ROAD_EDGES
tight_budget-16-3-seed20277033,TIGHT_BUDGET,S3_ROLLING_HORIZON_7_21,16,3,,"{""commit_window_days"": 7, ""lookahead_days"": 21, ""planning_window_days"": 28}",3,20277033,8d7efdbde497cd76d4ad68f5c19afaaf4322e0988899490e3f9f1a9925d38ff6,2843.48,12.38,1899.23,0.0,0.0,1.86,1945.81,4599,6871,300,0,OPTIMAL,True,BASELINE_FALLBACK,True,ROLLING_QUALITY_BELOW_FULL_LOOKAHEAD,4,4,12,0,0,0,False,8108,227557,1227557,,True,,,388,78,310,380,8,0,False,0,"[{""committed_round_count"": 1, ""fallback_used"": false, ""heuristic_candidate_pruning_used"": false, ""pruned_hard_compatible_pair_count"": 0, ""solver_status"": ""OPTIMAL"", ""strategy_used"": ""BASELINE_DECOMPOSED""}, {""committed_round_count"": 0, ""fallback_used"": false, ""heuristic_candidate_pruning_used"": false, ""pruned_hard_compatible_pair_count"": 0, ""solver_status"": ""OPTIMAL"", ""strategy_used"": ""BASELINE_DECOMPOSED""}, {""committed_round_count"": 0, ""fallback_used"": false, ""heuristic_candidate_pruning_used"": false, ""pruned_hard_compatible_pair_count"": 0, ""solver_status"": ""OPTIMAL"", ""strategy_used"": ""BASELINE_DECOMPOSED""}, {""committed_round_count"": 0, ""fallback_used"": false, ""heuristic_candidate_pruning_used"": false, ""pruned_hard_compatible_pair_count"": 0, ""solver_status"": ""OPTIMAL"", ""strategy_used"": ""BASELINE_DECOMPOSED""}]","[""COVERED_AREA_COUNT_BELOW_FULL_LOOKAHEAD"", ""SERVICE_ROUNDS_BELOW_FULL_LOOKAHEAD_BY_OVER_10_PERCENT""]","{""boundary_zero_service_rate"": null, ""covered_areas"": 1, ""late_horizon_zero_service_rate"": 1.0, ""minimum_coverage_met"": false, ""non_boundary_zero_service_rate"": 0.9375, ""service_rounds"": 1, ""underserved_points_covered"": 0}",,,,,,0.01,SYNTHETIC_GENERATOR_AND_SYNTHETIC_ROAD_EDGES
tight_budget-16-3-seed20277033,TIGHT_BUDGET,S4_GEOGRAPHIC_ROLLING_7_21,16,3,1,"{""commit_window_days"": 7, ""lookahead_days"": 21, ""planning_window_days"": 28}",1,20277033,8d7efdbde497cd76d4ad68f5c19afaaf4322e0988899490e3f9f1a9925d38ff6,2887.8,29.09,94.14,2188.76,0.0,5.28,4112.17,9051,13506,300,0,OPTIMAL,True,BASELINE_FALLBACK,True,ROLLING_QUALITY_BELOW_FULL_LOOKAHEAD,4,4,12,0,0,0,False,8108,227557,1227557,,True,,,892,121,771,866,26,0,False,0,"[{""committed_round_count"": 2, ""fallback_used"": false, ""heuristic_candidate_pruning_used"": false, ""pruned_hard_compatible_pair_count"": 0, ""solver_status"": ""FEASIBLE"", ""strategy_used"": ""GEOGRAPHIC_CLUSTER""}, {""committed_round_count"": 0, ""fallback_used"": true, ""heuristic_candidate_pruning_used"": false, ""pruned_hard_compatible_pair_count"": 0, ""solver_status"": ""OPTIMAL"", ""strategy_used"": ""BASELINE_FALLBACK""}, {""committed_round_count"": 0, ""fallback_used"": true, ""heuristic_candidate_pruning_used"": false, ""pruned_hard_compatible_pair_count"": 0, ""solver_status"": ""OPTIMAL"", ""strategy_used"": ""BASELINE_FALLBACK""}, {""committed_round_count"": 0, ""fallback_used"": true, ""heuristic_candidate_pruning_used"": false, ""pruned_hard_compatible_pair_count"": 0, ""solver_status"": ""OPTIMAL"", ""strategy_used"": ""BASELINE_FALLBACK""}]","[""COVERED_AREA_COUNT_BELOW_FULL_LOOKAHEAD"", ""SERVICE_ROUNDS_BELOW_FULL_LOOKAHEAD_BY_OVER_10_PERCENT""]","{""boundary_zero_service_rate"": null, ""covered_areas"": 2, ""late_horizon_zero_service_rate"": 1.0, ""minimum_coverage_met"": false, ""non_boundary_zero_service_rate"": 0.875, ""service_rounds"": 2, ""underserved_points_covered"": 0}",,,,,,1797.91,SYNTHETIC_GENERATOR_AND_SYNTHETIC_ROAD_EDGES
tight_budget-16-3-seed20277033,TIGHT_BUDGET,S4_GEOGRAPHIC_ROLLING_7_21,16,3,1,"{""commit_window_days"": 7, ""lookahead_days"": 21, ""planning_window_days"": 28}",2,20277033,8d7efdbde497cd76d4ad68f5c19afaaf4322e0988899490e3f9f1a9925d38ff6,2899.7,28.73,91.73,2180.58,0.0,5.73,4092.14,9051,13506,300,0,OPTIMAL,True,BASELINE_FALLBACK,True,ROLLING_QUALITY_BELOW_FULL_LOOKAHEAD,4,4,12,0,0,0,False,8108,227557,1227557,,True,,,892,121,771,866,26,0,False,0,"[{""committed_round_count"": 2, ""fallback_used"": false, ""heuristic_candidate_pruning_used"": false, ""pruned_hard_compatible_pair_count"": 0, ""solver_status"": ""FEASIBLE"", ""strategy_used"": ""GEOGRAPHIC_CLUSTER""}, {""committed_round_count"": 0, ""fallback_used"": true, ""heuristic_candidate_pruning_used"": false, ""pruned_hard_compatible_pair_count"": 0, ""solver_status"": ""OPTIMAL"", ""strategy_used"": ""BASELINE_FALLBACK""}, {""committed_round_count"": 0, ""fallback_used"": true, ""heuristic_candidate_pruning_used"": false, ""pruned_hard_compatible_pair_count"": 0, ""solver_status"": ""OPTIMAL"", ""strategy_used"": ""BASELINE_FALLBACK""}, {""committed_round_count"": 0, ""fallback_used"": true, ""heuristic_candidate_pruning_used"": false, ""pruned_hard_compatible_pair_count"": 0, ""solver_status"": ""OPTIMAL"", ""strategy_used"": ""BASELINE_FALLBACK""}]","[""COVERED_AREA_COUNT_BELOW_FULL_LOOKAHEAD"", ""SERVICE_ROUNDS_BELOW_FULL_LOOKAHEAD_BY_OVER_10_PERCENT""]","{""boundary_zero_service_rate"": null, ""covered_areas"": 2, ""late_horizon_zero_service_rate"": 1.0, ""minimum_coverage_met"": false, ""non_boundary_zero_service_rate"": 0.875, ""service_rounds"": 2, ""underserved_points_covered"": 0}",,,,,,1788.57,SYNTHETIC_GENERATOR_AND_SYNTHETIC_ROAD_EDGES
tight_budget-16-3-seed20277033,TIGHT_BUDGET,S4_GEOGRAPHIC_ROLLING_7_21,16,3,1,"{""commit_window_days"": 7, ""lookahead_days"": 21, ""planning_window_days"": 28}",3,20277033,8d7efdbde497cd76d4ad68f5c19afaaf4322e0988899490e3f9f1a9925d38ff6,2905.19,28.18,91.77,2186.42,0.0,5.16,4104.75,9051,13506,300,0,OPTIMAL,True,BASELINE_FALLBACK,True,ROLLING_QUALITY_BELOW_FULL_LOOKAHEAD,4,4,12,0,0,0,False,8108,227557,1227557,,True,,,892,121,771,866,26,0,False,0,"[{""committed_round_count"": 2, ""fallback_used"": false, ""heuristic_candidate_pruning_used"": false, ""pruned_hard_compatible_pair_count"": 0, ""solver_status"": ""FEASIBLE"", ""strategy_used"": ""GEOGRAPHIC_CLUSTER""}, {""committed_round_count"": 0, ""fallback_used"": true, ""heuristic_candidate_pruning_used"": false, ""pruned_hard_compatible_pair_count"": 0, ""solver_status"": ""OPTIMAL"", ""strategy_used"": ""BASELINE_FALLBACK""}, {""committed_round_count"": 0, ""fallback_used"": true, ""heuristic_candidate_pruning_used"": false, ""pruned_hard_compatible_pair_count"": 0, ""solver_status"": ""OPTIMAL"", ""strategy_used"": ""BASELINE_FALLBACK""}, {""committed_round_count"": 0, ""fallback_used"": true, ""heuristic_candidate_pruning_used"": false, ""pruned_hard_compatible_pair_count"": 0, ""solver_status"": ""OPTIMAL"", ""strategy_used"": ""BASELINE_FALLBACK""}]","[""COVERED_AREA_COUNT_BELOW_FULL_LOOKAHEAD"", ""SERVICE_ROUNDS_BELOW_FULL_LOOKAHEAD_BY_OVER_10_PERCENT""]","{""boundary_zero_service_rate"": null, ""covered_areas"": 2, ""late_horizon_zero_service_rate"": 1.0, ""minimum_coverage_met"": false, ""non_boundary_zero_service_rate"": 0.875, ""service_rounds"": 2, ""underserved_points_covered"": 0}",,,,,,1791.66,SYNTHETIC_GENERATOR_AND_SYNTHETIC_ROAD_EDGES
provider_shortage-16-3-seed20277034,PROVIDER_SHORTAGE,S3_ROLLING_HORIZON_7_21,16,3,,"{""commit_window_days"": 7, ""lookahead_days"": 21, ""planning_window_days"": 28}",1,20277034,5065282cdf2f3d033ce02690f089349d1370509bed5ec9671848f5e891088d3b,5310.79,12.58,10084.34,0.0,0.0,6.97,8883.66,4768,7386,300,0,TIME_LIMIT,False,BASELINE_FALLBACK,True,ROLLING_QUALITY_BELOW_FULL_LOOKAHEAD,12,12,4,0,0,0,False,21701,609108,4749108,,True,,,526,112,414,492,34,0,False,0,"[{""committed_round_count"": 1, ""fallback_used"": false, ""heuristic_candidate_pruning_used"": false, ""pruned_hard_compatible_pair_count"": 0, ""solver_status"": ""TIME_LIMIT"", ""strategy_used"": ""BASELINE_DECOMPOSED""}, {""committed_round_count"": 2, ""fallback_used"": false, ""heuristic_candidate_pruning_used"": false, ""pruned_hard_compatible_pair_count"": 0, ""solver_status"": ""TIME_LIMIT"", ""strategy_used"": ""BASELINE_DECOMPOSED""}, {""committed_round_count"": 2, ""fallback_used"": false, ""heuristic_candidate_pruning_used"": false, ""pruned_hard_compatible_pair_count"": 0, ""solver_status"": ""FEASIBLE"", ""strategy_used"": ""BASELINE_DECOMPOSED""}, {""committed_round_count"": 5, ""fallback_used"": false, ""heuristic_candidate_pruning_used"": false, ""pruned_hard_compatible_pair_count"": 0, ""solver_status"": ""FEASIBLE"", ""strategy_used"": ""BASELINE_DECOMPOSED""}]","[""COVERED_AREA_COUNT_BELOW_FULL_LOOKAHEAD""]","{""boundary_zero_service_rate"": null, ""covered_areas"": 8, ""late_horizon_zero_service_rate"": 0.6666666666666666, ""minimum_coverage_met"": false, ""non_boundary_zero_service_rate"": 0.5, ""service_rounds"": 10, ""underserved_points_covered"": 0}",,,,,,0.01,SYNTHETIC_GENERATOR_AND_SYNTHETIC_ROAD_EDGES
provider_shortage-16-3-seed20277034,PROVIDER_SHORTAGE,S3_ROLLING_HORIZON_7_21,16,3,,"{""commit_window_days"": 7, ""lookahead_days"": 21, ""planning_window_days"": 28}",2,20277034,5065282cdf2f3d033ce02690f089349d1370509bed5ec9671848f5e891088d3b,5272.87,12.77,10109.4,0.0,0.0,18.98,8919.37,4768,7386,300,0,TIME_LIMIT,False,BASELINE_FALLBACK,True,ROLLING_QUALITY_BELOW_FULL_LOOKAHEAD,12,12,4,0,0,0,False,21701,609108,4749108,,True,,,526,112,414,492,34,0,False,0,"[{""committed_round_count"": 1, ""fallback_used"": false, ""heuristic_candidate_pruning_used"": false, ""pruned_hard_compatible_pair_count"": 0, ""solver_status"": ""TIME_LIMIT"", ""strategy_used"": ""BASELINE_DECOMPOSED""}, {""committed_round_count"": 2, ""fallback_used"": false, ""heuristic_candidate_pruning_used"": false, ""pruned_hard_compatible_pair_count"": 0, ""solver_status"": ""TIME_LIMIT"", ""strategy_used"": ""BASELINE_DECOMPOSED""}, {""committed_round_count"": 2, ""fallback_used"": false, ""heuristic_candidate_pruning_used"": false, ""pruned_hard_compatible_pair_count"": 0, ""solver_status"": ""FEASIBLE"", ""strategy_used"": ""BASELINE_DECOMPOSED""}, {""committed_round_count"": 5, ""fallback_used"": false, ""heuristic_candidate_pruning_used"": false, ""pruned_hard_compatible_pair_count"": 0, ""solver_status"": ""FEASIBLE"", ""strategy_used"": ""BASELINE_DECOMPOSED""}]","[""COVERED_AREA_COUNT_BELOW_FULL_LOOKAHEAD""]","{""boundary_zero_service_rate"": null, ""covered_areas"": 8, ""late_horizon_zero_service_rate"": 0.6666666666666666, ""minimum_coverage_met"": false, ""non_boundary_zero_service_rate"": 0.5, ""service_rounds"": 10, ""underserved_points_covered"": 0}",,,,,,0.01,SYNTHETIC_GENERATOR_AND_SYNTHETIC_ROAD_EDGES
provider_shortage-16-3-seed20277034,PROVIDER_SHORTAGE,S3_ROLLING_HORIZON_7_21,16,3,,"{""commit_window_days"": 7, ""lookahead_days"": 21, ""planning_window_days"": 28}",3,20277034,5065282cdf2f3d033ce02690f089349d1370509bed5ec9671848f5e891088d3b,5260.23,12.2,9882.58,0.0,0.0,6.87,8684.73,4768,7386,300,0,TIME_LIMIT,False,BASELINE_FALLBACK,True,ROLLING_QUALITY_BELOW_FULL_LOOKAHEAD,12,12,4,0,0,0,False,21701,609108,4749108,,True,,,526,112,414,492,34,0,False,0,"[{""committed_round_count"": 1, ""fallback_used"": false, ""heuristic_candidate_pruning_used"": false, ""pruned_hard_compatible_pair_count"": 0, ""solver_status"": ""TIME_LIMIT"", ""strategy_used"": ""BASELINE_DECOMPOSED""}, {""committed_round_count"": 2, ""fallback_used"": false, ""heuristic_candidate_pruning_used"": false, ""pruned_hard_compatible_pair_count"": 0, ""solver_status"": ""TIME_LIMIT"", ""strategy_used"": ""BASELINE_DECOMPOSED""}, {""committed_round_count"": 2, ""fallback_used"": false, ""heuristic_candidate_pruning_used"": false, ""pruned_hard_compatible_pair_count"": 0, ""solver_status"": ""FEASIBLE"", ""strategy_used"": ""BASELINE_DECOMPOSED""}, {""committed_round_count"": 5, ""fallback_used"": false, ""heuristic_candidate_pruning_used"": false, ""pruned_hard_compatible_pair_count"": 0, ""solver_status"": ""FEASIBLE"", ""strategy_used"": ""BASELINE_DECOMPOSED""}]","[""COVERED_AREA_COUNT_BELOW_FULL_LOOKAHEAD""]","{""boundary_zero_service_rate"": null, ""covered_areas"": 8, ""late_horizon_zero_service_rate"": 0.6666666666666666, ""minimum_coverage_met"": false, ""non_boundary_zero_service_rate"": 0.5, ""service_rounds"": 10, ""underserved_points_covered"": 0}",,,,,,0.01,SYNTHETIC_GENERATOR_AND_SYNTHETIC_ROAD_EDGES
provider_shortage-16-3-seed20277034,PROVIDER_SHORTAGE,S4_GEOGRAPHIC_ROLLING_7_21,16,3,1,"{""commit_window_days"": 7, ""lookahead_days"": 21, ""planning_window_days"": 28}",1,20277034,5065282cdf2f3d033ce02690f089349d1370509bed5ec9671848f5e891088d3b,7432.79,33.02,9267.79,6147.56,0.0,14.18,14577.17,9517,14578,300,0,TIME_LIMIT,False,BASELINE_FALLBACK,True,ROLLING_QUALITY_BELOW_FULL_LOOKAHEAD,12,12,4,0,0,0,False,21701,609108,4749108,,True,,,1370,169,1201,1300,70,0,False,0,"[{""committed_round_count"": 4, ""fallback_used"": false, ""heuristic_candidate_pruning_used"": false, ""pruned_hard_compatible_pair_count"": 0, ""solver_status"": ""TIME_LIMIT"", ""strategy_used"": ""GEOGRAPHIC_CLUSTER""}, {""committed_round_count"": 1, ""fallback_used"": true, ""heuristic_candidate_pruning_used"": false, ""pruned_hard_compatible_pair_count"": 0, ""solver_status"": ""FEASIBLE"", ""strategy_used"": ""BASELINE_FALLBACK""}, {""committed_round_count"": 2, ""fallback_used"": false, ""heuristic_candidate_pruning_used"": false, ""pruned_hard_compatible_pair_count"": 0, ""solver_status"": ""FEASIBLE"", ""strategy_used"": ""GEOGRAPHIC_CLUSTER""}, {""committed_round_count"": 5, ""fallback_used"": true, ""heuristic_candidate_pruning_used"": false, ""pruned_hard_compatible_pair_count"": 0, ""solver_status"": ""FEASIBLE"", ""strategy_used"": ""BASELINE_FALLBACK""}]","[""COVERED_AREA_COUNT_BELOW_FULL_LOOKAHEAD""]","{""boundary_zero_service_rate"": null, ""covered_areas"": 11, ""late_horizon_zero_service_rate"": 0.6428571428571429, ""minimum_coverage_met"": false, ""non_boundary_zero_service_rate"": 0.3125, ""service_rounds"": 12, ""underserved_points_covered"": 0}",,,,,,2647.6,SYNTHETIC_GENERATOR_AND_SYNTHETIC_ROAD_EDGES
provider_shortage-16-3-seed20277034,PROVIDER_SHORTAGE,S4_GEOGRAPHIC_ROLLING_7_21,16,3,1,"{""commit_window_days"": 7, ""lookahead_days"": 21, ""planning_window_days"": 28}",2,20277034,5065282cdf2f3d033ce02690f089349d1370509bed5ec9671848f5e891088d3b,7395.6,33.3,9249.83,6123.52,0.0,14.15,14535.21,9517,14578,300,0,TIME_LIMIT,False,BASELINE_FALLBACK,True,ROLLING_QUALITY_BELOW_FULL_LOOKAHEAD,12,12,4,0,0,0,False,21701,609108,4749108,,True,,,1370,169,1201,1300,70,0,False,0,"[{""committed_round_count"": 4, ""fallback_used"": false, ""heuristic_candidate_pruning_used"": false, ""pruned_hard_compatible_pair_count"": 0, ""solver_status"": ""TIME_LIMIT"", ""strategy_used"": ""GEOGRAPHIC_CLUSTER""}, {""committed_round_count"": 1, ""fallback_used"": true, ""heuristic_candidate_pruning_used"": false, ""pruned_hard_compatible_pair_count"": 0, ""solver_status"": ""FEASIBLE"", ""strategy_used"": ""BASELINE_FALLBACK""}, {""committed_round_count"": 2, ""fallback_used"": false, ""heuristic_candidate_pruning_used"": false, ""pruned_hard_compatible_pair_count"": 0, ""solver_status"": ""FEASIBLE"", ""strategy_used"": ""GEOGRAPHIC_CLUSTER""}, {""committed_round_count"": 5, ""fallback_used"": true, ""heuristic_candidate_pruning_used"": false, ""pruned_hard_compatible_pair_count"": 0, ""solver_status"": ""FEASIBLE"", ""strategy_used"": ""BASELINE_FALLBACK""}]","[""COVERED_AREA_COUNT_BELOW_FULL_LOOKAHEAD""]","{""boundary_zero_service_rate"": null, ""covered_areas"": 11, ""late_horizon_zero_service_rate"": 0.6428571428571429, ""minimum_coverage_met"": false, ""non_boundary_zero_service_rate"": 0.3125, ""service_rounds"": 12, ""underserved_points_covered"": 0}",,,,,,2647.71,SYNTHETIC_GENERATOR_AND_SYNTHETIC_ROAD_EDGES
provider_shortage-16-3-seed20277034,PROVIDER_SHORTAGE,S4_GEOGRAPHIC_ROLLING_7_21,16,3,1,"{""commit_window_days"": 7, ""lookahead_days"": 21, ""planning_window_days"": 28}",3,20277034,5065282cdf2f3d033ce02690f089349d1370509bed5ec9671848f5e891088d3b,7510.06,33.01,9258.1,6239.46,0.0,15.63,14653.6,9517,14578,300,0,TIME_LIMIT,False,BASELINE_FALLBACK,True,ROLLING_QUALITY_BELOW_FULL_LOOKAHEAD,12,12,4,0,0,0,False,21701,609108,4749108,,True,,,1370,169,1201,1300,70,0,False,0,"[{""committed_round_count"": 4, ""fallback_used"": false, ""heuristic_candidate_pruning_used"": false, ""pruned_hard_compatible_pair_count"": 0, ""solver_status"": ""TIME_LIMIT"", ""strategy_used"": ""GEOGRAPHIC_CLUSTER""}, {""committed_round_count"": 1, ""fallback_used"": true, ""heuristic_candidate_pruning_used"": false, ""pruned_hard_compatible_pair_count"": 0, ""solver_status"": ""FEASIBLE"", ""strategy_used"": ""BASELINE_FALLBACK""}, {""committed_round_count"": 2, ""fallback_used"": false, ""heuristic_candidate_pruning_used"": false, ""pruned_hard_compatible_pair_count"": 0, ""solver_status"": ""FEASIBLE"", ""strategy_used"": ""GEOGRAPHIC_CLUSTER""}, {""committed_round_count"": 5, ""fallback_used"": true, ""heuristic_candidate_pruning_used"": false, ""pruned_hard_compatible_pair_count"": 0, ""solver_status"": ""FEASIBLE"", ""strategy_used"": ""BASELINE_FALLBACK""}]","[""COVERED_AREA_COUNT_BELOW_FULL_LOOKAHEAD""]","{""boundary_zero_service_rate"": null, ""covered_areas"": 11, ""late_horizon_zero_service_rate"": 0.6428571428571429, ""minimum_coverage_met"": false, ""non_boundary_zero_service_rate"": 0.3125, ""service_rounds"": 12, ""underserved_points_covered"": 0}",,,,,,2640.5,SYNTHETIC_GENERATOR_AND_SYNTHETIC_ROAD_EDGES
remote_areas-16-3-seed20277035,REMOTE_AREAS,S3_ROLLING_HORIZON_7_21,16,3,,"{""commit_window_days"": 7, ""lookahead_days"": 21, ""planning_window_days"": 28}",1,20277035,b958914a4009948a7a5e44c896e4762e7fc0d648461ebb962daeb466a8cc000c,6206.22,8.47,4598.01,0.0,0.0,4.05,4618.64,3542,5554,208,0,OPTIMAL,True,BASELINE_FALLBACK,True,ROLLING_QUALITY_BELOW_FULL_LOOKAHEAD,11,11,5,0,0,0,False,28733,806375,4641375,,True,,,497,91,406,482,15,0,False,0,"[{""committed_round_count"": 3, ""fallback_used"": false, ""heuristic_candidate_pruning_used"": false, ""pruned_hard_compatible_pair_count"": 0, ""solver_status"": ""OPTIMAL"", ""strategy_used"": ""BASELINE_DECOMPOSED""}, {""committed_round_count"": 4, ""fallback_used"": false, ""heuristic_candidate_pruning_used"": false, ""pruned_hard_compatible_pair_count"": 0, ""solver_status"": ""FEASIBLE"", ""strategy_used"": ""BASELINE_DECOMPOSED""}, {""committed_round_count"": 2, ""fallback_used"": false, ""heuristic_candidate_pruning_used"": false, ""pruned_hard_compatible_pair_count"": 0, ""solver_status"": ""OPTIMAL"", ""strategy_used"": ""BASELINE_DECOMPOSED""}, {""committed_round_count"": 0, ""fallback_used"": false, ""heuristic_candidate_pruning_used"": false, ""pruned_hard_compatible_pair_count"": 0, ""solver_status"": ""OPTIMAL"", ""strategy_used"": ""BASELINE_DECOMPOSED""}]","[""COVERED_AREA_COUNT_BELOW_FULL_LOOKAHEAD""]","{""boundary_zero_service_rate"": null, ""covered_areas"": 7, ""late_horizon_zero_service_rate"": 1.0, ""minimum_coverage_met"": false, ""non_boundary_zero_service_rate"": 0.5625, ""service_rounds"": 9, ""underserved_points_covered"": 0}",,,,,,0.01,SYNTHETIC_GENERATOR_AND_SYNTHETIC_ROAD_EDGES
remote_areas-16-3-seed20277035,REMOTE_AREAS,S3_ROLLING_HORIZON_7_21,16,3,,"{""commit_window_days"": 7, ""lookahead_days"": 21, ""planning_window_days"": 28}",2,20277035,b958914a4009948a7a5e44c896e4762e7fc0d648461ebb962daeb466a8cc000c,6145.26,8.57,4554.63,0.0,0.0,3.98,4576.95,3542,5554,208,0,OPTIMAL,True,BASELINE_FALLBACK,True,ROLLING_QUALITY_BELOW_FULL_LOOKAHEAD,11,11,5,0,0,0,False,28733,806375,4641375,,True,,,497,91,406,482,15,0,False,0,"[{""committed_round_count"": 3, ""fallback_used"": false, ""heuristic_candidate_pruning_used"": false, ""pruned_hard_compatible_pair_count"": 0, ""solver_status"": ""OPTIMAL"", ""strategy_used"": ""BASELINE_DECOMPOSED""}, {""committed_round_count"": 4, ""fallback_used"": false, ""heuristic_candidate_pruning_used"": false, ""pruned_hard_compatible_pair_count"": 0, ""solver_status"": ""FEASIBLE"", ""strategy_used"": ""BASELINE_DECOMPOSED""}, {""committed_round_count"": 2, ""fallback_used"": false, ""heuristic_candidate_pruning_used"": false, ""pruned_hard_compatible_pair_count"": 0, ""solver_status"": ""OPTIMAL"", ""strategy_used"": ""BASELINE_DECOMPOSED""}, {""committed_round_count"": 0, ""fallback_used"": false, ""heuristic_candidate_pruning_used"": false, ""pruned_hard_compatible_pair_count"": 0, ""solver_status"": ""OPTIMAL"", ""strategy_used"": ""BASELINE_DECOMPOSED""}]","[""COVERED_AREA_COUNT_BELOW_FULL_LOOKAHEAD""]","{""boundary_zero_service_rate"": null, ""covered_areas"": 7, ""late_horizon_zero_service_rate"": 1.0, ""minimum_coverage_met"": false, ""non_boundary_zero_service_rate"": 0.5625, ""service_rounds"": 9, ""underserved_points_covered"": 0}",,,,,,0.01,SYNTHETIC_GENERATOR_AND_SYNTHETIC_ROAD_EDGES
remote_areas-16-3-seed20277035,REMOTE_AREAS,S3_ROLLING_HORIZON_7_21,16,3,,"{""commit_window_days"": 7, ""lookahead_days"": 21, ""planning_window_days"": 28}",3,20277035,b958914a4009948a7a5e44c896e4762e7fc0d648461ebb962daeb466a8cc000c,6119.95,8.69,4544.47,0.0,0.0,4.12,4576.99,3542,5554,208,0,OPTIMAL,True,BASELINE_FALLBACK,True,ROLLING_QUALITY_BELOW_FULL_LOOKAHEAD,11,11,5,0,0,0,False,28733,806375,4641375,,True,,,497,91,406,482,15,0,False,0,"[{""committed_round_count"": 3, ""fallback_used"": false, ""heuristic_candidate_pruning_used"": false, ""pruned_hard_compatible_pair_count"": 0, ""solver_status"": ""OPTIMAL"", ""strategy_used"": ""BASELINE_DECOMPOSED""}, {""committed_round_count"": 4, ""fallback_used"": false, ""heuristic_candidate_pruning_used"": false, ""pruned_hard_compatible_pair_count"": 0, ""solver_status"": ""FEASIBLE"", ""strategy_used"": ""BASELINE_DECOMPOSED""}, {""committed_round_count"": 2, ""fallback_used"": false, ""heuristic_candidate_pruning_used"": false, ""pruned_hard_compatible_pair_count"": 0, ""solver_status"": ""OPTIMAL"", ""strategy_used"": ""BASELINE_DECOMPOSED""}, {""committed_round_count"": 0, ""fallback_used"": false, ""heuristic_candidate_pruning_used"": false, ""pruned_hard_compatible_pair_count"": 0, ""solver_status"": ""OPTIMAL"", ""strategy_used"": ""BASELINE_DECOMPOSED""}]","[""COVERED_AREA_COUNT_BELOW_FULL_LOOKAHEAD""]","{""boundary_zero_service_rate"": null, ""covered_areas"": 7, ""late_horizon_zero_service_rate"": 1.0, ""minimum_coverage_met"": false, ""non_boundary_zero_service_rate"": 0.5625, ""service_rounds"": 9, ""underserved_points_covered"": 0}",,,,,,0.01,SYNTHETIC_GENERATOR_AND_SYNTHETIC_ROAD_EDGES
remote_areas-16-3-seed20277035,REMOTE_AREAS,S4_GEOGRAPHIC_ROLLING_7_21,16,3,1,"{""commit_window_days"": 7, ""lookahead_days"": 21, ""planning_window_days"": 28}",1,20277035,b958914a4009948a7a5e44c896e4762e7fc0d648461ebb962daeb466a8cc000c,1848.12,15.93,12396.99,3525.19,0.0,6.66,9792.85,5503,8629,208,0,TIME_LIMIT,False,GEOGRAPHIC_ROLLING,False,,10,9,7,0,0,0,False,23360,655557,4715557,,True,,,887,114,773,858,29,0,False,0,"[{""committed_round_count"": 0, ""fallback_used"": false, ""heuristic_candidate_pruning_used"": false, ""pruned_hard_compatible_pair_count"": 0, ""solver_status"": ""TIME_LIMIT"", ""strategy_used"": ""GEOGRAPHIC_CLUSTER""}, {""committed_round_count"": 1, ""fallback_used"": false, ""heuristic_candidate_pruning_used"": false, ""pruned_hard_compatible_pair_count"": 0, ""solver_status"": ""TIME_LIMIT"", ""strategy_used"": ""GEOGRAPHIC_CLUSTER""}, {""committed_round_count"": 5, ""fallback_used"": false, ""heuristic_candidate_pruning_used"": false, ""pruned_hard_compatible_pair_count"": 0, ""solver_status"": ""TIME_LIMIT"", ""strategy_used"": ""GEOGRAPHIC_CLUSTER""}, {""committed_round_count"": 4, ""fallback_used"": false, ""heuristic_candidate_pruning_used"": false, ""pruned_hard_compatible_pair_count"": 0, ""solver_status"": ""FEASIBLE"", ""strategy_used"": ""GEOGRAPHIC_CLUSTER""}]",[],,1.0,0.35714285714285715,0.7333333333333333,1.0,0.35714285714285715,0.01,SYNTHETIC_GENERATOR_AND_SYNTHETIC_ROAD_EDGES
remote_areas-16-3-seed20277035,REMOTE_AREAS,S4_GEOGRAPHIC_ROLLING_7_21,16,3,1,"{""commit_window_days"": 7, ""lookahead_days"": 21, ""planning_window_days"": 28}",2,20277035,b958914a4009948a7a5e44c896e4762e7fc0d648461ebb962daeb466a8cc000c,1833.97,15.96,12384.15,3509.92,0.0,6.43,9770.42,5503,8629,208,0,TIME_LIMIT,False,GEOGRAPHIC_ROLLING,False,,10,9,7,0,0,0,False,23360,655557,4715557,,True,,,887,114,773,858,29,0,False,0,"[{""committed_round_count"": 0, ""fallback_used"": false, ""heuristic_candidate_pruning_used"": false, ""pruned_hard_compatible_pair_count"": 0, ""solver_status"": ""TIME_LIMIT"", ""strategy_used"": ""GEOGRAPHIC_CLUSTER""}, {""committed_round_count"": 1, ""fallback_used"": false, ""heuristic_candidate_pruning_used"": false, ""pruned_hard_compatible_pair_count"": 0, ""solver_status"": ""TIME_LIMIT"", ""strategy_used"": ""GEOGRAPHIC_CLUSTER""}, {""committed_round_count"": 5, ""fallback_used"": false, ""heuristic_candidate_pruning_used"": false, ""pruned_hard_compatible_pair_count"": 0, ""solver_status"": ""TIME_LIMIT"", ""strategy_used"": ""GEOGRAPHIC_CLUSTER""}, {""committed_round_count"": 4, ""fallback_used"": false, ""heuristic_candidate_pruning_used"": false, ""pruned_hard_compatible_pair_count"": 0, ""solver_status"": ""FEASIBLE"", ""strategy_used"": ""GEOGRAPHIC_CLUSTER""}]",[],,1.0,0.35714285714285715,0.7333333333333333,1.0,0.35714285714285715,0.01,SYNTHETIC_GENERATOR_AND_SYNTHETIC_ROAD_EDGES
remote_areas-16-3-seed20277035,REMOTE_AREAS,S4_GEOGRAPHIC_ROLLING_7_21,16,3,1,"{""commit_window_days"": 7, ""lookahead_days"": 21, ""planning_window_days"": 28}",3,20277035,b958914a4009948a7a5e44c896e4762e7fc0d648461ebb962daeb466a8cc000c,1846.42,15.99,12374.86,3525.86,0.0,6.78,9783.86,5503,8629,208,0,TIME_LIMIT,False,GEOGRAPHIC_ROLLING,False,,10,9,7,0,0,0,False,23360,655557,4715557,,True,,,887,114,773,858,29,0,False,0,"[{""committed_round_count"": 0, ""fallback_used"": false, ""heuristic_candidate_pruning_used"": false, ""pruned_hard_compatible_pair_count"": 0, ""solver_status"": ""TIME_LIMIT"", ""strategy_used"": ""GEOGRAPHIC_CLUSTER""}, {""committed_round_count"": 1, ""fallback_used"": false, ""heuristic_candidate_pruning_used"": false, ""pruned_hard_compatible_pair_count"": 0, ""solver_status"": ""TIME_LIMIT"", ""strategy_used"": ""GEOGRAPHIC_CLUSTER""}, {""committed_round_count"": 5, ""fallback_used"": false, ""heuristic_candidate_pruning_used"": false, ""pruned_hard_compatible_pair_count"": 0, ""solver_status"": ""TIME_LIMIT"", ""strategy_used"": ""GEOGRAPHIC_CLUSTER""}, {""committed_round_count"": 4, ""fallback_used"": false, ""heuristic_candidate_pruning_used"": false, ""pruned_hard_compatible_pair_count"": 0, ""solver_status"": ""FEASIBLE"", ""strategy_used"": ""GEOGRAPHIC_CLUSTER""}]",[],,1.0,0.35714285714285715,0.7333333333333333,1.0,0.35714285714285715,0.01,SYNTHETIC_GENERATOR_AND_SYNTHETIC_ROAD_EDGES
many_low_data-16-3-seed20277036,MANY_LOW_DATA,S3_ROLLING_HORIZON_7_21,16,3,,"{""commit_window_days"": 7, ""lookahead_days"": 21, ""planning_window_days"": 28}",1,20277036,2b9d77143906e77e18e353d67c943c023f71f6ef9034ed8f11d7d0056d552bf8,4650.77,11.66,3579.28,0.0,0.0,7.67,3610.61,4438,6747,300,0,OPTIMAL,True,BASELINE_FALLBACK,True,ROLLING_QUALITY_BELOW_FULL_LOOKAHEAD,14,14,2,0,0,0,False,26969,756843,4651843,,True,,,660,128,532,622,38,0,False,0,"[{""committed_round_count"": 4, ""fallback_used"": false, ""heuristic_candidate_pruning_used"": false, ""pruned_hard_compatible_pair_count"": 0, ""solver_status"": ""OPTIMAL"", ""strategy_used"": ""BASELINE_DECOMPOSED""}, {""committed_round_count"": 6, ""fallback_used"": false, ""heuristic_candidate_pruning_used"": false, ""pruned_hard_compatible_pair_count"": 0, ""solver_status"": ""FEASIBLE"", ""strategy_used"": ""BASELINE_DECOMPOSED""}, {""committed_round_count"": 1, ""fallback_used"": false, ""heuristic_candidate_pruning_used"": false, ""pruned_hard_compatible_pair_count"": 0, ""solver_status"": ""OPTIMAL"", ""strategy_used"": ""BASELINE_DECOMPOSED""}, {""committed_round_count"": 5, ""fallback_used"": false, ""heuristic_candidate_pruning_used"": false, ""pruned_hard_compatible_pair_count"": 0, ""solver_status"": ""OPTIMAL"", ""strategy_used"": ""BASELINE_DECOMPOSED""}]","[""COVERED_AREA_COUNT_BELOW_FULL_LOOKAHEAD""]","{""boundary_zero_service_rate"": null, ""covered_areas"": 9, ""late_horizon_zero_service_rate"": 0.6153846153846154, ""minimum_coverage_met"": false, ""non_boundary_zero_service_rate"": 0.4375, ""service_rounds"": 16, ""underserved_points_covered"": 0}",,,,,,0.01,SYNTHETIC_GENERATOR_AND_SYNTHETIC_ROAD_EDGES
many_low_data-16-3-seed20277036,MANY_LOW_DATA,S3_ROLLING_HORIZON_7_21,16,3,,"{""commit_window_days"": 7, ""lookahead_days"": 21, ""planning_window_days"": 28}",2,20277036,2b9d77143906e77e18e353d67c943c023f71f6ef9034ed8f11d7d0056d552bf8,4633.85,12.54,3581.6,0.0,0.0,7.25,3613.4,4438,6747,300,0,OPTIMAL,True,BASELINE_FALLBACK,True,ROLLING_QUALITY_BELOW_FULL_LOOKAHEAD,14,14,2,0,0,0,False,26969,756843,4651843,,True,,,660,128,532,622,38,0,False,0,"[{""committed_round_count"": 4, ""fallback_used"": false, ""heuristic_candidate_pruning_used"": false, ""pruned_hard_compatible_pair_count"": 0, ""solver_status"": ""OPTIMAL"", ""strategy_used"": ""BASELINE_DECOMPOSED""}, {""committed_round_count"": 6, ""fallback_used"": false, ""heuristic_candidate_pruning_used"": false, ""pruned_hard_compatible_pair_count"": 0, ""solver_status"": ""FEASIBLE"", ""strategy_used"": ""BASELINE_DECOMPOSED""}, {""committed_round_count"": 1, ""fallback_used"": false, ""heuristic_candidate_pruning_used"": false, ""pruned_hard_compatible_pair_count"": 0, ""solver_status"": ""OPTIMAL"", ""strategy_used"": ""BASELINE_DECOMPOSED""}, {""committed_round_count"": 5, ""fallback_used"": false, ""heuristic_candidate_pruning_used"": false, ""pruned_hard_compatible_pair_count"": 0, ""solver_status"": ""OPTIMAL"", ""strategy_used"": ""BASELINE_DECOMPOSED""}]","[""COVERED_AREA_COUNT_BELOW_FULL_LOOKAHEAD""]","{""boundary_zero_service_rate"": null, ""covered_areas"": 9, ""late_horizon_zero_service_rate"": 0.6153846153846154, ""minimum_coverage_met"": false, ""non_boundary_zero_service_rate"": 0.4375, ""service_rounds"": 16, ""underserved_points_covered"": 0}",,,,,,0.01,SYNTHETIC_GENERATOR_AND_SYNTHETIC_ROAD_EDGES
many_low_data-16-3-seed20277036,MANY_LOW_DATA,S3_ROLLING_HORIZON_7_21,16,3,,"{""commit_window_days"": 7, ""lookahead_days"": 21, ""planning_window_days"": 28}",3,20277036,2b9d77143906e77e18e353d67c943c023f71f6ef9034ed8f11d7d0056d552bf8,4603.09,12.05,3555.02,0.0,0.0,7.3,3584.35,4438,6747,300,0,OPTIMAL,True,BASELINE_FALLBACK,True,ROLLING_QUALITY_BELOW_FULL_LOOKAHEAD,14,14,2,0,0,0,False,26969,756843,4651843,,True,,,660,128,532,622,38,0,False,0,"[{""committed_round_count"": 4, ""fallback_used"": false, ""heuristic_candidate_pruning_used"": false, ""pruned_hard_compatible_pair_count"": 0, ""solver_status"": ""OPTIMAL"", ""strategy_used"": ""BASELINE_DECOMPOSED""}, {""committed_round_count"": 6, ""fallback_used"": false, ""heuristic_candidate_pruning_used"": false, ""pruned_hard_compatible_pair_count"": 0, ""solver_status"": ""FEASIBLE"", ""strategy_used"": ""BASELINE_DECOMPOSED""}, {""committed_round_count"": 1, ""fallback_used"": false, ""heuristic_candidate_pruning_used"": false, ""pruned_hard_compatible_pair_count"": 0, ""solver_status"": ""OPTIMAL"", ""strategy_used"": ""BASELINE_DECOMPOSED""}, {""committed_round_count"": 5, ""fallback_used"": false, ""heuristic_candidate_pruning_used"": false, ""pruned_hard_compatible_pair_count"": 0, ""solver_status"": ""OPTIMAL"", ""strategy_used"": ""BASELINE_DECOMPOSED""}]","[""COVERED_AREA_COUNT_BELOW_FULL_LOOKAHEAD""]","{""boundary_zero_service_rate"": null, ""covered_areas"": 9, ""late_horizon_zero_service_rate"": 0.6153846153846154, ""minimum_coverage_met"": false, ""non_boundary_zero_service_rate"": 0.4375, ""service_rounds"": 16, ""underserved_points_covered"": 0}",,,,,,0.01,SYNTHETIC_GENERATOR_AND_SYNTHETIC_ROAD_EDGES
many_low_data-16-3-seed20277036,MANY_LOW_DATA,S4_GEOGRAPHIC_ROLLING_7_21,16,3,1,"{""commit_window_days"": 7, ""lookahead_days"": 21, ""planning_window_days"": 28}",1,20277036,2b9d77143906e77e18e353d67c943c023f71f6ef9034ed8f11d7d0056d552bf8,6713.78,30.38,6459.99,5836.06,0.0,11.31,12023.33,8749,13172,300,0,OPTIMAL,True,BASELINE_FALLBACK,True,ROLLING_QUALITY_BELOW_FULL_LOOKAHEAD,14,14,2,0,0,0,False,26969,756843,4651843,,True,,,1511,170,1341,1460,51,0,False,0,"[{""committed_round_count"": 6, ""fallback_used"": false, ""heuristic_candidate_pruning_used"": false, ""pruned_hard_compatible_pair_count"": 0, ""solver_status"": ""TIME_LIMIT"", ""strategy_used"": ""GEOGRAPHIC_CLUSTER""}, {""committed_round_count"": 3, ""fallback_used"": true, ""heuristic_candidate_pruning_used"": false, ""pruned_hard_compatible_pair_count"": 0, ""solver_status"": ""FEASIBLE"", ""strategy_used"": ""BASELINE_FALLBACK""}, {""committed_round_count"": 3, ""fallback_used"": false, ""heuristic_candidate_pruning_used"": false, ""pruned_hard_compatible_pair_count"": 0, ""solver_status"": ""FEASIBLE"", ""strategy_used"": ""GEOGRAPHIC_CLUSTER""}, {""committed_round_count"": 0, ""fallback_used"": true, ""heuristic_candidate_pruning_used"": false, ""pruned_hard_compatible_pair_count"": 0, ""solver_status"": ""OPTIMAL"", ""strategy_used"": ""BASELINE_FALLBACK""}]","[""COVERED_AREA_COUNT_BELOW_FULL_LOOKAHEAD""]","{""boundary_zero_service_rate"": null, ""covered_areas"": 9, ""late_horizon_zero_service_rate"": 1.0, ""minimum_coverage_met"": false, ""non_boundary_zero_service_rate"": 0.4375, ""service_rounds"": 12, ""underserved_points_covered"": 0}",,,,,,2059.49,SYNTHETIC_GENERATOR_AND_SYNTHETIC_ROAD_EDGES
many_low_data-16-3-seed20277036,MANY_LOW_DATA,S4_GEOGRAPHIC_ROLLING_7_21,16,3,1,"{""commit_window_days"": 7, ""lookahead_days"": 21, ""planning_window_days"": 28}",2,20277036,2b9d77143906e77e18e353d67c943c023f71f6ef9034ed8f11d7d0056d552bf8,6718.95,29.45,6413.73,5828.22,0.0,10.47,11986.78,8749,13172,300,0,OPTIMAL,True,BASELINE_FALLBACK,True,ROLLING_QUALITY_BELOW_FULL_LOOKAHEAD,14,14,2,0,0,0,False,26969,756843,4651843,,True,,,1511,170,1341,1460,51,0,False,0,"[{""committed_round_count"": 6, ""fallback_used"": false, ""heuristic_candidate_pruning_used"": false, ""pruned_hard_compatible_pair_count"": 0, ""solver_status"": ""TIME_LIMIT"", ""strategy_used"": ""GEOGRAPHIC_CLUSTER""}, {""committed_round_count"": 3, ""fallback_used"": true, ""heuristic_candidate_pruning_used"": false, ""pruned_hard_compatible_pair_count"": 0, ""solver_status"": ""FEASIBLE"", ""strategy_used"": ""BASELINE_FALLBACK""}, {""committed_round_count"": 3, ""fallback_used"": false, ""heuristic_candidate_pruning_used"": false, ""pruned_hard_compatible_pair_count"": 0, ""solver_status"": ""FEASIBLE"", ""strategy_used"": ""GEOGRAPHIC_CLUSTER""}, {""committed_round_count"": 0, ""fallback_used"": true, ""heuristic_candidate_pruning_used"": false, ""pruned_hard_compatible_pair_count"": 0, ""solver_status"": ""OPTIMAL"", ""strategy_used"": ""BASELINE_FALLBACK""}]","[""COVERED_AREA_COUNT_BELOW_FULL_LOOKAHEAD""]","{""boundary_zero_service_rate"": null, ""covered_areas"": 9, ""late_horizon_zero_service_rate"": 1.0, ""minimum_coverage_met"": false, ""non_boundary_zero_service_rate"": 0.4375, ""service_rounds"": 12, ""underserved_points_covered"": 0}",,,,,,2053.7,SYNTHETIC_GENERATOR_AND_SYNTHETIC_ROAD_EDGES
many_low_data-16-3-seed20277036,MANY_LOW_DATA,S4_GEOGRAPHIC_ROLLING_7_21,16,3,1,"{""commit_window_days"": 7, ""lookahead_days"": 21, ""planning_window_days"": 28}",3,20277036,2b9d77143906e77e18e353d67c943c023f71f6ef9034ed8f11d7d0056d552bf8,6748.93,28.93,6377.71,5818.45,0.0,11.4,11959.19,8749,13172,300,0,OPTIMAL,True,BASELINE_FALLBACK,True,ROLLING_QUALITY_BELOW_FULL_LOOKAHEAD,14,14,2,0,0,0,False,26969,756843,4651843,,True,,,1511,170,1341,1460,51,0,False,0,"[{""committed_round_count"": 6, ""fallback_used"": false, ""heuristic_candidate_pruning_used"": false, ""pruned_hard_compatible_pair_count"": 0, ""solver_status"": ""TIME_LIMIT"", ""strategy_used"": ""GEOGRAPHIC_CLUSTER""}, {""committed_round_count"": 3, ""fallback_used"": true, ""heuristic_candidate_pruning_used"": false, ""pruned_hard_compatible_pair_count"": 0, ""solver_status"": ""FEASIBLE"", ""strategy_used"": ""BASELINE_FALLBACK""}, {""committed_round_count"": 3, ""fallback_used"": false, ""heuristic_candidate_pruning_used"": false, ""pruned_hard_compatible_pair_count"": 0, ""solver_status"": ""FEASIBLE"", ""strategy_used"": ""GEOGRAPHIC_CLUSTER""}, {""committed_round_count"": 0, ""fallback_used"": true, ""heuristic_candidate_pruning_used"": false, ""pruned_hard_compatible_pair_count"": 0, ""solver_status"": ""OPTIMAL"", ""strategy_used"": ""BASELINE_FALLBACK""}]","[""COVERED_AREA_COUNT_BELOW_FULL_LOOKAHEAD""]","{""boundary_zero_service_rate"": null, ""covered_areas"": 9, ""late_horizon_zero_service_rate"": 1.0, ""minimum_coverage_met"": false, ""non_boundary_zero_service_rate"": 0.4375, ""service_rounds"": 12, ""underserved_points_covered"": 0}",,,,,,2059.17,SYNTHETIC_GENERATOR_AND_SYNTHETIC_ROAD_EDGES
home_repair_mixed-16-3-seed20277037,HOME_REPAIR_MIXED,S3_ROLLING_HORIZON_7_21,16,3,,"{""commit_window_days"": 7, ""lookahead_days"": 21, ""planning_window_days"": 28}",1,20277037,f8c61f7af3aae1d31f2994683399f34025dc8b7a767fc3eb33f3450dc4cc9904,3209.73,11.2,2385.38,0.0,0.0,5.91,2426.08,4006,6214,280,0,OPTIMAL,True,BASELINE_FALLBACK,True,ROLLING_QUALITY_BELOW_FULL_LOOKAHEAD,13,13,3,0,0,0,False,24201,679250,4704250,,True,,,467,108,359,438,29,0,False,0,"[{""committed_round_count"": 3, ""fallback_used"": false, ""heuristic_candidate_pruning_used"": false, ""pruned_hard_compatible_pair_count"": 0, ""solver_status"": ""OPTIMAL"", ""strategy_used"": ""BASELINE_DECOMPOSED""}, {""committed_round_count"": 4, ""fallback_used"": false, ""heuristic_candidate_pruning_used"": false, ""pruned_hard_compatible_pair_count"": 0, ""solver_status"": ""FEASIBLE"", ""strategy_used"": ""BASELINE_DECOMPOSED""}, {""committed_round_count"": 2, ""fallback_used"": false, ""heuristic_candidate_pruning_used"": false, ""pruned_hard_compatible_pair_count"": 0, ""solver_status"": ""FEASIBLE"", ""strategy_used"": ""BASELINE_DECOMPOSED""}, {""committed_round_count"": 2, ""fallback_used"": false, ""heuristic_candidate_pruning_used"": false, ""pruned_hard_compatible_pair_count"": 0, ""solver_status"": ""OPTIMAL"", ""strategy_used"": ""BASELINE_DECOMPOSED""}]","[""COVERED_AREA_COUNT_BELOW_FULL_LOOKAHEAD""]","{""boundary_zero_service_rate"": null, ""covered_areas"": 8, ""late_horizon_zero_service_rate"": 0.8, ""minimum_coverage_met"": false, ""non_boundary_zero_service_rate"": 0.5, ""service_rounds"": 11, ""underserved_points_covered"": 0}",,,,,,0.01,SYNTHETIC_GENERATOR_AND_SYNTHETIC_ROAD_EDGES
home_repair_mixed-16-3-seed20277037,HOME_REPAIR_MIXED,S3_ROLLING_HORIZON_7_21,16,3,,"{""commit_window_days"": 7, ""lookahead_days"": 21, ""planning_window_days"": 28}",2,20277037,f8c61f7af3aae1d31f2994683399f34025dc8b7a767fc3eb33f3450dc4cc9904,3249.86,11.38,2411.77,0.0,0.0,5.97,2453.06,4006,6214,280,0,OPTIMAL,True,BASELINE_FALLBACK,True,ROLLING_QUALITY_BELOW_FULL_LOOKAHEAD,13,13,3,0,0,0,False,24201,679250,4704250,,True,,,467,108,359,438,29,0,False,0,"[{""committed_round_count"": 3, ""fallback_used"": false, ""heuristic_candidate_pruning_used"": false, ""pruned_hard_compatible_pair_count"": 0, ""solver_status"": ""OPTIMAL"", ""strategy_used"": ""BASELINE_DECOMPOSED""}, {""committed_round_count"": 4, ""fallback_used"": false, ""heuristic_candidate_pruning_used"": false, ""pruned_hard_compatible_pair_count"": 0, ""solver_status"": ""FEASIBLE"", ""strategy_used"": ""BASELINE_DECOMPOSED""}, {""committed_round_count"": 2, ""fallback_used"": false, ""heuristic_candidate_pruning_used"": false, ""pruned_hard_compatible_pair_count"": 0, ""solver_status"": ""FEASIBLE"", ""strategy_used"": ""BASELINE_DECOMPOSED""}, {""committed_round_count"": 2, ""fallback_used"": false, ""heuristic_candidate_pruning_used"": false, ""pruned_hard_compatible_pair_count"": 0, ""solver_status"": ""OPTIMAL"", ""strategy_used"": ""BASELINE_DECOMPOSED""}]","[""COVERED_AREA_COUNT_BELOW_FULL_LOOKAHEAD""]","{""boundary_zero_service_rate"": null, ""covered_areas"": 8, ""late_horizon_zero_service_rate"": 0.8, ""minimum_coverage_met"": false, ""non_boundary_zero_service_rate"": 0.5, ""service_rounds"": 11, ""underserved_points_covered"": 0}",,,,,,0.01,SYNTHETIC_GENERATOR_AND_SYNTHETIC_ROAD_EDGES
home_repair_mixed-16-3-seed20277037,HOME_REPAIR_MIXED,S3_ROLLING_HORIZON_7_21,16,3,,"{""commit_window_days"": 7, ""lookahead_days"": 21, ""planning_window_days"": 28}",3,20277037,f8c61f7af3aae1d31f2994683399f34025dc8b7a767fc3eb33f3450dc4cc9904,3185.64,11.21,2375.32,0.0,0.0,6.24,2415.25,4006,6214,280,0,OPTIMAL,True,BASELINE_FALLBACK,True,ROLLING_QUALITY_BELOW_FULL_LOOKAHEAD,13,13,3,0,0,0,False,24201,679250,4704250,,True,,,467,108,359,438,29,0,False,0,"[{""committed_round_count"": 3, ""fallback_used"": false, ""heuristic_candidate_pruning_used"": false, ""pruned_hard_compatible_pair_count"": 0, ""solver_status"": ""OPTIMAL"", ""strategy_used"": ""BASELINE_DECOMPOSED""}, {""committed_round_count"": 4, ""fallback_used"": false, ""heuristic_candidate_pruning_used"": false, ""pruned_hard_compatible_pair_count"": 0, ""solver_status"": ""FEASIBLE"", ""strategy_used"": ""BASELINE_DECOMPOSED""}, {""committed_round_count"": 2, ""fallback_used"": false, ""heuristic_candidate_pruning_used"": false, ""pruned_hard_compatible_pair_count"": 0, ""solver_status"": ""FEASIBLE"", ""strategy_used"": ""BASELINE_DECOMPOSED""}, {""committed_round_count"": 2, ""fallback_used"": false, ""heuristic_candidate_pruning_used"": false, ""pruned_hard_compatible_pair_count"": 0, ""solver_status"": ""OPTIMAL"", ""strategy_used"": ""BASELINE_DECOMPOSED""}]","[""COVERED_AREA_COUNT_BELOW_FULL_LOOKAHEAD""]","{""boundary_zero_service_rate"": null, ""covered_areas"": 8, ""late_horizon_zero_service_rate"": 0.8, ""minimum_coverage_met"": false, ""non_boundary_zero_service_rate"": 0.5, ""service_rounds"": 11, ""underserved_points_covered"": 0}",,,,,,0.01,SYNTHETIC_GENERATOR_AND_SYNTHETIC_ROAD_EDGES
home_repair_mixed-16-3-seed20277037,HOME_REPAIR_MIXED,S4_GEOGRAPHIC_ROLLING_7_21,16,3,1,"{""commit_window_days"": 7, ""lookahead_days"": 21, ""planning_window_days"": 28}",1,20277037,f8c61f7af3aae1d31f2994683399f34025dc8b7a767fc3eb33f3450dc4cc9904,9502.01,29.95,5836.33,6292.16,0.0,13.89,12072.04,8430,12917,280,0,OPTIMAL,True,BASELINE_FALLBACK,True,ROLLING_QUALITY_BELOW_FULL_LOOKAHEAD,13,13,3,0,0,0,False,24201,679250,4704250,,True,,,1300,154,1146,1234,66,0,False,0,"[{""committed_round_count"": 4, ""fallback_used"": false, ""heuristic_candidate_pruning_used"": false, ""pruned_hard_compatible_pair_count"": 0, ""solver_status"": ""TIME_LIMIT"", ""strategy_used"": ""GEOGRAPHIC_CLUSTER""}, {""committed_round_count"": 2, ""fallback_used"": true, ""heuristic_candidate_pruning_used"": false, ""pruned_hard_compatible_pair_count"": 0, ""solver_status"": ""FEASIBLE"", ""strategy_used"": ""BASELINE_FALLBACK""}, {""committed_round_count"": 4, ""fallback_used"": true, ""heuristic_candidate_pruning_used"": false, ""pruned_hard_compatible_pair_count"": 0, ""solver_status"": ""FEASIBLE"", ""strategy_used"": ""BASELINE_FALLBACK""}, {""committed_round_count"": 2, ""fallback_used"": true, ""heuristic_candidate_pruning_used"": false, ""pruned_hard_compatible_pair_count"": 0, ""solver_status"": ""FEASIBLE"", ""strategy_used"": ""BASELINE_FALLBACK""}]","[""COVERED_AREA_COUNT_BELOW_FULL_LOOKAHEAD""]","{""boundary_zero_service_rate"": null, ""covered_areas"": 10, ""late_horizon_zero_service_rate"": 0.8, ""minimum_coverage_met"": false, ""non_boundary_zero_service_rate"": 0.375, ""service_rounds"": 12, ""underserved_points_covered"": 0}",,,,,,2202.97,SYNTHETIC_GENERATOR_AND_SYNTHETIC_ROAD_EDGES
home_repair_mixed-16-3-seed20277037,HOME_REPAIR_MIXED,S4_GEOGRAPHIC_ROLLING_7_21,16,3,1,"{""commit_window_days"": 7, ""lookahead_days"": 21, ""planning_window_days"": 28}",2,20277037,f8c61f7af3aae1d31f2994683399f34025dc8b7a767fc3eb33f3450dc4cc9904,9568.37,31.34,5818.71,6320.97,0.0,14.39,12092.79,8430,12917,280,0,OPTIMAL,True,BASELINE_FALLBACK,True,ROLLING_QUALITY_BELOW_FULL_LOOKAHEAD,13,13,3,0,0,0,False,24201,679250,4704250,,True,,,1300,154,1146,1234,66,0,False,0,"[{""committed_round_count"": 4, ""fallback_used"": false, ""heuristic_candidate_pruning_used"": false, ""pruned_hard_compatible_pair_count"": 0, ""solver_status"": ""TIME_LIMIT"", ""strategy_used"": ""GEOGRAPHIC_CLUSTER""}, {""committed_round_count"": 2, ""fallback_used"": true, ""heuristic_candidate_pruning_used"": false, ""pruned_hard_compatible_pair_count"": 0, ""solver_status"": ""FEASIBLE"", ""strategy_used"": ""BASELINE_FALLBACK""}, {""committed_round_count"": 4, ""fallback_used"": true, ""heuristic_candidate_pruning_used"": false, ""pruned_hard_compatible_pair_count"": 0, ""solver_status"": ""FEASIBLE"", ""strategy_used"": ""BASELINE_FALLBACK""}, {""committed_round_count"": 2, ""fallback_used"": true, ""heuristic_candidate_pruning_used"": false, ""pruned_hard_compatible_pair_count"": 0, ""solver_status"": ""FEASIBLE"", ""strategy_used"": ""BASELINE_FALLBACK""}]","[""COVERED_AREA_COUNT_BELOW_FULL_LOOKAHEAD""]","{""boundary_zero_service_rate"": null, ""covered_areas"": 10, ""late_horizon_zero_service_rate"": 0.8, ""minimum_coverage_met"": false, ""non_boundary_zero_service_rate"": 0.375, ""service_rounds"": 12, ""underserved_points_covered"": 0}",,,,,,2201.51,SYNTHETIC_GENERATOR_AND_SYNTHETIC_ROAD_EDGES
home_repair_mixed-16-3-seed20277037,HOME_REPAIR_MIXED,S4_GEOGRAPHIC_ROLLING_7_21,16,3,1,"{""commit_window_days"": 7, ""lookahead_days"": 21, ""planning_window_days"": 28}",3,20277037,f8c61f7af3aae1d31f2994683399f34025dc8b7a767fc3eb33f3450dc4cc9904,9474.71,42.04,5838.96,6249.0,0.0,13.62,12032.09,8430,12917,280,0,OPTIMAL,True,BASELINE_FALLBACK,True,ROLLING_QUALITY_BELOW_FULL_LOOKAHEAD,13,13,3,0,0,0,False,24201,679250,4704250,,True,,,1300,154,1146,1234,66,0,False,0,"[{""committed_round_count"": 4, ""fallback_used"": false, ""heuristic_candidate_pruning_used"": false, ""pruned_hard_compatible_pair_count"": 0, ""solver_status"": ""TIME_LIMIT"", ""strategy_used"": ""GEOGRAPHIC_CLUSTER""}, {""committed_round_count"": 2, ""fallback_used"": true, ""heuristic_candidate_pruning_used"": false, ""pruned_hard_compatible_pair_count"": 0, ""solver_status"": ""FEASIBLE"", ""strategy_used"": ""BASELINE_FALLBACK""}, {""committed_round_count"": 4, ""fallback_used"": true, ""heuristic_candidate_pruning_used"": false, ""pruned_hard_compatible_pair_count"": 0, ""solver_status"": ""FEASIBLE"", ""strategy_used"": ""BASELINE_FALLBACK""}, {""committed_round_count"": 2, ""fallback_used"": true, ""heuristic_candidate_pruning_used"": false, ""pruned_hard_compatible_pair_count"": 0, ""solver_status"": ""FEASIBLE"", ""strategy_used"": ""BASELINE_FALLBACK""}]","[""COVERED_AREA_COUNT_BELOW_FULL_LOOKAHEAD""]","{""boundary_zero_service_rate"": null, ""covered_areas"": 10, ""late_horizon_zero_service_rate"": 0.8, ""minimum_coverage_met"": false, ""non_boundary_zero_service_rate"": 0.375, ""service_rounds"": 12, ""underserved_points_covered"": 0}",,,,,,2193.24,SYNTHETIC_GENERATOR_AND_SYNTHETIC_ROAD_EDGES
mass_decline-16-3-seed20277038,MASS_DECLINE,S3_ROLLING_HORIZON_7_21,16,3,,"{""commit_window_days"": 7, ""lookahead_days"": 21, ""planning_window_days"": 28}",1,20277038,2635992a9d347593c649b150b2d4f311fe18900efebf39b5da0cde42af817e10,59.87,9.05,107.08,0.0,0.0,7.4,160.24,3232,4811,132,0,FEASIBLE,False,ROLLING_HORIZON,False,,11,11,5,0,0,0,False,19263,540583,4605583,,True,,,499,121,378,460,39,0,False,0,"[{""committed_round_count"": 1, ""fallback_used"": false, ""heuristic_candidate_pruning_used"": false, ""pruned_hard_compatible_pair_count"": 0, ""solver_status"": ""OPTIMAL"", ""strategy_used"": ""BASELINE_DECOMPOSED""}, {""committed_round_count"": 1, ""fallback_used"": false, ""heuristic_candidate_pruning_used"": false, ""pruned_hard_compatible_pair_count"": 0, ""solver_status"": ""OPTIMAL"", ""strategy_used"": ""BASELINE_DECOMPOSED""}, {""committed_round_count"": 2, ""fallback_used"": false, ""heuristic_candidate_pruning_used"": false, ""pruned_hard_compatible_pair_count"": 0, ""solver_status"": ""OPTIMAL"", ""strategy_used"": ""BASELINE_DECOMPOSED""}, {""committed_round_count"": 7, ""fallback_used"": false, ""heuristic_candidate_pruning_used"": false, ""pruned_hard_compatible_pair_count"": 0, ""solver_status"": ""OPTIMAL"", ""strategy_used"": ""BASELINE_DECOMPOSED""}]",[],,,0.3125,0.4166666666666667,,0.3125,0.01,SYNTHETIC_GENERATOR_AND_SYNTHETIC_ROAD_EDGES
mass_decline-16-3-seed20277038,MASS_DECLINE,S3_ROLLING_HORIZON_7_21,16,3,,"{""commit_window_days"": 7, ""lookahead_days"": 21, ""planning_window_days"": 28}",2,20277038,2635992a9d347593c649b150b2d4f311fe18900efebf39b5da0cde42af817e10,59.35,9.3,104.88,0.0,0.0,7.34,157.29,3232,4811,132,0,FEASIBLE,False,ROLLING_HORIZON,False,,11,11,5,0,0,0,False,19263,540583,4605583,,True,,,499,121,378,460,39,0,False,0,"[{""committed_round_count"": 1, ""fallback_used"": false, ""heuristic_candidate_pruning_used"": false, ""pruned_hard_compatible_pair_count"": 0, ""solver_status"": ""OPTIMAL"", ""strategy_used"": ""BASELINE_DECOMPOSED""}, {""committed_round_count"": 1, ""fallback_used"": false, ""heuristic_candidate_pruning_used"": false, ""pruned_hard_compatible_pair_count"": 0, ""solver_status"": ""OPTIMAL"", ""strategy_used"": ""BASELINE_DECOMPOSED""}, {""committed_round_count"": 2, ""fallback_used"": false, ""heuristic_candidate_pruning_used"": false, ""pruned_hard_compatible_pair_count"": 0, ""solver_status"": ""OPTIMAL"", ""strategy_used"": ""BASELINE_DECOMPOSED""}, {""committed_round_count"": 7, ""fallback_used"": false, ""heuristic_candidate_pruning_used"": false, ""pruned_hard_compatible_pair_count"": 0, ""solver_status"": ""OPTIMAL"", ""strategy_used"": ""BASELINE_DECOMPOSED""}]",[],,,0.3125,0.4166666666666667,,0.3125,0.01,SYNTHETIC_GENERATOR_AND_SYNTHETIC_ROAD_EDGES
mass_decline-16-3-seed20277038,MASS_DECLINE,S3_ROLLING_HORIZON_7_21,16,3,,"{""commit_window_days"": 7, ""lookahead_days"": 21, ""planning_window_days"": 28}",3,20277038,2635992a9d347593c649b150b2d4f311fe18900efebf39b5da0cde42af817e10,60.14,9.05,105.87,0.0,0.0,8.03,160.28,3232,4811,132,0,FEASIBLE,False,ROLLING_HORIZON,False,,11,11,5,0,0,0,False,19263,540583,4605583,,True,,,499,121,378,460,39,0,False,0,"[{""committed_round_count"": 1, ""fallback_used"": false, ""heuristic_candidate_pruning_used"": false, ""pruned_hard_compatible_pair_count"": 0, ""solver_status"": ""OPTIMAL"", ""strategy_used"": ""BASELINE_DECOMPOSED""}, {""committed_round_count"": 1, ""fallback_used"": false, ""heuristic_candidate_pruning_used"": false, ""pruned_hard_compatible_pair_count"": 0, ""solver_status"": ""OPTIMAL"", ""strategy_used"": ""BASELINE_DECOMPOSED""}, {""committed_round_count"": 2, ""fallback_used"": false, ""heuristic_candidate_pruning_used"": false, ""pruned_hard_compatible_pair_count"": 0, ""solver_status"": ""OPTIMAL"", ""strategy_used"": ""BASELINE_DECOMPOSED""}, {""committed_round_count"": 7, ""fallback_used"": false, ""heuristic_candidate_pruning_used"": false, ""pruned_hard_compatible_pair_count"": 0, ""solver_status"": ""OPTIMAL"", ""strategy_used"": ""BASELINE_DECOMPOSED""}]",[],,,0.3125,0.4166666666666667,,0.3125,0.01,SYNTHETIC_GENERATOR_AND_SYNTHETIC_ROAD_EDGES
mass_decline-16-3-seed20277038,MASS_DECLINE,S4_GEOGRAPHIC_ROLLING_7_21,16,3,3,"{""commit_window_days"": 7, ""lookahead_days"": 21, ""planning_window_days"": 28}",1,20277038,2635992a9d347593c649b150b2d4f311fe18900efebf39b5da0cde42af817e10,88.71,21.6,452.55,40.9,0.0,8.22,391.86,6231,9285,132,0,OPTIMAL,True,BASELINE_FALLBACK,True,ROLLING_QUALITY_BELOW_FULL_LOOKAHEAD,11,11,5,0,0,0,False,18163,509720,4574720,,True,,,775,124,651,732,43,0,False,0,"[{""committed_round_count"": 4, ""fallback_used"": false, ""heuristic_candidate_pruning_used"": false, ""pruned_hard_compatible_pair_count"": 0, ""solver_status"": ""FEASIBLE"", ""strategy_used"": ""GEOGRAPHIC_CLUSTER""}, {""committed_round_count"": 4, ""fallback_used"": false, ""heuristic_candidate_pruning_used"": false, ""pruned_hard_compatible_pair_count"": 0, ""solver_status"": ""FEASIBLE"", ""strategy_used"": ""GEOGRAPHIC_CLUSTER""}, {""committed_round_count"": 2, ""fallback_used"": false, ""heuristic_candidate_pruning_used"": false, ""pruned_hard_compatible_pair_count"": 0, ""solver_status"": ""FEASIBLE"", ""strategy_used"": ""GEOGRAPHIC_CLUSTER""}, {""committed_round_count"": 0, ""fallback_used"": true, ""heuristic_candidate_pruning_used"": false, ""pruned_hard_compatible_pair_count"": 0, ""solver_status"": ""OPTIMAL"", ""strategy_used"": ""BASELINE_FALLBACK""}]","[""COVERED_AREA_COUNT_BELOW_FULL_LOOKAHEAD""]","{""boundary_zero_service_rate"": null, ""covered_areas"": 10, ""late_horizon_zero_service_rate"": 1.0, ""minimum_coverage_met"": false, ""non_boundary_zero_service_rate"": 0.375, ""service_rounds"": 10, ""underserved_points_covered"": 0}",,,,,,49.44,SYNTHETIC_GENERATOR_AND_SYNTHETIC_ROAD_EDGES
mass_decline-16-3-seed20277038,MASS_DECLINE,S4_GEOGRAPHIC_ROLLING_7_21,16,3,3,"{""commit_window_days"": 7, ""lookahead_days"": 21, ""planning_window_days"": 28}",2,20277038,2635992a9d347593c649b150b2d4f311fe18900efebf39b5da0cde42af817e10,90.85,21.98,447.37,41.79,0.0,8.51,391.2,6231,9285,132,0,OPTIMAL,True,BASELINE_FALLBACK,True,ROLLING_QUALITY_BELOW_FULL_LOOKAHEAD,11,11,5,0,0,0,False,18163,509720,4574720,,True,,,775,124,651,732,43,0,False,0,"[{""committed_round_count"": 4, ""fallback_used"": false, ""heuristic_candidate_pruning_used"": false, ""pruned_hard_compatible_pair_count"": 0, ""solver_status"": ""FEASIBLE"", ""strategy_used"": ""GEOGRAPHIC_CLUSTER""}, {""committed_round_count"": 4, ""fallback_used"": false, ""heuristic_candidate_pruning_used"": false, ""pruned_hard_compatible_pair_count"": 0, ""solver_status"": ""FEASIBLE"", ""strategy_used"": ""GEOGRAPHIC_CLUSTER""}, {""committed_round_count"": 2, ""fallback_used"": false, ""heuristic_candidate_pruning_used"": false, ""pruned_hard_compatible_pair_count"": 0, ""solver_status"": ""FEASIBLE"", ""strategy_used"": ""GEOGRAPHIC_CLUSTER""}, {""committed_round_count"": 0, ""fallback_used"": true, ""heuristic_candidate_pruning_used"": false, ""pruned_hard_compatible_pair_count"": 0, ""solver_status"": ""OPTIMAL"", ""strategy_used"": ""BASELINE_FALLBACK""}]","[""COVERED_AREA_COUNT_BELOW_FULL_LOOKAHEAD""]","{""boundary_zero_service_rate"": null, ""covered_areas"": 10, ""late_horizon_zero_service_rate"": 1.0, ""minimum_coverage_met"": false, ""non_boundary_zero_service_rate"": 0.375, ""service_rounds"": 10, ""underserved_points_covered"": 0}",,,,,,50.79,SYNTHETIC_GENERATOR_AND_SYNTHETIC_ROAD_EDGES
mass_decline-16-3-seed20277038,MASS_DECLINE,S4_GEOGRAPHIC_ROLLING_7_21,16,3,3,"{""commit_window_days"": 7, ""lookahead_days"": 21, ""planning_window_days"": 28}",3,20277038,2635992a9d347593c649b150b2d4f311fe18900efebf39b5da0cde42af817e10,92.54,23.28,450.1,40.42,0.0,9.14,396.37,6231,9285,132,0,OPTIMAL,True,BASELINE_FALLBACK,True,ROLLING_QUALITY_BELOW_FULL_LOOKAHEAD,11,11,5,0,0,0,False,18163,509720,4574720,,True,,,775,124,651,732,43,0,False,0,"[{""committed_round_count"": 4, ""fallback_used"": false, ""heuristic_candidate_pruning_used"": false, ""pruned_hard_compatible_pair_count"": 0, ""solver_status"": ""FEASIBLE"", ""strategy_used"": ""GEOGRAPHIC_CLUSTER""}, {""committed_round_count"": 4, ""fallback_used"": false, ""heuristic_candidate_pruning_used"": false, ""pruned_hard_compatible_pair_count"": 0, ""solver_status"": ""FEASIBLE"", ""strategy_used"": ""GEOGRAPHIC_CLUSTER""}, {""committed_round_count"": 2, ""fallback_used"": false, ""heuristic_candidate_pruning_used"": false, ""pruned_hard_compatible_pair_count"": 0, ""solver_status"": ""FEASIBLE"", ""strategy_used"": ""GEOGRAPHIC_CLUSTER""}, {""committed_round_count"": 0, ""fallback_used"": true, ""heuristic_candidate_pruning_used"": false, ""pruned_hard_compatible_pair_count"": 0, ""solver_status"": ""OPTIMAL"", ""strategy_used"": ""BASELINE_FALLBACK""}]","[""COVERED_AREA_COUNT_BELOW_FULL_LOOKAHEAD""]","{""boundary_zero_service_rate"": null, ""covered_areas"": 10, ""late_horizon_zero_service_rate"": 1.0, ""minimum_coverage_met"": false, ""non_boundary_zero_service_rate"": 0.375, ""service_rounds"": 10, ""underserved_points_covered"": 0}",,,,,,52.23,SYNTHETIC_GENERATOR_AND_SYNTHETIC_ROAD_EDGES
normal-30-5-seed20291052,NORMAL,S3_ROLLING_HORIZON_7_21,30,5,,"{""commit_window_days"": 7, ""lookahead_days"": 21, ""planning_window_days"": 28}",1,20291052,57fd2652ced2007ac4001a3f0c8177ec6a1ac3a94ecebec923c09ecfe746be68,10668.13,35.59,15252.76,0.0,0.0,12.85,13903.18,8756,13279,880,0,TIME_LIMIT,False,BASELINE_FALLBACK,True,ROLLING_QUALITY_BELOW_FULL_LOOKAHEAD,28,28,2,0,0,0,False,44990,1262652,8727652,,True,,,1652,360,1292,1584,68,0,False,0,"[{""committed_round_count"": 15, ""fallback_used"": false, ""heuristic_candidate_pruning_used"": false, ""pruned_hard_compatible_pair_count"": 0, ""solver_status"": ""TIME_LIMIT"", ""strategy_used"": ""BASELINE_DECOMPOSED""}, {""committed_round_count"": 3, ""fallback_used"": false, ""heuristic_candidate_pruning_used"": false, ""pruned_hard_compatible_pair_count"": 0, ""solver_status"": ""TIME_LIMIT"", ""strategy_used"": ""BASELINE_DECOMPOSED""}, {""committed_round_count"": 4, ""fallback_used"": false, ""heuristic_candidate_pruning_used"": false, ""pruned_hard_compatible_pair_count"": 0, ""solver_status"": ""TIME_LIMIT"", ""strategy_used"": ""BASELINE_DECOMPOSED""}, {""committed_round_count"": 7, ""fallback_used"": false, ""heuristic_candidate_pruning_used"": false, ""pruned_hard_compatible_pair_count"": 0, ""solver_status"": ""FEASIBLE"", ""strategy_used"": ""BASELINE_DECOMPOSED""}]","[""COVERED_AREA_COUNT_BELOW_FULL_LOOKAHEAD""]","{""boundary_zero_service_rate"": null, ""covered_areas"": 22, ""late_horizon_zero_service_rate"": 0.6956521739130435, ""minimum_coverage_met"": false, ""non_boundary_zero_service_rate"": 0.26666666666666666, ""service_rounds"": 29, ""underserved_points_covered"": 0}",,,,,,0.01,SYNTHETIC_GENERATOR_AND_SYNTHETIC_ROAD_EDGES
normal-30-5-seed20291052,NORMAL,S3_ROLLING_HORIZON_7_21,30,5,,"{""commit_window_days"": 7, ""lookahead_days"": 21, ""planning_window_days"": 28}",2,20291052,57fd2652ced2007ac4001a3f0c8177ec6a1ac3a94ecebec923c09ecfe746be68,10798.44,35.84,15352.06,0.0,0.0,12.32,14001.31,8756,13279,880,0,TIME_LIMIT,False,BASELINE_FALLBACK,True,ROLLING_QUALITY_BELOW_FULL_LOOKAHEAD,28,28,2,0,0,0,False,44990,1262652,8727652,,True,,,1652,360,1292,1584,68,0,False,0,"[{""committed_round_count"": 15, ""fallback_used"": false, ""heuristic_candidate_pruning_used"": false, ""pruned_hard_compatible_pair_count"": 0, ""solver_status"": ""TIME_LIMIT"", ""strategy_used"": ""BASELINE_DECOMPOSED""}, {""committed_round_count"": 3, ""fallback_used"": false, ""heuristic_candidate_pruning_used"": false, ""pruned_hard_compatible_pair_count"": 0, ""solver_status"": ""TIME_LIMIT"", ""strategy_used"": ""BASELINE_DECOMPOSED""}, {""committed_round_count"": 4, ""fallback_used"": false, ""heuristic_candidate_pruning_used"": false, ""pruned_hard_compatible_pair_count"": 0, ""solver_status"": ""TIME_LIMIT"", ""strategy_used"": ""BASELINE_DECOMPOSED""}, {""committed_round_count"": 7, ""fallback_used"": false, ""heuristic_candidate_pruning_used"": false, ""pruned_hard_compatible_pair_count"": 0, ""solver_status"": ""FEASIBLE"", ""strategy_used"": ""BASELINE_DECOMPOSED""}]","[""COVERED_AREA_COUNT_BELOW_FULL_LOOKAHEAD""]","{""boundary_zero_service_rate"": null, ""covered_areas"": 22, ""late_horizon_zero_service_rate"": 0.6956521739130435, ""minimum_coverage_met"": false, ""non_boundary_zero_service_rate"": 0.26666666666666666, ""service_rounds"": 29, ""underserved_points_covered"": 0}",,,,,,0.01,SYNTHETIC_GENERATOR_AND_SYNTHETIC_ROAD_EDGES
normal-30-5-seed20291052,NORMAL,S3_ROLLING_HORIZON_7_21,30,5,,"{""commit_window_days"": 7, ""lookahead_days"": 21, ""planning_window_days"": 28}",3,20291052,57fd2652ced2007ac4001a3f0c8177ec6a1ac3a94ecebec923c09ecfe746be68,10635.69,35.15,15254.48,0.0,0.0,13.55,13900.7,8756,13279,880,0,TIME_LIMIT,False,BASELINE_FALLBACK,True,ROLLING_QUALITY_BELOW_FULL_LOOKAHEAD,28,28,2,0,0,0,False,44990,1262652,8727652,,True,,,1652,360,1292,1584,68,0,False,0,"[{""committed_round_count"": 15, ""fallback_used"": false, ""heuristic_candidate_pruning_used"": false, ""pruned_hard_compatible_pair_count"": 0, ""solver_status"": ""TIME_LIMIT"", ""strategy_used"": ""BASELINE_DECOMPOSED""}, {""committed_round_count"": 3, ""fallback_used"": false, ""heuristic_candidate_pruning_used"": false, ""pruned_hard_compatible_pair_count"": 0, ""solver_status"": ""TIME_LIMIT"", ""strategy_used"": ""BASELINE_DECOMPOSED""}, {""committed_round_count"": 4, ""fallback_used"": false, ""heuristic_candidate_pruning_used"": false, ""pruned_hard_compatible_pair_count"": 0, ""solver_status"": ""TIME_LIMIT"", ""strategy_used"": ""BASELINE_DECOMPOSED""}, {""committed_round_count"": 7, ""fallback_used"": false, ""heuristic_candidate_pruning_used"": false, ""pruned_hard_compatible_pair_count"": 0, ""solver_status"": ""FEASIBLE"", ""strategy_used"": ""BASELINE_DECOMPOSED""}]","[""COVERED_AREA_COUNT_BELOW_FULL_LOOKAHEAD""]","{""boundary_zero_service_rate"": null, ""covered_areas"": 22, ""late_horizon_zero_service_rate"": 0.6956521739130435, ""minimum_coverage_met"": false, ""non_boundary_zero_service_rate"": 0.26666666666666666, ""service_rounds"": 29, ""underserved_points_covered"": 0}",,,,,,0.01,SYNTHETIC_GENERATOR_AND_SYNTHETIC_ROAD_EDGES
normal-30-5-seed20291052,NORMAL,S4_GEOGRAPHIC_ROLLING_7_21,30,5,2,"{""commit_window_days"": 7, ""lookahead_days"": 21, ""planning_window_days"": 28}",1,20291052,57fd2652ced2007ac4001a3f0c8177ec6a1ac3a94ecebec923c09ecfe746be68,20902.35,88.49,17543.5,18757.37,0.0,20.09,30565.16,20060,30297,880,0,TIME_LIMIT,False,BASELINE_FALLBACK,True,ROLLING_QUALITY_BELOW_FULL_LOOKAHEAD,28,28,2,0,0,0,False,44990,1262652,8727652,,True,,,3497,393,3104,3402,95,0,False,0,"[{""committed_round_count"": 6, ""fallback_used"": false, ""heuristic_candidate_pruning_used"": false, ""pruned_hard_compatible_pair_count"": 0, ""solver_status"": ""TIME_LIMIT"", ""strategy_used"": ""GEOGRAPHIC_CLUSTER""}, {""committed_round_count"": 9, ""fallback_used"": true, ""heuristic_candidate_pruning_used"": false, ""pruned_hard_compatible_pair_count"": 0, ""solver_status"": ""TIME_LIMIT"", ""strategy_used"": ""BASELINE_FALLBACK""}, {""committed_round_count"": 2, ""fallback_used"": true, ""heuristic_candidate_pruning_used"": false, ""pruned_hard_compatible_pair_count"": 0, ""solver_status"": ""FEASIBLE"", ""strategy_used"": ""BASELINE_FALLBACK""}, {""committed_round_count"": 4, ""fallback_used"": true, ""heuristic_candidate_pruning_used"": false, ""pruned_hard_compatible_pair_count"": 0, ""solver_status"": ""FEASIBLE"", ""strategy_used"": ""BASELINE_FALLBACK""}]","[""COVERED_AREA_COUNT_BELOW_FULL_LOOKAHEAD""]","{""boundary_zero_service_rate"": 0.5, ""covered_areas"": 16, ""late_horizon_zero_service_rate"": 0.8260869565217391, ""minimum_coverage_met"": false, ""non_boundary_zero_service_rate"": 0.45454545454545453, ""service_rounds"": 21, ""underserved_points_covered"": 0}",,,,,,588.99,SYNTHETIC_GENERATOR_AND_SYNTHETIC_ROAD_EDGES
normal-30-5-seed20291052,NORMAL,S4_GEOGRAPHIC_ROLLING_7_21,30,5,2,"{""commit_window_days"": 7, ""lookahead_days"": 21, ""planning_window_days"": 28}",2,20291052,57fd2652ced2007ac4001a3f0c8177ec6a1ac3a94ecebec923c09ecfe746be68,20847.53,88.66,17478.34,18811.78,0.0,18.26,30583.92,20060,30297,880,0,TIME_LIMIT,False,BASELINE_FALLBACK,True,ROLLING_QUALITY_BELOW_FULL_LOOKAHEAD,28,28,2,0,0,0,False,44990,1262652,8727652,,True,,,3497,393,3104,3402,95,0,False,0,"[{""committed_round_count"": 6, ""fallback_used"": false, ""heuristic_candidate_pruning_used"": false, ""pruned_hard_compatible_pair_count"": 0, ""solver_status"": ""TIME_LIMIT"", ""strategy_used"": ""GEOGRAPHIC_CLUSTER""}, {""committed_round_count"": 9, ""fallback_used"": true, ""heuristic_candidate_pruning_used"": false, ""pruned_hard_compatible_pair_count"": 0, ""solver_status"": ""TIME_LIMIT"", ""strategy_used"": ""BASELINE_FALLBACK""}, {""committed_round_count"": 2, ""fallback_used"": true, ""heuristic_candidate_pruning_used"": false, ""pruned_hard_compatible_pair_count"": 0, ""solver_status"": ""FEASIBLE"", ""strategy_used"": ""BASELINE_FALLBACK""}, {""committed_round_count"": 4, ""fallback_used"": true, ""heuristic_candidate_pruning_used"": false, ""pruned_hard_compatible_pair_count"": 0, ""solver_status"": ""FEASIBLE"", ""strategy_used"": ""BASELINE_FALLBACK""}]","[""COVERED_AREA_COUNT_BELOW_FULL_LOOKAHEAD""]","{""boundary_zero_service_rate"": 0.5, ""covered_areas"": 16, ""late_horizon_zero_service_rate"": 0.8260869565217391, ""minimum_coverage_met"": false, ""non_boundary_zero_service_rate"": 0.45454545454545453, ""service_rounds"": 21, ""underserved_points_covered"": 0}",,,,,,592.24,SYNTHETIC_GENERATOR_AND_SYNTHETIC_ROAD_EDGES
normal-30-5-seed20291052,NORMAL,S4_GEOGRAPHIC_ROLLING_7_21,30,5,2,"{""commit_window_days"": 7, ""lookahead_days"": 21, ""planning_window_days"": 28}",3,20291052,57fd2652ced2007ac4001a3f0c8177ec6a1ac3a94ecebec923c09ecfe746be68,20810.27,87.6,17478.48,18774.25,0.0,18.1,30551.59,20060,30297,880,0,TIME_LIMIT,False,BASELINE_FALLBACK,True,ROLLING_QUALITY_BELOW_FULL_LOOKAHEAD,28,28,2,0,0,0,False,44990,1262652,8727652,,True,,,3497,393,3104,3402,95,0,False,0,"[{""committed_round_count"": 6, ""fallback_used"": false, ""heuristic_candidate_pruning_used"": false, ""pruned_hard_compatible_pair_count"": 0, ""solver_status"": ""TIME_LIMIT"", ""strategy_used"": ""GEOGRAPHIC_CLUSTER""}, {""committed_round_count"": 9, ""fallback_used"": true, ""heuristic_candidate_pruning_used"": false, ""pruned_hard_compatible_pair_count"": 0, ""solver_status"": ""TIME_LIMIT"", ""strategy_used"": ""BASELINE_FALLBACK""}, {""committed_round_count"": 2, ""fallback_used"": true, ""heuristic_candidate_pruning_used"": false, ""pruned_hard_compatible_pair_count"": 0, ""solver_status"": ""FEASIBLE"", ""strategy_used"": ""BASELINE_FALLBACK""}, {""committed_round_count"": 4, ""fallback_used"": true, ""heuristic_candidate_pruning_used"": false, ""pruned_hard_compatible_pair_count"": 0, ""solver_status"": ""FEASIBLE"", ""strategy_used"": ""BASELINE_FALLBACK""}]","[""COVERED_AREA_COUNT_BELOW_FULL_LOOKAHEAD""]","{""boundary_zero_service_rate"": 0.5, ""covered_areas"": 16, ""late_horizon_zero_service_rate"": 0.8260869565217391, ""minimum_coverage_met"": false, ""non_boundary_zero_service_rate"": 0.45454545454545453, ""service_rounds"": 21, ""underserved_points_covered"": 0}",,,,,,591.75,SYNTHETIC_GENERATOR_AND_SYNTHETIC_ROAD_EDGES
tight_budget-30-5-seed20291053,TIGHT_BUDGET,S3_ROLLING_HORIZON_7_21,30,5,,"{""commit_window_days"": 7, ""lookahead_days"": 21, ""planning_window_days"": 28}",1,20291053,aef1efedabd4adcb9930ac6691be56a8094cb1b6c604b0ce65db341a85348790,9274.4,37.84,7368.1,0.0,0.0,3.6,7444.61,6419,9824,864,0,OPTIMAL,True,BASELINE_FALLBACK,True,ROLLING_QUALITY_BELOW_FULL_LOOKAHEAD,8,8,22,0,0,0,False,12902,362138,2362138,,True,,,1310,249,1061,1292,18,0,False,0,"[{""committed_round_count"": 1, ""fallback_used"": false, ""heuristic_candidate_pruning_used"": false, ""pruned_hard_compatible_pair_count"": 0, ""solver_status"": ""OPTIMAL"", ""strategy_used"": ""BASELINE_DECOMPOSED""}, {""committed_round_count"": 1, ""fallback_used"": false, ""heuristic_candidate_pruning_used"": false, ""pruned_hard_compatible_pair_count"": 0, ""solver_status"": ""FEASIBLE"", ""strategy_used"": ""BASELINE_DECOMPOSED""}, {""committed_round_count"": 3, ""fallback_used"": false, ""heuristic_candidate_pruning_used"": false, ""pruned_hard_compatible_pair_count"": 0, ""solver_status"": ""FEASIBLE"", ""strategy_used"": ""BASELINE_DECOMPOSED""}, {""committed_round_count"": 0, ""fallback_used"": false, ""heuristic_candidate_pruning_used"": false, ""pruned_hard_compatible_pair_count"": 0, ""solver_status"": ""OPTIMAL"", ""strategy_used"": ""BASELINE_DECOMPOSED""}]","[""COVERED_AREA_COUNT_BELOW_FULL_LOOKAHEAD"", ""SERVICE_ROUNDS_BELOW_FULL_LOOKAHEAD_BY_OVER_10_PERCENT""]","{""boundary_zero_service_rate"": null, ""covered_areas"": 4, ""late_horizon_zero_service_rate"": 1.0, ""minimum_coverage_met"": false, ""non_boundary_zero_service_rate"": 0.8666666666666667, ""service_rounds"": 5, ""underserved_points_covered"": 0}",,,,,,0.01,SYNTHETIC_GENERATOR_AND_SYNTHETIC_ROAD_EDGES
tight_budget-30-5-seed20291053,TIGHT_BUDGET,S3_ROLLING_HORIZON_7_21,30,5,,"{""commit_window_days"": 7, ""lookahead_days"": 21, ""planning_window_days"": 28}",2,20291053,aef1efedabd4adcb9930ac6691be56a8094cb1b6c604b0ce65db341a85348790,9452.9,38.12,7501.72,0.0,0.0,3.92,7579.38,6419,9824,864,0,OPTIMAL,True,BASELINE_FALLBACK,True,ROLLING_QUALITY_BELOW_FULL_LOOKAHEAD,8,8,22,0,0,0,False,12902,362138,2362138,,True,,,1310,249,1061,1292,18,0,False,0,"[{""committed_round_count"": 1, ""fallback_used"": false, ""heuristic_candidate_pruning_used"": false, ""pruned_hard_compatible_pair_count"": 0, ""solver_status"": ""OPTIMAL"", ""strategy_used"": ""BASELINE_DECOMPOSED""}, {""committed_round_count"": 1, ""fallback_used"": false, ""heuristic_candidate_pruning_used"": false, ""pruned_hard_compatible_pair_count"": 0, ""solver_status"": ""FEASIBLE"", ""strategy_used"": ""BASELINE_DECOMPOSED""}, {""committed_round_count"": 3, ""fallback_used"": false, ""heuristic_candidate_pruning_used"": false, ""pruned_hard_compatible_pair_count"": 0, ""solver_status"": ""FEASIBLE"", ""strategy_used"": ""BASELINE_DECOMPOSED""}, {""committed_round_count"": 0, ""fallback_used"": false, ""heuristic_candidate_pruning_used"": false, ""pruned_hard_compatible_pair_count"": 0, ""solver_status"": ""OPTIMAL"", ""strategy_used"": ""BASELINE_DECOMPOSED""}]","[""COVERED_AREA_COUNT_BELOW_FULL_LOOKAHEAD"", ""SERVICE_ROUNDS_BELOW_FULL_LOOKAHEAD_BY_OVER_10_PERCENT""]","{""boundary_zero_service_rate"": null, ""covered_areas"": 4, ""late_horizon_zero_service_rate"": 1.0, ""minimum_coverage_met"": false, ""non_boundary_zero_service_rate"": 0.8666666666666667, ""service_rounds"": 5, ""underserved_points_covered"": 0}",,,,,,0.01,SYNTHETIC_GENERATOR_AND_SYNTHETIC_ROAD_EDGES
tight_budget-30-5-seed20291053,TIGHT_BUDGET,S3_ROLLING_HORIZON_7_21,30,5,,"{""commit_window_days"": 7, ""lookahead_days"": 21, ""planning_window_days"": 28}",3,20291053,aef1efedabd4adcb9930ac6691be56a8094cb1b6c604b0ce65db341a85348790,9318.56,37.58,7385.41,0.0,0.0,3.67,7462.59,6419,9824,864,0,OPTIMAL,True,BASELINE_FALLBACK,True,ROLLING_QUALITY_BELOW_FULL_LOOKAHEAD,8,8,22,0,0,0,False,12902,362138,2362138,,True,,,1310,249,1061,1292,18,0,False,0,"[{""committed_round_count"": 1, ""fallback_used"": false, ""heuristic_candidate_pruning_used"": false, ""pruned_hard_compatible_pair_count"": 0, ""solver_status"": ""OPTIMAL"", ""strategy_used"": ""BASELINE_DECOMPOSED""}, {""committed_round_count"": 1, ""fallback_used"": false, ""heuristic_candidate_pruning_used"": false, ""pruned_hard_compatible_pair_count"": 0, ""solver_status"": ""FEASIBLE"", ""strategy_used"": ""BASELINE_DECOMPOSED""}, {""committed_round_count"": 3, ""fallback_used"": false, ""heuristic_candidate_pruning_used"": false, ""pruned_hard_compatible_pair_count"": 0, ""solver_status"": ""FEASIBLE"", ""strategy_used"": ""BASELINE_DECOMPOSED""}, {""committed_round_count"": 0, ""fallback_used"": false, ""heuristic_candidate_pruning_used"": false, ""pruned_hard_compatible_pair_count"": 0, ""solver_status"": ""OPTIMAL"", ""strategy_used"": ""BASELINE_DECOMPOSED""}]","[""COVERED_AREA_COUNT_BELOW_FULL_LOOKAHEAD"", ""SERVICE_ROUNDS_BELOW_FULL_LOOKAHEAD_BY_OVER_10_PERCENT""]","{""boundary_zero_service_rate"": null, ""covered_areas"": 4, ""late_horizon_zero_service_rate"": 1.0, ""minimum_coverage_met"": false, ""non_boundary_zero_service_rate"": 0.8666666666666667, ""service_rounds"": 5, ""underserved_points_covered"": 0}",,,,,,0.01,SYNTHETIC_GENERATOR_AND_SYNTHETIC_ROAD_EDGES
tight_budget-30-5-seed20291053,TIGHT_BUDGET,S4_GEOGRAPHIC_ROLLING_7_21,30,5,2,"{""commit_window_days"": 7, ""lookahead_days"": 21, ""planning_window_days"": 28}",1,20291053,aef1efedabd4adcb9930ac6691be56a8094cb1b6c604b0ce65db341a85348790,6588.6,87.38,3673.23,7669.5,0.0,3.14,9724.81,24916,36239,864,0,OPTIMAL,True,BASELINE_FALLBACK,True,ROLLING_QUALITY_BELOW_FULL_LOOKAHEAD,8,8,22,0,0,0,False,12902,362138,2362138,,True,,,2134,225,1909,2120,14,0,False,0,"[{""committed_round_count"": 5, ""fallback_used"": false, ""heuristic_candidate_pruning_used"": false, ""pruned_hard_compatible_pair_count"": 0, ""solver_status"": ""TIME_LIMIT"", ""strategy_used"": ""GEOGRAPHIC_CLUSTER""}, {""committed_round_count"": 0, ""fallback_used"": true, ""heuristic_candidate_pruning_used"": false, ""pruned_hard_compatible_pair_count"": 0, ""solver_status"": ""OPTIMAL"", ""strategy_used"": ""BASELINE_FALLBACK""}, {""committed_round_count"": 0, ""fallback_used"": true, ""heuristic_candidate_pruning_used"": false, ""pruned_hard_compatible_pair_count"": 0, ""solver_status"": ""OPTIMAL"", ""strategy_used"": ""BASELINE_FALLBACK""}, {""committed_round_count"": 0, ""fallback_used"": true, ""heuristic_candidate_pruning_used"": false, ""pruned_hard_compatible_pair_count"": 0, ""solver_status"": ""OPTIMAL"", ""strategy_used"": ""BASELINE_FALLBACK""}]","[""COVERED_AREA_COUNT_BELOW_FULL_LOOKAHEAD"", ""SERVICE_ROUNDS_BELOW_FULL_LOOKAHEAD_BY_OVER_10_PERCENT""]","{""boundary_zero_service_rate"": 1.0, ""covered_areas"": 5, ""late_horizon_zero_service_rate"": 1.0, ""minimum_coverage_met"": false, ""non_boundary_zero_service_rate"": 0.7727272727272727, ""service_rounds"": 5, ""underserved_points_covered"": 0}",,,,,,567.23,SYNTHETIC_GENERATOR_AND_SYNTHETIC_ROAD_EDGES
tight_budget-30-5-seed20291053,TIGHT_BUDGET,S4_GEOGRAPHIC_ROLLING_7_21,30,5,2,"{""commit_window_days"": 7, ""lookahead_days"": 21, ""planning_window_days"": 28}",2,20291053,aef1efedabd4adcb9930ac6691be56a8094cb1b6c604b0ce65db341a85348790,6591.82,75.95,3653.36,7675.11,0.0,3.09,9707.73,24916,36239,864,0,OPTIMAL,True,BASELINE_FALLBACK,True,ROLLING_QUALITY_BELOW_FULL_LOOKAHEAD,8,8,22,0,0,0,False,12902,362138,2362138,,True,,,2134,225,1909,2120,14,0,False,0,"[{""committed_round_count"": 5, ""fallback_used"": false, ""heuristic_candidate_pruning_used"": false, ""pruned_hard_compatible_pair_count"": 0, ""solver_status"": ""TIME_LIMIT"", ""strategy_used"": ""GEOGRAPHIC_CLUSTER""}, {""committed_round_count"": 0, ""fallback_used"": true, ""heuristic_candidate_pruning_used"": false, ""pruned_hard_compatible_pair_count"": 0, ""solver_status"": ""OPTIMAL"", ""strategy_used"": ""BASELINE_FALLBACK""}, {""committed_round_count"": 0, ""fallback_used"": true, ""heuristic_candidate_pruning_used"": false, ""pruned_hard_compatible_pair_count"": 0, ""solver_status"": ""OPTIMAL"", ""strategy_used"": ""BASELINE_FALLBACK""}, {""committed_round_count"": 0, ""fallback_used"": true, ""heuristic_candidate_pruning_used"": false, ""pruned_hard_compatible_pair_count"": 0, ""solver_status"": ""OPTIMAL"", ""strategy_used"": ""BASELINE_FALLBACK""}]","[""COVERED_AREA_COUNT_BELOW_FULL_LOOKAHEAD"", ""SERVICE_ROUNDS_BELOW_FULL_LOOKAHEAD_BY_OVER_10_PERCENT""]","{""boundary_zero_service_rate"": 1.0, ""covered_areas"": 5, ""late_horizon_zero_service_rate"": 1.0, ""minimum_coverage_met"": false, ""non_boundary_zero_service_rate"": 0.7727272727272727, ""service_rounds"": 5, ""underserved_points_covered"": 0}",,,,,,560.98,SYNTHETIC_GENERATOR_AND_SYNTHETIC_ROAD_EDGES
tight_budget-30-5-seed20291053,TIGHT_BUDGET,S4_GEOGRAPHIC_ROLLING_7_21,30,5,2,"{""commit_window_days"": 7, ""lookahead_days"": 21, ""planning_window_days"": 28}",3,20291053,aef1efedabd4adcb9930ac6691be56a8094cb1b6c604b0ce65db341a85348790,6435.59,87.95,3649.53,7563.99,0.0,3.22,9607.29,24916,36239,864,0,OPTIMAL,True,BASELINE_FALLBACK,True,ROLLING_QUALITY_BELOW_FULL_LOOKAHEAD,8,8,22,0,0,0,False,12902,362138,2362138,,True,,,2134,225,1909,2120,14,0,False,0,"[{""committed_round_count"": 5, ""fallback_used"": false, ""heuristic_candidate_pruning_used"": false, ""pruned_hard_compatible_pair_count"": 0, ""solver_status"": ""TIME_LIMIT"", ""strategy_used"": ""GEOGRAPHIC_CLUSTER""}, {""committed_round_count"": 0, ""fallback_used"": true, ""heuristic_candidate_pruning_used"": false, ""pruned_hard_compatible_pair_count"": 0, ""solver_status"": ""OPTIMAL"", ""strategy_used"": ""BASELINE_FALLBACK""}, {""committed_round_count"": 0, ""fallback_used"": true, ""heuristic_candidate_pruning_used"": false, ""pruned_hard_compatible_pair_count"": 0, ""solver_status"": ""OPTIMAL"", ""strategy_used"": ""BASELINE_FALLBACK""}, {""committed_round_count"": 0, ""fallback_used"": true, ""heuristic_candidate_pruning_used"": false, ""pruned_hard_compatible_pair_count"": 0, ""solver_status"": ""OPTIMAL"", ""strategy_used"": ""BASELINE_FALLBACK""}]","[""COVERED_AREA_COUNT_BELOW_FULL_LOOKAHEAD"", ""SERVICE_ROUNDS_BELOW_FULL_LOOKAHEAD_BY_OVER_10_PERCENT""]","{""boundary_zero_service_rate"": 1.0, ""covered_areas"": 5, ""late_horizon_zero_service_rate"": 1.0, ""minimum_coverage_met"": false, ""non_boundary_zero_service_rate"": 0.7727272727272727, ""service_rounds"": 5, ""underserved_points_covered"": 0}",,,,,,562.49,SYNTHETIC_GENERATOR_AND_SYNTHETIC_ROAD_EDGES
provider_shortage-30-5-seed20291054,PROVIDER_SHORTAGE,S3_ROLLING_HORIZON_7_21,30,5,,"{""commit_window_days"": 7, ""lookahead_days"": 21, ""planning_window_days"": 28}",1,20291054,b9fbe8405b90cb6752e31189e26d90f4f93c05dbe29d85a198f710850623ddd8,9286.65,34.86,12940.91,0.0,0.0,12.11,11267.36,6947,10875,880,0,TIME_LIMIT,False,BASELINE_FALLBACK,True,ROLLING_QUALITY_BELOW_FULL_LOOKAHEAD,19,19,11,0,0,0,False,25739,722515,8857515,,True,,,1107,271,836,1040,67,0,False,0,"[{""committed_round_count"": 7, ""fallback_used"": false, ""heuristic_candidate_pruning_used"": false, ""pruned_hard_compatible_pair_count"": 0, ""solver_status"": ""TIME_LIMIT"", ""strategy_used"": ""BASELINE_DECOMPOSED""}, {""committed_round_count"": 1, ""fallback_used"": false, ""heuristic_candidate_pruning_used"": false, ""pruned_hard_compatible_pair_count"": 0, ""solver_status"": ""FEASIBLE"", ""strategy_used"": ""BASELINE_DECOMPOSED""}, {""committed_round_count"": 5, ""fallback_used"": false, ""heuristic_candidate_pruning_used"": false, ""pruned_hard_compatible_pair_count"": 0, ""solver_status"": ""FEASIBLE"", ""strategy_used"": ""BASELINE_DECOMPOSED""}, {""committed_round_count"": 6, ""fallback_used"": false, ""heuristic_candidate_pruning_used"": false, ""pruned_hard_compatible_pair_count"": 0, ""solver_status"": ""FEASIBLE"", ""strategy_used"": ""BASELINE_DECOMPOSED""}]","[""COVERED_AREA_COUNT_BELOW_FULL_LOOKAHEAD""]","{""boundary_zero_service_rate"": null, ""covered_areas"": 18, ""late_horizon_zero_service_rate"": 0.6842105263157895, ""minimum_coverage_met"": false, ""non_boundary_zero_service_rate"": 0.4, ""service_rounds"": 19, ""underserved_points_covered"": 0}",,,,,,0.01,SYNTHETIC_GENERATOR_AND_SYNTHETIC_ROAD_EDGES
provider_shortage-30-5-seed20291054,PROVIDER_SHORTAGE,S3_ROLLING_HORIZON_7_21,30,5,,"{""commit_window_days"": 7, ""lookahead_days"": 21, ""planning_window_days"": 28}",2,20291054,b9fbe8405b90cb6752e31189e26d90f4f93c05dbe29d85a198f710850623ddd8,9271.28,34.54,12875.71,0.0,0.0,12.74,11216.18,6947,10875,880,0,TIME_LIMIT,False,BASELINE_FALLBACK,True,ROLLING_QUALITY_BELOW_FULL_LOOKAHEAD,19,19,11,0,0,0,False,25739,722515,8857515,,True,,,1107,271,836,1040,67,0,False,0,"[{""committed_round_count"": 7, ""fallback_used"": false, ""heuristic_candidate_pruning_used"": false, ""pruned_hard_compatible_pair_count"": 0, ""solver_status"": ""TIME_LIMIT"", ""strategy_used"": ""BASELINE_DECOMPOSED""}, {""committed_round_count"": 1, ""fallback_used"": false, ""heuristic_candidate_pruning_used"": false, ""pruned_hard_compatible_pair_count"": 0, ""solver_status"": ""FEASIBLE"", ""strategy_used"": ""BASELINE_DECOMPOSED""}, {""committed_round_count"": 5, ""fallback_used"": false, ""heuristic_candidate_pruning_used"": false, ""pruned_hard_compatible_pair_count"": 0, ""solver_status"": ""FEASIBLE"", ""strategy_used"": ""BASELINE_DECOMPOSED""}, {""committed_round_count"": 6, ""fallback_used"": false, ""heuristic_candidate_pruning_used"": false, ""pruned_hard_compatible_pair_count"": 0, ""solver_status"": ""FEASIBLE"", ""strategy_used"": ""BASELINE_DECOMPOSED""}]","[""COVERED_AREA_COUNT_BELOW_FULL_LOOKAHEAD""]","{""boundary_zero_service_rate"": null, ""covered_areas"": 18, ""late_horizon_zero_service_rate"": 0.6842105263157895, ""minimum_coverage_met"": false, ""non_boundary_zero_service_rate"": 0.4, ""service_rounds"": 19, ""underserved_points_covered"": 0}",,,,,,0.01,SYNTHETIC_GENERATOR_AND_SYNTHETIC_ROAD_EDGES
provider_shortage-30-5-seed20291054,PROVIDER_SHORTAGE,S3_ROLLING_HORIZON_7_21,30,5,,"{""commit_window_days"": 7, ""lookahead_days"": 21, ""planning_window_days"": 28}",3,20291054,b9fbe8405b90cb6752e31189e26d90f4f93c05dbe29d85a198f710850623ddd8,9529.28,36.22,13061.29,0.0,0.0,12.79,11399.94,6947,10875,880,0,TIME_LIMIT,False,BASELINE_FALLBACK,True,ROLLING_QUALITY_BELOW_FULL_LOOKAHEAD,19,19,11,0,0,0,False,25739,722515,8857515,,True,,,1107,271,836,1040,67,0,False,0,"[{""committed_round_count"": 7, ""fallback_used"": false, ""heuristic_candidate_pruning_used"": false, ""pruned_hard_compatible_pair_count"": 0, ""solver_status"": ""TIME_LIMIT"", ""strategy_used"": ""BASELINE_DECOMPOSED""}, {""committed_round_count"": 1, ""fallback_used"": false, ""heuristic_candidate_pruning_used"": false, ""pruned_hard_compatible_pair_count"": 0, ""solver_status"": ""FEASIBLE"", ""strategy_used"": ""BASELINE_DECOMPOSED""}, {""committed_round_count"": 5, ""fallback_used"": false, ""heuristic_candidate_pruning_used"": false, ""pruned_hard_compatible_pair_count"": 0, ""solver_status"": ""FEASIBLE"", ""strategy_used"": ""BASELINE_DECOMPOSED""}, {""committed_round_count"": 6, ""fallback_used"": false, ""heuristic_candidate_pruning_used"": false, ""pruned_hard_compatible_pair_count"": 0, ""solver_status"": ""FEASIBLE"", ""strategy_used"": ""BASELINE_DECOMPOSED""}]","[""COVERED_AREA_COUNT_BELOW_FULL_LOOKAHEAD""]","{""boundary_zero_service_rate"": null, ""covered_areas"": 18, ""late_horizon_zero_service_rate"": 0.6842105263157895, ""minimum_coverage_met"": false, ""non_boundary_zero_service_rate"": 0.4, ""service_rounds"": 19, ""underserved_points_covered"": 0}",,,,,,0.01,SYNTHETIC_GENERATOR_AND_SYNTHETIC_ROAD_EDGES
provider_shortage-30-5-seed20291054,PROVIDER_SHORTAGE,S4_GEOGRAPHIC_ROLLING_7_21,30,5,2,"{""commit_window_days"": 7, ""lookahead_days"": 21, ""planning_window_days"": 28}",1,20291054,b9fbe8405b90cb6752e31189e26d90f4f93c05dbe29d85a198f710850623ddd8,14128.55,81.0,14095.11,18686.23,0.0,17.97,28818.76,15805,24339,880,0,TIME_LIMIT,False,GEOGRAPHIC_ROLLING,True,GEOGRAPHIC_WINDOW_BASELINE_FALLBACK,18,18,12,0,0,0,False,27596,774155,8909155,,True,,,2574,284,2290,2480,94,0,False,0,"[{""committed_round_count"": 3, ""fallback_used"": false, ""heuristic_candidate_pruning_used"": false, ""pruned_hard_compatible_pair_count"": 0, ""solver_status"": ""TIME_LIMIT"", ""strategy_used"": ""GEOGRAPHIC_CLUSTER""}, {""committed_round_count"": 3, ""fallback_used"": true, ""heuristic_candidate_pruning_used"": false, ""pruned_hard_compatible_pair_count"": 0, ""solver_status"": ""TIME_LIMIT"", ""strategy_used"": ""BASELINE_FALLBACK""}, {""committed_round_count"": 5, ""fallback_used"": true, ""heuristic_candidate_pruning_used"": false, ""pruned_hard_compatible_pair_count"": 0, ""solver_status"": ""FEASIBLE"", ""strategy_used"": ""BASELINE_FALLBACK""}, {""committed_round_count"": 7, ""fallback_used"": true, ""heuristic_candidate_pruning_used"": false, ""pruned_hard_compatible_pair_count"": 0, ""solver_status"": ""FEASIBLE"", ""strategy_used"": ""BASELINE_FALLBACK""}]",[],,0.5,0.35,0.6956521739130435,0.5,0.35,0.02,SYNTHETIC_GENERATOR_AND_SYNTHETIC_ROAD_EDGES
provider_shortage-30-5-seed20291054,PROVIDER_SHORTAGE,S4_GEOGRAPHIC_ROLLING_7_21,30,5,2,"{""commit_window_days"": 7, ""lookahead_days"": 21, ""planning_window_days"": 28}",2,20291054,b9fbe8405b90cb6752e31189e26d90f4f93c05dbe29d85a198f710850623ddd8,14007.13,80.23,14030.3,18556.97,0.0,17.53,28636.69,15805,24339,880,0,TIME_LIMIT,False,GEOGRAPHIC_ROLLING,True,GEOGRAPHIC_WINDOW_BASELINE_FALLBACK,18,18,12,0,0,0,False,27596,774155,8909155,,True,,,2574,284,2290,2480,94,0,False,0,"[{""committed_round_count"": 3, ""fallback_used"": false, ""heuristic_candidate_pruning_used"": false, ""pruned_hard_compatible_pair_count"": 0, ""solver_status"": ""TIME_LIMIT"", ""strategy_used"": ""GEOGRAPHIC_CLUSTER""}, {""committed_round_count"": 3, ""fallback_used"": true, ""heuristic_candidate_pruning_used"": false, ""pruned_hard_compatible_pair_count"": 0, ""solver_status"": ""TIME_LIMIT"", ""strategy_used"": ""BASELINE_FALLBACK""}, {""committed_round_count"": 5, ""fallback_used"": true, ""heuristic_candidate_pruning_used"": false, ""pruned_hard_compatible_pair_count"": 0, ""solver_status"": ""FEASIBLE"", ""strategy_used"": ""BASELINE_FALLBACK""}, {""committed_round_count"": 7, ""fallback_used"": true, ""heuristic_candidate_pruning_used"": false, ""pruned_hard_compatible_pair_count"": 0, ""solver_status"": ""FEASIBLE"", ""strategy_used"": ""BASELINE_FALLBACK""}]",[],,0.5,0.35,0.6956521739130435,0.5,0.35,0.02,SYNTHETIC_GENERATOR_AND_SYNTHETIC_ROAD_EDGES
provider_shortage-30-5-seed20291054,PROVIDER_SHORTAGE,S4_GEOGRAPHIC_ROLLING_7_21,30,5,2,"{""commit_window_days"": 7, ""lookahead_days"": 21, ""planning_window_days"": 28}",3,20291054,b9fbe8405b90cb6752e31189e26d90f4f93c05dbe29d85a198f710850623ddd8,14307.66,80.87,14036.3,18953.11,0.0,17.71,29052.79,15805,24339,880,0,TIME_LIMIT,False,GEOGRAPHIC_ROLLING,True,GEOGRAPHIC_WINDOW_BASELINE_FALLBACK,18,18,12,0,0,0,False,27596,774155,8909155,,True,,,2574,284,2290,2480,94,0,False,0,"[{""committed_round_count"": 3, ""fallback_used"": false, ""heuristic_candidate_pruning_used"": false, ""pruned_hard_compatible_pair_count"": 0, ""solver_status"": ""TIME_LIMIT"", ""strategy_used"": ""GEOGRAPHIC_CLUSTER""}, {""committed_round_count"": 3, ""fallback_used"": true, ""heuristic_candidate_pruning_used"": false, ""pruned_hard_compatible_pair_count"": 0, ""solver_status"": ""TIME_LIMIT"", ""strategy_used"": ""BASELINE_FALLBACK""}, {""committed_round_count"": 5, ""fallback_used"": true, ""heuristic_candidate_pruning_used"": false, ""pruned_hard_compatible_pair_count"": 0, ""solver_status"": ""FEASIBLE"", ""strategy_used"": ""BASELINE_FALLBACK""}, {""committed_round_count"": 7, ""fallback_used"": true, ""heuristic_candidate_pruning_used"": false, ""pruned_hard_compatible_pair_count"": 0, ""solver_status"": ""FEASIBLE"", ""strategy_used"": ""BASELINE_FALLBACK""}]",[],,0.5,0.35,0.6956521739130435,0.5,0.35,0.02,SYNTHETIC_GENERATOR_AND_SYNTHETIC_ROAD_EDGES
remote_areas-30-5-seed20291055,REMOTE_AREAS,S3_ROLLING_HORIZON_7_21,30,5,,"{""commit_window_days"": 7, ""lookahead_days"": 21, ""planning_window_days"": 28}",1,20291055,ae11c19bec5aa5569c838b587184b539dec9e38c2ae4319bc69f678a2c821ea8,11673.63,25.95,13999.56,0.0,0.0,10.9,14035.88,6816,10605,616,0,OPTIMAL,True,BASELINE_FALLBACK,True,ROLLING_QUALITY_BELOW_FULL_LOOKAHEAD,20,20,10,0,0,0,False,39965,1121693,8926693,,True,,,1722,308,1414,1672,50,0,False,0,"[{""committed_round_count"": 7, ""fallback_used"": false, ""heuristic_candidate_pruning_used"": false, ""pruned_hard_compatible_pair_count"": 0, ""solver_status"": ""OPTIMAL"", ""strategy_used"": ""BASELINE_DECOMPOSED""}, {""committed_round_count"": 5, ""fallback_used"": false, ""heuristic_candidate_pruning_used"": false, ""pruned_hard_compatible_pair_count"": 0, ""solver_status"": ""TIME_LIMIT"", ""strategy_used"": ""BASELINE_DECOMPOSED""}, {""committed_round_count"": 4, ""fallback_used"": false, ""heuristic_candidate_pruning_used"": false, ""pruned_hard_compatible_pair_count"": 0, ""solver_status"": ""TIME_LIMIT"", ""strategy_used"": ""BASELINE_DECOMPOSED""}, {""committed_round_count"": 8, ""fallback_used"": false, ""heuristic_candidate_pruning_used"": false, ""pruned_hard_compatible_pair_count"": 0, ""solver_status"": ""FEASIBLE"", ""strategy_used"": ""BASELINE_DECOMPOSED""}]","[""COVERED_AREA_COUNT_BELOW_FULL_LOOKAHEAD""]","{""boundary_zero_service_rate"": null, ""covered_areas"": 17, ""late_horizon_zero_service_rate"": 0.6363636363636364, ""minimum_coverage_met"": false, ""non_boundary_zero_service_rate"": 0.43333333333333335, ""service_rounds"": 24, ""underserved_points_covered"": 0}",,,,,,0.01,SYNTHETIC_GENERATOR_AND_SYNTHETIC_ROAD_EDGES
remote_areas-30-5-seed20291055,REMOTE_AREAS,S3_ROLLING_HORIZON_7_21,30,5,,"{""commit_window_days"": 7, ""lookahead_days"": 21, ""planning_window_days"": 28}",2,20291055,ae11c19bec5aa5569c838b587184b539dec9e38c2ae4319bc69f678a2c821ea8,11486.36,26.53,13888.08,0.0,0.0,9.67,13926.73,6816,10605,616,0,OPTIMAL,True,BASELINE_FALLBACK,True,ROLLING_QUALITY_BELOW_FULL_LOOKAHEAD,20,20,10,0,0,0,False,39965,1121693,8926693,,True,,,1722,308,1414,1672,50,0,False,0,"[{""committed_round_count"": 7, ""fallback_used"": false, ""heuristic_candidate_pruning_used"": false, ""pruned_hard_compatible_pair_count"": 0, ""solver_status"": ""OPTIMAL"", ""strategy_used"": ""BASELINE_DECOMPOSED""}, {""committed_round_count"": 5, ""fallback_used"": false, ""heuristic_candidate_pruning_used"": false, ""pruned_hard_compatible_pair_count"": 0, ""solver_status"": ""TIME_LIMIT"", ""strategy_used"": ""BASELINE_DECOMPOSED""}, {""committed_round_count"": 4, ""fallback_used"": false, ""heuristic_candidate_pruning_used"": false, ""pruned_hard_compatible_pair_count"": 0, ""solver_status"": ""TIME_LIMIT"", ""strategy_used"": ""BASELINE_DECOMPOSED""}, {""committed_round_count"": 8, ""fallback_used"": false, ""heuristic_candidate_pruning_used"": false, ""pruned_hard_compatible_pair_count"": 0, ""solver_status"": ""FEASIBLE"", ""strategy_used"": ""BASELINE_DECOMPOSED""}]","[""COVERED_AREA_COUNT_BELOW_FULL_LOOKAHEAD""]","{""boundary_zero_service_rate"": null, ""covered_areas"": 17, ""late_horizon_zero_service_rate"": 0.6363636363636364, ""minimum_coverage_met"": false, ""non_boundary_zero_service_rate"": 0.43333333333333335, ""service_rounds"": 24, ""underserved_points_covered"": 0}",,,,,,0.01,SYNTHETIC_GENERATOR_AND_SYNTHETIC_ROAD_EDGES
remote_areas-30-5-seed20291055,REMOTE_AREAS,S3_ROLLING_HORIZON_7_21,30,5,,"{""commit_window_days"": 7, ""lookahead_days"": 21, ""planning_window_days"": 28}",3,20291055,ae11c19bec5aa5569c838b587184b539dec9e38c2ae4319bc69f678a2c821ea8,11513.76,25.98,13927.91,0.0,0.0,9.87,13963.74,6816,10605,616,0,OPTIMAL,True,BASELINE_FALLBACK,True,ROLLING_QUALITY_BELOW_FULL_LOOKAHEAD,20,20,10,0,0,0,False,39965,1121693,8926693,,True,,,1722,308,1414,1672,50,0,False,0,"[{""committed_round_count"": 7, ""fallback_used"": false, ""heuristic_candidate_pruning_used"": false, ""pruned_hard_compatible_pair_count"": 0, ""solver_status"": ""OPTIMAL"", ""strategy_used"": ""BASELINE_DECOMPOSED""}, {""committed_round_count"": 5, ""fallback_used"": false, ""heuristic_candidate_pruning_used"": false, ""pruned_hard_compatible_pair_count"": 0, ""solver_status"": ""TIME_LIMIT"", ""strategy_used"": ""BASELINE_DECOMPOSED""}, {""committed_round_count"": 4, ""fallback_used"": false, ""heuristic_candidate_pruning_used"": false, ""pruned_hard_compatible_pair_count"": 0, ""solver_status"": ""TIME_LIMIT"", ""strategy_used"": ""BASELINE_DECOMPOSED""}, {""committed_round_count"": 8, ""fallback_used"": false, ""heuristic_candidate_pruning_used"": false, ""pruned_hard_compatible_pair_count"": 0, ""solver_status"": ""FEASIBLE"", ""strategy_used"": ""BASELINE_DECOMPOSED""}]","[""COVERED_AREA_COUNT_BELOW_FULL_LOOKAHEAD""]","{""boundary_zero_service_rate"": null, ""covered_areas"": 17, ""late_horizon_zero_service_rate"": 0.6363636363636364, ""minimum_coverage_met"": false, ""non_boundary_zero_service_rate"": 0.43333333333333335, ""service_rounds"": 24, ""underserved_points_covered"": 0}",,,,,,0.01,SYNTHETIC_GENERATOR_AND_SYNTHETIC_ROAD_EDGES
remote_areas-30-5-seed20291055,REMOTE_AREAS,S4_GEOGRAPHIC_ROLLING_7_21,30,5,2,"{""commit_window_days"": 7, ""lookahead_days"": 21, ""planning_window_days"": 28}",1,20291055,ae11c19bec5aa5569c838b587184b539dec9e38c2ae4319bc69f678a2c821ea8,4818.75,62.15,11786.22,7719.31,0.0,10.47,13787.72,9973,15319,616,0,TIME_LIMIT,False,GEOGRAPHIC_ROLLING,True,GEOGRAPHIC_WINDOW_BASELINE_FALLBACK,21,17,13,0,0,0,False,34814,977107,8972107,,True,,,2153,296,1857,2108,45,0,False,0,"[{""committed_round_count"": 4, ""fallback_used"": false, ""heuristic_candidate_pruning_used"": false, ""pruned_hard_compatible_pair_count"": 0, ""solver_status"": ""TIME_LIMIT"", ""strategy_used"": ""GEOGRAPHIC_CLUSTER""}, {""committed_round_count"": 5, ""fallback_used"": false, ""heuristic_candidate_pruning_used"": false, ""pruned_hard_compatible_pair_count"": 0, ""solver_status"": ""TIME_LIMIT"", ""strategy_used"": ""GEOGRAPHIC_CLUSTER""}, {""committed_round_count"": 9, ""fallback_used"": false, ""heuristic_candidate_pruning_used"": false, ""pruned_hard_compatible_pair_count"": 0, ""solver_status"": ""TIME_LIMIT"", ""strategy_used"": ""GEOGRAPHIC_CLUSTER""}, {""committed_round_count"": 3, ""fallback_used"": true, ""heuristic_candidate_pruning_used"": false, ""pruned_hard_compatible_pair_count"": 0, ""solver_status"": ""FEASIBLE"", ""strategy_used"": ""BASELINE_FALLBACK""}]",[],,,0.43333333333333335,0.8421052631578947,,0.43333333333333335,0.02,SYNTHETIC_GENERATOR_AND_SYNTHETIC_ROAD_EDGES
remote_areas-30-5-seed20291055,REMOTE_AREAS,S4_GEOGRAPHIC_ROLLING_7_21,30,5,2,"{""commit_window_days"": 7, ""lookahead_days"": 21, ""planning_window_days"": 28}",2,20291055,ae11c19bec5aa5569c838b587184b539dec9e38c2ae4319bc69f678a2c821ea8,4810.13,48.38,11783.89,7755.83,0.0,10.43,13808.06,9973,15319,616,0,TIME_LIMIT,False,GEOGRAPHIC_ROLLING,True,GEOGRAPHIC_WINDOW_BASELINE_FALLBACK,21,17,13,0,0,0,False,34814,977107,8972107,,True,,,2153,296,1857,2108,45,0,False,0,"[{""committed_round_count"": 4, ""fallback_used"": false, ""heuristic_candidate_pruning_used"": false, ""pruned_hard_compatible_pair_count"": 0, ""solver_status"": ""TIME_LIMIT"", ""strategy_used"": ""GEOGRAPHIC_CLUSTER""}, {""committed_round_count"": 5, ""fallback_used"": false, ""heuristic_candidate_pruning_used"": false, ""pruned_hard_compatible_pair_count"": 0, ""solver_status"": ""TIME_LIMIT"", ""strategy_used"": ""GEOGRAPHIC_CLUSTER""}, {""committed_round_count"": 9, ""fallback_used"": false, ""heuristic_candidate_pruning_used"": false, ""pruned_hard_compatible_pair_count"": 0, ""solver_status"": ""TIME_LIMIT"", ""strategy_used"": ""GEOGRAPHIC_CLUSTER""}, {""committed_round_count"": 3, ""fallback_used"": true, ""heuristic_candidate_pruning_used"": false, ""pruned_hard_compatible_pair_count"": 0, ""solver_status"": ""FEASIBLE"", ""strategy_used"": ""BASELINE_FALLBACK""}]",[],,,0.43333333333333335,0.8421052631578947,,0.43333333333333335,0.01,SYNTHETIC_GENERATOR_AND_SYNTHETIC_ROAD_EDGES
remote_areas-30-5-seed20291055,REMOTE_AREAS,S4_GEOGRAPHIC_ROLLING_7_21,30,5,2,"{""commit_window_days"": 7, ""lookahead_days"": 21, ""planning_window_days"": 28}",3,20291055,ae11c19bec5aa5569c838b587184b539dec9e38c2ae4319bc69f678a2c821ea8,4858.09,48.13,11754.99,7763.96,0.0,9.74,13813.01,9973,15319,616,0,TIME_LIMIT,False,GEOGRAPHIC_ROLLING,True,GEOGRAPHIC_WINDOW_BASELINE_FALLBACK,21,17,13,0,0,0,False,34814,977107,8972107,,True,,,2153,296,1857,2108,45,0,False,0,"[{""committed_round_count"": 4, ""fallback_used"": false, ""heuristic_candidate_pruning_used"": false, ""pruned_hard_compatible_pair_count"": 0, ""solver_status"": ""TIME_LIMIT"", ""strategy_used"": ""GEOGRAPHIC_CLUSTER""}, {""committed_round_count"": 5, ""fallback_used"": false, ""heuristic_candidate_pruning_used"": false, ""pruned_hard_compatible_pair_count"": 0, ""solver_status"": ""TIME_LIMIT"", ""strategy_used"": ""GEOGRAPHIC_CLUSTER""}, {""committed_round_count"": 9, ""fallback_used"": false, ""heuristic_candidate_pruning_used"": false, ""pruned_hard_compatible_pair_count"": 0, ""solver_status"": ""TIME_LIMIT"", ""strategy_used"": ""GEOGRAPHIC_CLUSTER""}, {""committed_round_count"": 3, ""fallback_used"": true, ""heuristic_candidate_pruning_used"": false, ""pruned_hard_compatible_pair_count"": 0, ""solver_status"": ""FEASIBLE"", ""strategy_used"": ""BASELINE_FALLBACK""}]",[],,,0.43333333333333335,0.8421052631578947,,0.43333333333333335,0.01,SYNTHETIC_GENERATOR_AND_SYNTHETIC_ROAD_EDGES
many_low_data-30-5-seed20291056,MANY_LOW_DATA,S3_ROLLING_HORIZON_7_21,30,5,,"{""commit_window_days"": 7, ""lookahead_days"": 21, ""planning_window_days"": 28}",1,20291056,660500cd79054b716cca02d5727dfa519abcb7a815b6a854d4c6abac8c82d0ef,6975.63,33.74,6582.58,0.0,0.0,11.15,6640.61,8097,12391,872,0,OPTIMAL,True,BASELINE_FALLBACK,True,ROLLING_QUALITY_BELOW_FULL_LOOKAHEAD,28,28,2,0,0,0,False,50241,1409730,8739730,,True,,,1476,347,1129,1418,58,0,False,0,"[{""committed_round_count"": 7, ""fallback_used"": false, ""heuristic_candidate_pruning_used"": false, ""pruned_hard_compatible_pair_count"": 0, ""solver_status"": ""OPTIMAL"", ""strategy_used"": ""BASELINE_DECOMPOSED""}, {""committed_round_count"": 15, ""fallback_used"": false, ""heuristic_candidate_pruning_used"": false, ""pruned_hard_compatible_pair_count"": 0, ""solver_status"": ""TIME_LIMIT"", ""strategy_used"": ""BASELINE_DECOMPOSED""}, {""committed_round_count"": 3, ""fallback_used"": false, ""heuristic_candidate_pruning_used"": false, ""pruned_hard_compatible_pair_count"": 0, ""solver_status"": ""FEASIBLE"", ""strategy_used"": ""BASELINE_DECOMPOSED""}, {""committed_round_count"": 4, ""fallback_used"": false, ""heuristic_candidate_pruning_used"": false, ""pruned_hard_compatible_pair_count"": 0, ""solver_status"": ""OPTIMAL"", ""strategy_used"": ""BASELINE_DECOMPOSED""}]","[""COVERED_AREA_COUNT_BELOW_FULL_LOOKAHEAD""]","{""boundary_zero_service_rate"": null, ""covered_areas"": 23, ""late_horizon_zero_service_rate"": 0.6923076923076923, ""minimum_coverage_met"": false, ""non_boundary_zero_service_rate"": 0.23333333333333334, ""service_rounds"": 29, ""underserved_points_covered"": 0}",,,,,,0.01,SYNTHETIC_GENERATOR_AND_SYNTHETIC_ROAD_EDGES
many_low_data-30-5-seed20291056,MANY_LOW_DATA,S3_ROLLING_HORIZON_7_21,30,5,,"{""commit_window_days"": 7, ""lookahead_days"": 21, ""planning_window_days"": 28}",2,20291056,660500cd79054b716cca02d5727dfa519abcb7a815b6a854d4c6abac8c82d0ef,6969.73,34.07,6592.25,0.0,0.0,11.33,6649.28,8097,12391,872,0,OPTIMAL,True,BASELINE_FALLBACK,True,ROLLING_QUALITY_BELOW_FULL_LOOKAHEAD,28,28,2,0,0,0,False,50241,1409730,8739730,,True,,,1476,347,1129,1418,58,0,False,0,"[{""committed_round_count"": 7, ""fallback_used"": false, ""heuristic_candidate_pruning_used"": false, ""pruned_hard_compatible_pair_count"": 0, ""solver_status"": ""OPTIMAL"", ""strategy_used"": ""BASELINE_DECOMPOSED""}, {""committed_round_count"": 15, ""fallback_used"": false, ""heuristic_candidate_pruning_used"": false, ""pruned_hard_compatible_pair_count"": 0, ""solver_status"": ""TIME_LIMIT"", ""strategy_used"": ""BASELINE_DECOMPOSED""}, {""committed_round_count"": 3, ""fallback_used"": false, ""heuristic_candidate_pruning_used"": false, ""pruned_hard_compatible_pair_count"": 0, ""solver_status"": ""FEASIBLE"", ""strategy_used"": ""BASELINE_DECOMPOSED""}, {""committed_round_count"": 4, ""fallback_used"": false, ""heuristic_candidate_pruning_used"": false, ""pruned_hard_compatible_pair_count"": 0, ""solver_status"": ""OPTIMAL"", ""strategy_used"": ""BASELINE_DECOMPOSED""}]","[""COVERED_AREA_COUNT_BELOW_FULL_LOOKAHEAD""]","{""boundary_zero_service_rate"": null, ""covered_areas"": 23, ""late_horizon_zero_service_rate"": 0.6923076923076923, ""minimum_coverage_met"": false, ""non_boundary_zero_service_rate"": 0.23333333333333334, ""service_rounds"": 29, ""underserved_points_covered"": 0}",,,,,,0.01,SYNTHETIC_GENERATOR_AND_SYNTHETIC_ROAD_EDGES
many_low_data-30-5-seed20291056,MANY_LOW_DATA,S3_ROLLING_HORIZON_7_21,30,5,,"{""commit_window_days"": 7, ""lookahead_days"": 21, ""planning_window_days"": 28}",3,20291056,660500cd79054b716cca02d5727dfa519abcb7a815b6a854d4c6abac8c82d0ef,7045.43,34.64,6625.12,0.0,0.0,10.16,6682.47,8097,12391,872,0,OPTIMAL,True,BASELINE_FALLBACK,True,ROLLING_QUALITY_BELOW_FULL_LOOKAHEAD,28,28,2,0,0,0,False,50241,1409730,8739730,,True,,,1476,347,1129,1418,58,0,False,0,"[{""committed_round_count"": 7, ""fallback_used"": false, ""heuristic_candidate_pruning_used"": false, ""pruned_hard_compatible_pair_count"": 0, ""solver_status"": ""OPTIMAL"", ""strategy_used"": ""BASELINE_DECOMPOSED""}, {""committed_round_count"": 15, ""fallback_used"": false, ""heuristic_candidate_pruning_used"": false, ""pruned_hard_compatible_pair_count"": 0, ""solver_status"": ""TIME_LIMIT"", ""strategy_used"": ""BASELINE_DECOMPOSED""}, {""committed_round_count"": 3, ""fallback_used"": false, ""heuristic_candidate_pruning_used"": false, ""pruned_hard_compatible_pair_count"": 0, ""solver_status"": ""FEASIBLE"", ""strategy_used"": ""BASELINE_DECOMPOSED""}, {""committed_round_count"": 4, ""fallback_used"": false, ""heuristic_candidate_pruning_used"": false, ""pruned_hard_compatible_pair_count"": 0, ""solver_status"": ""OPTIMAL"", ""strategy_used"": ""BASELINE_DECOMPOSED""}]","[""COVERED_AREA_COUNT_BELOW_FULL_LOOKAHEAD""]","{""boundary_zero_service_rate"": null, ""covered_areas"": 23, ""late_horizon_zero_service_rate"": 0.6923076923076923, ""minimum_coverage_met"": false, ""non_boundary_zero_service_rate"": 0.23333333333333334, ""service_rounds"": 29, ""underserved_points_covered"": 0}",,,,,,0.01,SYNTHETIC_GENERATOR_AND_SYNTHETIC_ROAD_EDGES
many_low_data-30-5-seed20291056,MANY_LOW_DATA,S4_GEOGRAPHIC_ROLLING_7_21,30,5,2,"{""commit_window_days"": 7, ""lookahead_days"": 21, ""planning_window_days"": 28}",1,20291056,660500cd79054b716cca02d5727dfa519abcb7a815b6a854d4c6abac8c82d0ef,9627.42,71.6,11695.44,15501.46,0.0,16.91,22605.4,15130,23116,872,0,TIME_LIMIT,False,GEOGRAPHIC_ROLLING,True,GEOGRAPHIC_WINDOW_BASELINE_FALLBACK,22,21,9,0,0,0,False,34397,965464,8835464,,True,,,2604,361,2243,2510,94,0,False,0,"[{""committed_round_count"": 4, ""fallback_used"": false, ""heuristic_candidate_pruning_used"": false, ""pruned_hard_compatible_pair_count"": 0, ""solver_status"": ""TIME_LIMIT"", ""strategy_used"": ""GEOGRAPHIC_CLUSTER""}, {""committed_round_count"": 2, ""fallback_used"": false, ""heuristic_candidate_pruning_used"": false, ""pruned_hard_compatible_pair_count"": 0, ""solver_status"": ""TIME_LIMIT"", ""strategy_used"": ""GEOGRAPHIC_CLUSTER""}, {""committed_round_count"": 9, ""fallback_used"": true, ""heuristic_candidate_pruning_used"": false, ""pruned_hard_compatible_pair_count"": 0, ""solver_status"": ""TIME_LIMIT"", ""strategy_used"": ""BASELINE_FALLBACK""}, {""committed_round_count"": 7, ""fallback_used"": true, ""heuristic_candidate_pruning_used"": false, ""pruned_hard_compatible_pair_count"": 0, ""solver_status"": ""FEASIBLE"", ""strategy_used"": ""BASELINE_FALLBACK""}]",[],,0.14285714285714285,0.4375,0.6666666666666666,0.14285714285714285,0.4375,0.02,SYNTHETIC_GENERATOR_AND_SYNTHETIC_ROAD_EDGES
many_low_data-30-5-seed20291056,MANY_LOW_DATA,S4_GEOGRAPHIC_ROLLING_7_21,30,5,2,"{""commit_window_days"": 7, ""lookahead_days"": 21, ""planning_window_days"": 28}",2,20291056,660500cd79054b716cca02d5727dfa519abcb7a815b6a854d4c6abac8c82d0ef,9639.79,69.79,11698.37,15458.46,0.0,16.35,22564.76,15130,23116,872,0,TIME_LIMIT,False,GEOGRAPHIC_ROLLING,True,GEOGRAPHIC_WINDOW_BASELINE_FALLBACK,22,21,9,0,0,0,False,34397,965464,8835464,,True,,,2604,361,2243,2510,94,0,False,0,"[{""committed_round_count"": 4, ""fallback_used"": false, ""heuristic_candidate_pruning_used"": false, ""pruned_hard_compatible_pair_count"": 0, ""solver_status"": ""TIME_LIMIT"", ""strategy_used"": ""GEOGRAPHIC_CLUSTER""}, {""committed_round_count"": 2, ""fallback_used"": false, ""heuristic_candidate_pruning_used"": false, ""pruned_hard_compatible_pair_count"": 0, ""solver_status"": ""TIME_LIMIT"", ""strategy_used"": ""GEOGRAPHIC_CLUSTER""}, {""committed_round_count"": 9, ""fallback_used"": true, ""heuristic_candidate_pruning_used"": false, ""pruned_hard_compatible_pair_count"": 0, ""solver_status"": ""TIME_LIMIT"", ""strategy_used"": ""BASELINE_FALLBACK""}, {""committed_round_count"": 7, ""fallback_used"": true, ""heuristic_candidate_pruning_used"": false, ""pruned_hard_compatible_pair_count"": 0, ""solver_status"": ""FEASIBLE"", ""strategy_used"": ""BASELINE_FALLBACK""}]",[],,0.14285714285714285,0.4375,0.6666666666666666,0.14285714285714285,0.4375,0.02,SYNTHETIC_GENERATOR_AND_SYNTHETIC_ROAD_EDGES
many_low_data-30-5-seed20291056,MANY_LOW_DATA,S4_GEOGRAPHIC_ROLLING_7_21,30,5,2,"{""commit_window_days"": 7, ""lookahead_days"": 21, ""planning_window_days"": 28}",3,20291056,660500cd79054b716cca02d5727dfa519abcb7a815b6a854d4c6abac8c82d0ef,9611.72,81.59,11724.36,15463.3,0.0,16.58,22599.89,15130,23116,872,0,TIME_LIMIT,False,GEOGRAPHIC_ROLLING,True,GEOGRAPHIC_WINDOW_BASELINE_FALLBACK,22,21,9,0,0,0,False,34397,965464,8835464,,True,,,2604,361,2243,2510,94,0,False,0,"[{""committed_round_count"": 4, ""fallback_used"": false, ""heuristic_candidate_pruning_used"": false, ""pruned_hard_compatible_pair_count"": 0, ""solver_status"": ""TIME_LIMIT"", ""strategy_used"": ""GEOGRAPHIC_CLUSTER""}, {""committed_round_count"": 2, ""fallback_used"": false, ""heuristic_candidate_pruning_used"": false, ""pruned_hard_compatible_pair_count"": 0, ""solver_status"": ""TIME_LIMIT"", ""strategy_used"": ""GEOGRAPHIC_CLUSTER""}, {""committed_round_count"": 9, ""fallback_used"": true, ""heuristic_candidate_pruning_used"": false, ""pruned_hard_compatible_pair_count"": 0, ""solver_status"": ""TIME_LIMIT"", ""strategy_used"": ""BASELINE_FALLBACK""}, {""committed_round_count"": 7, ""fallback_used"": true, ""heuristic_candidate_pruning_used"": false, ""pruned_hard_compatible_pair_count"": 0, ""solver_status"": ""FEASIBLE"", ""strategy_used"": ""BASELINE_FALLBACK""}]",[],,0.14285714285714285,0.4375,0.6666666666666666,0.14285714285714285,0.4375,0.02,SYNTHETIC_GENERATOR_AND_SYNTHETIC_ROAD_EDGES
home_repair_mixed-30-5-seed20291057,HOME_REPAIR_MIXED,S3_ROLLING_HORIZON_7_21,30,5,,"{""commit_window_days"": 7, ""lookahead_days"": 21, ""planning_window_days"": 28}",1,20291057,d96d0660a0a8a39a0ed37f921b5593f3a271b8c344d2701d578964de8916992d,9586.07,36.16,10879.88,0.0,0.0,14.05,10907.21,8265,12736,820,0,OPTIMAL,True,BASELINE_FALLBACK,True,ROLLING_QUALITY_BELOW_FULL_LOOKAHEAD,27,27,3,0,0,0,False,45151,1267272,8692272,,True,,,2063,373,1690,1984,79,0,False,0,"[{""committed_round_count"": 5, ""fallback_used"": false, ""heuristic_candidate_pruning_used"": false, ""pruned_hard_compatible_pair_count"": 0, ""solver_status"": ""OPTIMAL"", ""strategy_used"": ""BASELINE_DECOMPOSED""}, {""committed_round_count"": 4, ""fallback_used"": false, ""heuristic_candidate_pruning_used"": false, ""pruned_hard_compatible_pair_count"": 0, ""solver_status"": ""TIME_LIMIT"", ""strategy_used"": ""BASELINE_DECOMPOSED""}, {""committed_round_count"": 7, ""fallback_used"": false, ""heuristic_candidate_pruning_used"": false, ""pruned_hard_compatible_pair_count"": 0, ""solver_status"": ""TIME_LIMIT"", ""strategy_used"": ""BASELINE_DECOMPOSED""}, {""committed_round_count"": 9, ""fallback_used"": false, ""heuristic_candidate_pruning_used"": false, ""pruned_hard_compatible_pair_count"": 0, ""solver_status"": ""FEASIBLE"", ""strategy_used"": ""BASELINE_DECOMPOSED""}]","[""COVERED_AREA_COUNT_BELOW_FULL_LOOKAHEAD""]","{""boundary_zero_service_rate"": null, ""covered_areas"": 20, ""late_horizon_zero_service_rate"": 0.625, ""minimum_coverage_met"": false, ""non_boundary_zero_service_rate"": 0.3333333333333333, ""service_rounds"": 25, ""underserved_points_covered"": 0}",,,,,,0.01,SYNTHETIC_GENERATOR_AND_SYNTHETIC_ROAD_EDGES
home_repair_mixed-30-5-seed20291057,HOME_REPAIR_MIXED,S3_ROLLING_HORIZON_7_21,30,5,,"{""commit_window_days"": 7, ""lookahead_days"": 21, ""planning_window_days"": 28}",2,20291057,d96d0660a0a8a39a0ed37f921b5593f3a271b8c344d2701d578964de8916992d,9536.63,35.8,10844.95,0.0,0.0,13.57,10871.5,8265,12736,820,0,OPTIMAL,True,BASELINE_FALLBACK,True,ROLLING_QUALITY_BELOW_FULL_LOOKAHEAD,27,27,3,0,0,0,False,45151,1267272,8692272,,True,,,2063,373,1690,1984,79,0,False,0,"[{""committed_round_count"": 5, ""fallback_used"": false, ""heuristic_candidate_pruning_used"": false, ""pruned_hard_compatible_pair_count"": 0, ""solver_status"": ""OPTIMAL"", ""strategy_used"": ""BASELINE_DECOMPOSED""}, {""committed_round_count"": 4, ""fallback_used"": false, ""heuristic_candidate_pruning_used"": false, ""pruned_hard_compatible_pair_count"": 0, ""solver_status"": ""TIME_LIMIT"", ""strategy_used"": ""BASELINE_DECOMPOSED""}, {""committed_round_count"": 7, ""fallback_used"": false, ""heuristic_candidate_pruning_used"": false, ""pruned_hard_compatible_pair_count"": 0, ""solver_status"": ""TIME_LIMIT"", ""strategy_used"": ""BASELINE_DECOMPOSED""}, {""committed_round_count"": 9, ""fallback_used"": false, ""heuristic_candidate_pruning_used"": false, ""pruned_hard_compatible_pair_count"": 0, ""solver_status"": ""FEASIBLE"", ""strategy_used"": ""BASELINE_DECOMPOSED""}]","[""COVERED_AREA_COUNT_BELOW_FULL_LOOKAHEAD""]","{""boundary_zero_service_rate"": null, ""covered_areas"": 20, ""late_horizon_zero_service_rate"": 0.625, ""minimum_coverage_met"": false, ""non_boundary_zero_service_rate"": 0.3333333333333333, ""service_rounds"": 25, ""underserved_points_covered"": 0}",,,,,,0.01,SYNTHETIC_GENERATOR_AND_SYNTHETIC_ROAD_EDGES
home_repair_mixed-30-5-seed20291057,HOME_REPAIR_MIXED,S3_ROLLING_HORIZON_7_21,30,5,,"{""commit_window_days"": 7, ""lookahead_days"": 21, ""planning_window_days"": 28}",3,20291057,d96d0660a0a8a39a0ed37f921b5593f3a271b8c344d2701d578964de8916992d,9479.68,37.27,10820.07,0.0,0.0,14.72,10849.15,8265,12736,820,0,OPTIMAL,True,BASELINE_FALLBACK,True,ROLLING_QUALITY_BELOW_FULL_LOOKAHEAD,27,27,3,0,0,0,False,45151,1267272,8692272,,True,,,2063,373,1690,1984,79,0,False,0,"[{""committed_round_count"": 5, ""fallback_used"": false, ""heuristic_candidate_pruning_used"": false, ""pruned_hard_compatible_pair_count"": 0, ""solver_status"": ""OPTIMAL"", ""strategy_used"": ""BASELINE_DECOMPOSED""}, {""committed_round_count"": 4, ""fallback_used"": false, ""heuristic_candidate_pruning_used"": false, ""pruned_hard_compatible_pair_count"": 0, ""solver_status"": ""TIME_LIMIT"", ""strategy_used"": ""BASELINE_DECOMPOSED""}, {""committed_round_count"": 7, ""fallback_used"": false, ""heuristic_candidate_pruning_used"": false, ""pruned_hard_compatible_pair_count"": 0, ""solver_status"": ""TIME_LIMIT"", ""strategy_used"": ""BASELINE_DECOMPOSED""}, {""committed_round_count"": 9, ""fallback_used"": false, ""heuristic_candidate_pruning_used"": false, ""pruned_hard_compatible_pair_count"": 0, ""solver_status"": ""FEASIBLE"", ""strategy_used"": ""BASELINE_DECOMPOSED""}]","[""COVERED_AREA_COUNT_BELOW_FULL_LOOKAHEAD""]","{""boundary_zero_service_rate"": null, ""covered_areas"": 20, ""late_horizon_zero_service_rate"": 0.625, ""minimum_coverage_met"": false, ""non_boundary_zero_service_rate"": 0.3333333333333333, ""service_rounds"": 25, ""underserved_points_covered"": 0}",,,,,,0.01,SYNTHETIC_GENERATOR_AND_SYNTHETIC_ROAD_EDGES
home_repair_mixed-30-5-seed20291057,HOME_REPAIR_MIXED,S4_GEOGRAPHIC_ROLLING_7_21,30,5,2,"{""commit_window_days"": 7, ""lookahead_days"": 21, ""planning_window_days"": 28}",1,20291057,d96d0660a0a8a39a0ed37f921b5593f3a271b8c344d2701d578964de8916992d,17999.73,85.15,12368.07,21190.45,0.0,16.49,29533.53,18892,28609,820,0,OPTIMAL,True,BASELINE_FALLBACK,True,ROLLING_QUALITY_BELOW_FULL_LOOKAHEAD,27,27,3,0,0,0,False,45151,1267272,8692272,,True,,,3994,407,3587,3912,82,0,False,0,"[{""committed_round_count"": 10, ""fallback_used"": false, ""heuristic_candidate_pruning_used"": false, ""pruned_hard_compatible_pair_count"": 0, ""solver_status"": ""TIME_LIMIT"", ""strategy_used"": ""GEOGRAPHIC_CLUSTER""}, {""committed_round_count"": 8, ""fallback_used"": true, ""heuristic_candidate_pruning_used"": false, ""pruned_hard_compatible_pair_count"": 0, ""solver_status"": ""TIME_LIMIT"", ""strategy_used"": ""BASELINE_FALLBACK""}, {""committed_round_count"": 4, ""fallback_used"": true, ""heuristic_candidate_pruning_used"": false, ""pruned_hard_compatible_pair_count"": 0, ""solver_status"": ""FEASIBLE"", ""strategy_used"": ""BASELINE_FALLBACK""}, {""committed_round_count"": 4, ""fallback_used"": true, ""heuristic_candidate_pruning_used"": false, ""pruned_hard_compatible_pair_count"": 0, ""solver_status"": ""FEASIBLE"", ""strategy_used"": ""BASELINE_FALLBACK""}]","[""COVERED_AREA_COUNT_BELOW_FULL_LOOKAHEAD""]","{""boundary_zero_service_rate"": 0.0, ""covered_areas"": 20, ""late_horizon_zero_service_rate"": 0.8260869565217391, ""minimum_coverage_met"": false, ""non_boundary_zero_service_rate"": 0.4166666666666667, ""service_rounds"": 26, ""underserved_points_covered"": 0}",,,,,,558.38,SYNTHETIC_GENERATOR_AND_SYNTHETIC_ROAD_EDGES
home_repair_mixed-30-5-seed20291057,HOME_REPAIR_MIXED,S4_GEOGRAPHIC_ROLLING_7_21,30,5,2,"{""commit_window_days"": 7, ""lookahead_days"": 21, ""planning_window_days"": 28}",2,20291057,d96d0660a0a8a39a0ed37f921b5593f3a271b8c344d2701d578964de8916992d,17902.92,87.22,12376.86,21168.61,0.0,15.63,29477.75,18892,28609,820,0,OPTIMAL,True,BASELINE_FALLBACK,True,ROLLING_QUALITY_BELOW_FULL_LOOKAHEAD,27,27,3,0,0,0,False,45151,1267272,8692272,,True,,,3994,407,3587,3912,82,0,False,0,"[{""committed_round_count"": 10, ""fallback_used"": false, ""heuristic_candidate_pruning_used"": false, ""pruned_hard_compatible_pair_count"": 0, ""solver_status"": ""TIME_LIMIT"", ""strategy_used"": ""GEOGRAPHIC_CLUSTER""}, {""committed_round_count"": 8, ""fallback_used"": true, ""heuristic_candidate_pruning_used"": false, ""pruned_hard_compatible_pair_count"": 0, ""solver_status"": ""TIME_LIMIT"", ""strategy_used"": ""BASELINE_FALLBACK""}, {""committed_round_count"": 4, ""fallback_used"": true, ""heuristic_candidate_pruning_used"": false, ""pruned_hard_compatible_pair_count"": 0, ""solver_status"": ""FEASIBLE"", ""strategy_used"": ""BASELINE_FALLBACK""}, {""committed_round_count"": 4, ""fallback_used"": true, ""heuristic_candidate_pruning_used"": false, ""pruned_hard_compatible_pair_count"": 0, ""solver_status"": ""FEASIBLE"", ""strategy_used"": ""BASELINE_FALLBACK""}]","[""COVERED_AREA_COUNT_BELOW_FULL_LOOKAHEAD""]","{""boundary_zero_service_rate"": 0.0, ""covered_areas"": 20, ""late_horizon_zero_service_rate"": 0.8260869565217391, ""minimum_coverage_met"": false, ""non_boundary_zero_service_rate"": 0.4166666666666667, ""service_rounds"": 26, ""underserved_points_covered"": 0}",,,,,,574.93,SYNTHETIC_GENERATOR_AND_SYNTHETIC_ROAD_EDGES
home_repair_mixed-30-5-seed20291057,HOME_REPAIR_MIXED,S4_GEOGRAPHIC_ROLLING_7_21,30,5,2,"{""commit_window_days"": 7, ""lookahead_days"": 21, ""planning_window_days"": 28}",3,20291057,d96d0660a0a8a39a0ed37f921b5593f3a271b8c344d2701d578964de8916992d,17871.53,86.17,12315.71,21091.36,0.0,17.29,29382.72,18892,28609,820,0,OPTIMAL,True,BASELINE_FALLBACK,True,ROLLING_QUALITY_BELOW_FULL_LOOKAHEAD,27,27,3,0,0,0,False,45151,1267272,8692272,,True,,,3994,407,3587,3912,82,0,False,0,"[{""committed_round_count"": 10, ""fallback_used"": false, ""heuristic_candidate_pruning_used"": false, ""pruned_hard_compatible_pair_count"": 0, ""solver_status"": ""TIME_LIMIT"", ""strategy_used"": ""GEOGRAPHIC_CLUSTER""}, {""committed_round_count"": 8, ""fallback_used"": true, ""heuristic_candidate_pruning_used"": false, ""pruned_hard_compatible_pair_count"": 0, ""solver_status"": ""TIME_LIMIT"", ""strategy_used"": ""BASELINE_FALLBACK""}, {""committed_round_count"": 4, ""fallback_used"": true, ""heuristic_candidate_pruning_used"": false, ""pruned_hard_compatible_pair_count"": 0, ""solver_status"": ""FEASIBLE"", ""strategy_used"": ""BASELINE_FALLBACK""}, {""committed_round_count"": 4, ""fallback_used"": true, ""heuristic_candidate_pruning_used"": false, ""pruned_hard_compatible_pair_count"": 0, ""solver_status"": ""FEASIBLE"", ""strategy_used"": ""BASELINE_FALLBACK""}]","[""COVERED_AREA_COUNT_BELOW_FULL_LOOKAHEAD""]","{""boundary_zero_service_rate"": 0.0, ""covered_areas"": 20, ""late_horizon_zero_service_rate"": 0.8260869565217391, ""minimum_coverage_met"": false, ""non_boundary_zero_service_rate"": 0.4166666666666667, ""service_rounds"": 26, ""underserved_points_covered"": 0}",,,,,,575.44,SYNTHETIC_GENERATOR_AND_SYNTHETIC_ROAD_EDGES
mass_decline-30-5-seed20291058,MASS_DECLINE,S3_ROLLING_HORIZON_7_21,30,5,,"{""commit_window_days"": 7, ""lookahead_days"": 21, ""planning_window_days"": 28}",1,20291058,aa36a18bafb192b0a185a8ba22241e9f2644fd40832b84efc45daac0e0203938,3237.9,25.34,8528.87,0.0,0.0,10.54,8764.2,5292,7865,240,0,TIME_LIMIT,False,ROLLING_HORIZON,False,,17,17,13,0,0,0,False,26801,752184,8627184,,True,,,1357,331,1026,1296,61,0,False,0,"[{""committed_round_count"": 8, ""fallback_used"": false, ""heuristic_candidate_pruning_used"": false, ""pruned_hard_compatible_pair_count"": 0, ""solver_status"": ""TIME_LIMIT"", ""strategy_used"": ""BASELINE_DECOMPOSED""}, {""committed_round_count"": 0, ""fallback_used"": false, ""heuristic_candidate_pruning_used"": false, ""pruned_hard_compatible_pair_count"": 0, ""solver_status"": ""FEASIBLE"", ""strategy_used"": ""BASELINE_DECOMPOSED""}, {""committed_round_count"": 1, ""fallback_used"": false, ""heuristic_candidate_pruning_used"": false, ""pruned_hard_compatible_pair_count"": 0, ""solver_status"": ""TIME_LIMIT"", ""strategy_used"": ""BASELINE_DECOMPOSED""}, {""committed_round_count"": 8, ""fallback_used"": false, ""heuristic_candidate_pruning_used"": false, ""pruned_hard_compatible_pair_count"": 0, ""solver_status"": ""FEASIBLE"", ""strategy_used"": ""BASELINE_DECOMPOSED""}]",[],,,0.43333333333333335,0.6363636363636364,,0.43333333333333335,0.01,SYNTHETIC_GENERATOR_AND_SYNTHETIC_ROAD_EDGES
mass_decline-30-5-seed20291058,MASS_DECLINE,S3_ROLLING_HORIZON_7_21,30,5,,"{""commit_window_days"": 7, ""lookahead_days"": 21, ""planning_window_days"": 28}",2,20291058,aa36a18bafb192b0a185a8ba22241e9f2644fd40832b84efc45daac0e0203938,3242.45,25.07,8525.87,0.0,0.0,12.05,8762.34,5292,7865,240,0,TIME_LIMIT,False,ROLLING_HORIZON,False,,17,17,13,0,0,0,False,26801,752184,8627184,,True,,,1357,331,1026,1296,61,0,False,0,"[{""committed_round_count"": 8, ""fallback_used"": false, ""heuristic_candidate_pruning_used"": false, ""pruned_hard_compatible_pair_count"": 0, ""solver_status"": ""TIME_LIMIT"", ""strategy_used"": ""BASELINE_DECOMPOSED""}, {""committed_round_count"": 0, ""fallback_used"": false, ""heuristic_candidate_pruning_used"": false, ""pruned_hard_compatible_pair_count"": 0, ""solver_status"": ""FEASIBLE"", ""strategy_used"": ""BASELINE_DECOMPOSED""}, {""committed_round_count"": 1, ""fallback_used"": false, ""heuristic_candidate_pruning_used"": false, ""pruned_hard_compatible_pair_count"": 0, ""solver_status"": ""TIME_LIMIT"", ""strategy_used"": ""BASELINE_DECOMPOSED""}, {""committed_round_count"": 8, ""fallback_used"": false, ""heuristic_candidate_pruning_used"": false, ""pruned_hard_compatible_pair_count"": 0, ""solver_status"": ""FEASIBLE"", ""strategy_used"": ""BASELINE_DECOMPOSED""}]",[],,,0.43333333333333335,0.6363636363636364,,0.43333333333333335,0.01,SYNTHETIC_GENERATOR_AND_SYNTHETIC_ROAD_EDGES
mass_decline-30-5-seed20291058,MASS_DECLINE,S3_ROLLING_HORIZON_7_21,30,5,,"{""commit_window_days"": 7, ""lookahead_days"": 21, ""planning_window_days"": 28}",3,20291058,aa36a18bafb192b0a185a8ba22241e9f2644fd40832b84efc45daac0e0203938,3242.8,24.79,8516.1,0.0,0.0,10.31,8752.94,5292,7865,240,0,TIME_LIMIT,False,ROLLING_HORIZON,False,,17,17,13,0,0,0,False,26801,752184,8627184,,True,,,1357,331,1026,1296,61,0,False,0,"[{""committed_round_count"": 8, ""fallback_used"": false, ""heuristic_candidate_pruning_used"": false, ""pruned_hard_compatible_pair_count"": 0, ""solver_status"": ""TIME_LIMIT"", ""strategy_used"": ""BASELINE_DECOMPOSED""}, {""committed_round_count"": 0, ""fallback_used"": false, ""heuristic_candidate_pruning_used"": false, ""pruned_hard_compatible_pair_count"": 0, ""solver_status"": ""FEASIBLE"", ""strategy_used"": ""BASELINE_DECOMPOSED""}, {""committed_round_count"": 1, ""fallback_used"": false, ""heuristic_candidate_pruning_used"": false, ""pruned_hard_compatible_pair_count"": 0, ""solver_status"": ""TIME_LIMIT"", ""strategy_used"": ""BASELINE_DECOMPOSED""}, {""committed_round_count"": 8, ""fallback_used"": false, ""heuristic_candidate_pruning_used"": false, ""pruned_hard_compatible_pair_count"": 0, ""solver_status"": ""FEASIBLE"", ""strategy_used"": ""BASELINE_DECOMPOSED""}]",[],,,0.43333333333333335,0.6363636363636364,,0.43333333333333335,0.01,SYNTHETIC_GENERATOR_AND_SYNTHETIC_ROAD_EDGES
mass_decline-30-5-seed20291058,MASS_DECLINE,S4_GEOGRAPHIC_ROLLING_7_21,30,5,2,"{""commit_window_days"": 7, ""lookahead_days"": 21, ""planning_window_days"": 28}",1,20291058,aa36a18bafb192b0a185a8ba22241e9f2644fd40832b84efc45daac0e0203938,1672.66,46.04,14221.63,2123.33,0.0,13.89,10156.16,9488,13904,240,0,TIME_LIMIT,False,GEOGRAPHIC_ROLLING,False,,18,18,12,0,0,0,False,29398,825112,8730112,,True,,,2228,379,1849,2154,74,0,False,0,"[{""committed_round_count"": 2, ""fallback_used"": false, ""heuristic_candidate_pruning_used"": false, ""pruned_hard_compatible_pair_count"": 0, ""solver_status"": ""TIME_LIMIT"", ""strategy_used"": ""GEOGRAPHIC_CLUSTER""}, {""committed_round_count"": 4, ""fallback_used"": false, ""heuristic_candidate_pruning_used"": false, ""pruned_hard_compatible_pair_count"": 0, ""solver_status"": ""TIME_LIMIT"", ""strategy_used"": ""GEOGRAPHIC_CLUSTER""}, {""committed_round_count"": 2, ""fallback_used"": false, ""heuristic_candidate_pruning_used"": false, ""pruned_hard_compatible_pair_count"": 0, ""solver_status"": ""TIME_LIMIT"", ""strategy_used"": ""GEOGRAPHIC_CLUSTER""}, {""committed_round_count"": 10, ""fallback_used"": false, ""heuristic_candidate_pruning_used"": false, ""pruned_hard_compatible_pair_count"": 0, ""solver_status"": ""FEASIBLE"", ""strategy_used"": ""GEOGRAPHIC_CLUSTER""}]",[],,0.625,0.3181818181818182,0.5454545454545454,0.625,0.3181818181818182,0.01,SYNTHETIC_GENERATOR_AND_SYNTHETIC_ROAD_EDGES
mass_decline-30-5-seed20291058,MASS_DECLINE,S4_GEOGRAPHIC_ROLLING_7_21,30,5,2,"{""commit_window_days"": 7, ""lookahead_days"": 21, ""planning_window_days"": 28}",2,20291058,aa36a18bafb192b0a185a8ba22241e9f2644fd40832b84efc45daac0e0203938,1677.61,44.79,14231.44,2123.31,0.0,12.38,10146.19,9488,13904,240,0,TIME_LIMIT,False,GEOGRAPHIC_ROLLING,False,,18,18,12,0,0,0,False,29398,825112,8730112,,True,,,2228,379,1849,2154,74,0,False,0,"[{""committed_round_count"": 2, ""fallback_used"": false, ""heuristic_candidate_pruning_used"": false, ""pruned_hard_compatible_pair_count"": 0, ""solver_status"": ""TIME_LIMIT"", ""strategy_used"": ""GEOGRAPHIC_CLUSTER""}, {""committed_round_count"": 4, ""fallback_used"": false, ""heuristic_candidate_pruning_used"": false, ""pruned_hard_compatible_pair_count"": 0, ""solver_status"": ""TIME_LIMIT"", ""strategy_used"": ""GEOGRAPHIC_CLUSTER""}, {""committed_round_count"": 2, ""fallback_used"": false, ""heuristic_candidate_pruning_used"": false, ""pruned_hard_compatible_pair_count"": 0, ""solver_status"": ""TIME_LIMIT"", ""strategy_used"": ""GEOGRAPHIC_CLUSTER""}, {""committed_round_count"": 10, ""fallback_used"": false, ""heuristic_candidate_pruning_used"": false, ""pruned_hard_compatible_pair_count"": 0, ""solver_status"": ""FEASIBLE"", ""strategy_used"": ""GEOGRAPHIC_CLUSTER""}]",[],,0.625,0.3181818181818182,0.5454545454545454,0.625,0.3181818181818182,0.01,SYNTHETIC_GENERATOR_AND_SYNTHETIC_ROAD_EDGES
mass_decline-30-5-seed20291058,MASS_DECLINE,S4_GEOGRAPHIC_ROLLING_7_21,30,5,2,"{""commit_window_days"": 7, ""lookahead_days"": 21, ""planning_window_days"": 28}",3,20291058,aa36a18bafb192b0a185a8ba22241e9f2644fd40832b84efc45daac0e0203938,1681.57,44.43,14237.03,2135.23,0.0,13.23,10161.54,9488,13904,240,0,TIME_LIMIT,False,GEOGRAPHIC_ROLLING,False,,18,18,12,0,0,0,False,29398,825112,8730112,,True,,,2228,379,1849,2154,74,0,False,0,"[{""committed_round_count"": 2, ""fallback_used"": false, ""heuristic_candidate_pruning_used"": false, ""pruned_hard_compatible_pair_count"": 0, ""solver_status"": ""TIME_LIMIT"", ""strategy_used"": ""GEOGRAPHIC_CLUSTER""}, {""committed_round_count"": 4, ""fallback_used"": false, ""heuristic_candidate_pruning_used"": false, ""pruned_hard_compatible_pair_count"": 0, ""solver_status"": ""TIME_LIMIT"", ""strategy_used"": ""GEOGRAPHIC_CLUSTER""}, {""committed_round_count"": 2, ""fallback_used"": false, ""heuristic_candidate_pruning_used"": false, ""pruned_hard_compatible_pair_count"": 0, ""solver_status"": ""TIME_LIMIT"", ""strategy_used"": ""GEOGRAPHIC_CLUSTER""}, {""committed_round_count"": 10, ""fallback_used"": false, ""heuristic_candidate_pruning_used"": false, ""pruned_hard_compatible_pair_count"": 0, ""solver_status"": ""FEASIBLE"", ""strategy_used"": ""GEOGRAPHIC_CLUSTER""}]",[],,0.625,0.3181818181818182,0.5454545454545454,0.625,0.3181818181818182,0.01,SYNTHETIC_GENERATOR_AND_SYNTHETIC_ROAD_EDGES
normal-50-5-seed20311052,NORMAL,S3_ROLLING_HORIZON_7_21,50,5,,"{""commit_window_days"": 7, ""lookahead_days"": 21, ""planning_window_days"": 28}",1,20311052,6f3c180b2a2846c325ddbcf1f286850950460ead826cde9424f5ac1ff74eccbc,9354.43,64.82,15665.75,0.0,0.0,21.49,13844.22,13721,20654,1456,0,TIME_LIMIT,False,BASELINE_FALLBACK,True,ROLLING_QUALITY_BELOW_FULL_LOOKAHEAD,47,47,3,0,0,0,False,70831,1988149,14468149,,True,,,2941,631,2310,2816,125,0,False,0,"[{""committed_round_count"": 19, ""fallback_used"": false, ""heuristic_candidate_pruning_used"": false, ""pruned_hard_compatible_pair_count"": 0, ""solver_status"": ""TIME_LIMIT"", ""strategy_used"": ""BASELINE_DECOMPOSED""}, {""committed_round_count"": 18, ""fallback_used"": false, ""heuristic_candidate_pruning_used"": false, ""pruned_hard_compatible_pair_count"": 0, ""solver_status"": ""TIME_LIMIT"", ""strategy_used"": ""BASELINE_DECOMPOSED""}, {""committed_round_count"": 4, ""fallback_used"": false, ""heuristic_candidate_pruning_used"": false, ""pruned_hard_compatible_pair_count"": 0, ""solver_status"": ""FEASIBLE"", ""strategy_used"": ""BASELINE_DECOMPOSED""}, {""committed_round_count"": 8, ""fallback_used"": false, ""heuristic_candidate_pruning_used"": false, ""pruned_hard_compatible_pair_count"": 0, ""solver_status"": ""FEASIBLE"", ""strategy_used"": ""BASELINE_DECOMPOSED""}]","[""COVERED_AREA_COUNT_BELOW_FULL_LOOKAHEAD""]","{""boundary_zero_service_rate"": null, ""covered_areas"": 42, ""late_horizon_zero_service_rate"": 0.7419354838709677, ""minimum_coverage_met"": false, ""non_boundary_zero_service_rate"": 0.16, ""service_rounds"": 49, ""underserved_points_covered"": 0}",,,,,,0.01,SYNTHETIC_GENERATOR_AND_SYNTHETIC_ROAD_EDGES
normal-50-5-seed20311052,NORMAL,S3_ROLLING_HORIZON_7_21,50,5,,"{""commit_window_days"": 7, ""lookahead_days"": 21, ""planning_window_days"": 28}",2,20311052,6f3c180b2a2846c325ddbcf1f286850950460ead826cde9424f5ac1ff74eccbc,9225.07,63.03,15665.63,0.0,0.0,20.4,13805.8,13721,20654,1456,0,TIME_LIMIT,False,BASELINE_FALLBACK,True,ROLLING_QUALITY_BELOW_FULL_LOOKAHEAD,47,47,3,0,0,0,False,70831,1988149,14468149,,True,,,2941,631,2310,2816,125,0,False,0,"[{""committed_round_count"": 19, ""fallback_used"": false, ""heuristic_candidate_pruning_used"": false, ""pruned_hard_compatible_pair_count"": 0, ""solver_status"": ""TIME_LIMIT"", ""strategy_used"": ""BASELINE_DECOMPOSED""}, {""committed_round_count"": 18, ""fallback_used"": false, ""heuristic_candidate_pruning_used"": false, ""pruned_hard_compatible_pair_count"": 0, ""solver_status"": ""TIME_LIMIT"", ""strategy_used"": ""BASELINE_DECOMPOSED""}, {""committed_round_count"": 4, ""fallback_used"": false, ""heuristic_candidate_pruning_used"": false, ""pruned_hard_compatible_pair_count"": 0, ""solver_status"": ""FEASIBLE"", ""strategy_used"": ""BASELINE_DECOMPOSED""}, {""committed_round_count"": 8, ""fallback_used"": false, ""heuristic_candidate_pruning_used"": false, ""pruned_hard_compatible_pair_count"": 0, ""solver_status"": ""FEASIBLE"", ""strategy_used"": ""BASELINE_DECOMPOSED""}]","[""COVERED_AREA_COUNT_BELOW_FULL_LOOKAHEAD""]","{""boundary_zero_service_rate"": null, ""covered_areas"": 42, ""late_horizon_zero_service_rate"": 0.7419354838709677, ""minimum_coverage_met"": false, ""non_boundary_zero_service_rate"": 0.16, ""service_rounds"": 49, ""underserved_points_covered"": 0}",,,,,,0.01,SYNTHETIC_GENERATOR_AND_SYNTHETIC_ROAD_EDGES
normal-50-5-seed20311052,NORMAL,S3_ROLLING_HORIZON_7_21,50,5,,"{""commit_window_days"": 7, ""lookahead_days"": 21, ""planning_window_days"": 28}",3,20311052,6f3c180b2a2846c325ddbcf1f286850950460ead826cde9424f5ac1ff74eccbc,9264.47,61.9,15678.18,0.0,0.0,20.01,13840.82,13721,20654,1456,0,TIME_LIMIT,False,BASELINE_FALLBACK,True,ROLLING_QUALITY_BELOW_FULL_LOOKAHEAD,47,47,3,0,0,0,False,70831,1988149,14468149,,True,,,2941,631,2310,2816,125,0,False,0,"[{""committed_round_count"": 19, ""fallback_used"": false, ""heuristic_candidate_pruning_used"": false, ""pruned_hard_compatible_pair_count"": 0, ""solver_status"": ""TIME_LIMIT"", ""strategy_used"": ""BASELINE_DECOMPOSED""}, {""committed_round_count"": 18, ""fallback_used"": false, ""heuristic_candidate_pruning_used"": false, ""pruned_hard_compatible_pair_count"": 0, ""solver_status"": ""TIME_LIMIT"", ""strategy_used"": ""BASELINE_DECOMPOSED""}, {""committed_round_count"": 4, ""fallback_used"": false, ""heuristic_candidate_pruning_used"": false, ""pruned_hard_compatible_pair_count"": 0, ""solver_status"": ""FEASIBLE"", ""strategy_used"": ""BASELINE_DECOMPOSED""}, {""committed_round_count"": 8, ""fallback_used"": false, ""heuristic_candidate_pruning_used"": false, ""pruned_hard_compatible_pair_count"": 0, ""solver_status"": ""FEASIBLE"", ""strategy_used"": ""BASELINE_DECOMPOSED""}]","[""COVERED_AREA_COUNT_BELOW_FULL_LOOKAHEAD""]","{""boundary_zero_service_rate"": null, ""covered_areas"": 42, ""late_horizon_zero_service_rate"": 0.7419354838709677, ""minimum_coverage_met"": false, ""non_boundary_zero_service_rate"": 0.16, ""service_rounds"": 49, ""underserved_points_covered"": 0}",,,,,,0.01,SYNTHETIC_GENERATOR_AND_SYNTHETIC_ROAD_EDGES
normal-50-5-seed20311052,NORMAL,S4_GEOGRAPHIC_ROLLING_7_21,50,5,4,"{""commit_window_days"": 7, ""lookahead_days"": 21, ""planning_window_days"": 28}",1,20311052,6f3c180b2a2846c325ddbcf1f286850950460ead826cde9424f5ac1ff74eccbc,14199.9,128.09,17069.95,19078.46,0.0,29.67,31773.03,25493,38000,1456,0,TIME_LIMIT,False,GEOGRAPHIC_ROLLING,True,GEOGRAPHIC_WINDOW_BASELINE_FALLBACK,48,40,10,0,0,0,False,64026,1797063,14792063,,True,,,4865,785,4080,4690,175,0,False,0,"[{""committed_round_count"": 16, ""fallback_used"": false, ""heuristic_candidate_pruning_used"": false, ""pruned_hard_compatible_pair_count"": 0, ""solver_status"": ""TIME_LIMIT"", ""strategy_used"": ""GEOGRAPHIC_CLUSTER""}, {""committed_round_count"": 16, ""fallback_used"": true, ""heuristic_candidate_pruning_used"": false, ""pruned_hard_compatible_pair_count"": 0, ""solver_status"": ""TIME_LIMIT"", ""strategy_used"": ""BASELINE_FALLBACK""}, {""committed_round_count"": 4, ""fallback_used"": true, ""heuristic_candidate_pruning_used"": false, ""pruned_hard_compatible_pair_count"": 0, ""solver_status"": ""FEASIBLE"", ""strategy_used"": ""BASELINE_FALLBACK""}, {""committed_round_count"": 12, ""fallback_used"": true, ""heuristic_candidate_pruning_used"": false, ""pruned_hard_compatible_pair_count"": 0, ""solver_status"": ""FEASIBLE"", ""strategy_used"": ""BASELINE_FALLBACK""}]",[],,0.23076923076923078,0.1891891891891892,0.6,0.23076923076923078,0.1891891891891892,0.02,SYNTHETIC_GENERATOR_AND_SYNTHETIC_ROAD_EDGES
normal-50-5-seed20311052,NORMAL,S4_GEOGRAPHIC_ROLLING_7_21,50,5,4,"{""commit_window_days"": 7, ""lookahead_days"": 21, ""planning_window_days"": 28}",2,20311052,6f3c180b2a2846c325ddbcf1f286850950460ead826cde9424f5ac1ff74eccbc,14048.59,129.94,17247.23,18965.0,0.0,27.93,31748.85,25493,38000,1456,0,TIME_LIMIT,False,GEOGRAPHIC_ROLLING,True,GEOGRAPHIC_WINDOW_BASELINE_FALLBACK,48,40,10,0,0,0,False,64026,1797063,14792063,,True,,,4865,785,4080,4690,175,0,False,0,"[{""committed_round_count"": 16, ""fallback_used"": false, ""heuristic_candidate_pruning_used"": false, ""pruned_hard_compatible_pair_count"": 0, ""solver_status"": ""TIME_LIMIT"", ""strategy_used"": ""GEOGRAPHIC_CLUSTER""}, {""committed_round_count"": 16, ""fallback_used"": true, ""heuristic_candidate_pruning_used"": false, ""pruned_hard_compatible_pair_count"": 0, ""solver_status"": ""TIME_LIMIT"", ""strategy_used"": ""BASELINE_FALLBACK""}, {""committed_round_count"": 4, ""fallback_used"": true, ""heuristic_candidate_pruning_used"": false, ""pruned_hard_compatible_pair_count"": 0, ""solver_status"": ""FEASIBLE"", ""strategy_used"": ""BASELINE_FALLBACK""}, {""committed_round_count"": 12, ""fallback_used"": true, ""heuristic_candidate_pruning_used"": false, ""pruned_hard_compatible_pair_count"": 0, ""solver_status"": ""FEASIBLE"", ""strategy_used"": ""BASELINE_FALLBACK""}]",[],,0.23076923076923078,0.1891891891891892,0.6,0.23076923076923078,0.1891891891891892,0.02,SYNTHETIC_GENERATOR_AND_SYNTHETIC_ROAD_EDGES
normal-50-5-seed20311052,NORMAL,S4_GEOGRAPHIC_ROLLING_7_21,50,5,4,"{""commit_window_days"": 7, ""lookahead_days"": 21, ""planning_window_days"": 28}",3,20311052,6f3c180b2a2846c325ddbcf1f286850950460ead826cde9424f5ac1ff74eccbc,13986.92,131.19,17006.43,18947.79,0.0,29.81,31617.49,25493,38000,1456,0,TIME_LIMIT,False,GEOGRAPHIC_ROLLING,True,GEOGRAPHIC_WINDOW_BASELINE_FALLBACK,48,40,10,0,0,0,False,64026,1797063,14792063,,True,,,4865,785,4080,4690,175,0,False,0,"[{""committed_round_count"": 16, ""fallback_used"": false, ""heuristic_candidate_pruning_used"": false, ""pruned_hard_compatible_pair_count"": 0, ""solver_status"": ""TIME_LIMIT"", ""strategy_used"": ""GEOGRAPHIC_CLUSTER""}, {""committed_round_count"": 16, ""fallback_used"": true, ""heuristic_candidate_pruning_used"": false, ""pruned_hard_compatible_pair_count"": 0, ""solver_status"": ""TIME_LIMIT"", ""strategy_used"": ""BASELINE_FALLBACK""}, {""committed_round_count"": 4, ""fallback_used"": true, ""heuristic_candidate_pruning_used"": false, ""pruned_hard_compatible_pair_count"": 0, ""solver_status"": ""FEASIBLE"", ""strategy_used"": ""BASELINE_FALLBACK""}, {""committed_round_count"": 12, ""fallback_used"": true, ""heuristic_candidate_pruning_used"": false, ""pruned_hard_compatible_pair_count"": 0, ""solver_status"": ""FEASIBLE"", ""strategy_used"": ""BASELINE_FALLBACK""}]",[],,0.23076923076923078,0.1891891891891892,0.6,0.23076923076923078,0.1891891891891892,0.02,SYNTHETIC_GENERATOR_AND_SYNTHETIC_ROAD_EDGES
tight_budget-50-5-seed20311053,TIGHT_BUDGET,S3_ROLLING_HORIZON_7_21,50,5,,"{""commit_window_days"": 7, ""lookahead_days"": 21, ""planning_window_days"": 28}",1,20311053,b9a8086b4de6db3e3d15add8848747fe3a28f6e25dcb5a40cdb1577d180bb571,9559.64,68.09,8036.64,0.0,0.0,5.9,8162.1,8430,13120,1460,0,OPTIMAL,True,BASELINE_FALLBACK,True,ROLLING_QUALITY_BELOW_FULL_LOOKAHEAD,14,14,36,0,0,0,False,19303,541864,3971864,,True,,,1976,395,1581,1946,30,0,False,0,"[{""committed_round_count"": 4, ""fallback_used"": false, ""heuristic_candidate_pruning_used"": false, ""pruned_hard_compatible_pair_count"": 0, ""solver_status"": ""OPTIMAL"", ""strategy_used"": ""BASELINE_DECOMPOSED""}, {""committed_round_count"": 1, ""fallback_used"": false, ""heuristic_candidate_pruning_used"": false, ""pruned_hard_compatible_pair_count"": 0, ""solver_status"": ""FEASIBLE"", ""strategy_used"": ""BASELINE_DECOMPOSED""}, {""committed_round_count"": 3, ""fallback_used"": false, ""heuristic_candidate_pruning_used"": false, ""pruned_hard_compatible_pair_count"": 0, ""solver_status"": ""FEASIBLE"", ""strategy_used"": ""BASELINE_DECOMPOSED""}, {""committed_round_count"": 0, ""fallback_used"": false, ""heuristic_candidate_pruning_used"": false, ""pruned_hard_compatible_pair_count"": 0, ""solver_status"": ""FEASIBLE"", ""strategy_used"": ""BASELINE_DECOMPOSED""}]","[""COVERED_AREA_COUNT_BELOW_FULL_LOOKAHEAD"", ""SERVICE_ROUNDS_BELOW_FULL_LOOKAHEAD_BY_OVER_10_PERCENT""]","{""boundary_zero_service_rate"": null, ""covered_areas"": 8, ""late_horizon_zero_service_rate"": 1.0, ""minimum_coverage_met"": false, ""non_boundary_zero_service_rate"": 0.84, ""service_rounds"": 8, ""underserved_points_covered"": 0}",,,,,,0.01,SYNTHETIC_GENERATOR_AND_SYNTHETIC_ROAD_EDGES
tight_budget-50-5-seed20311053,TIGHT_BUDGET,S3_ROLLING_HORIZON_7_21,50,5,,"{""commit_window_days"": 7, ""lookahead_days"": 21, ""planning_window_days"": 28}",2,20311053,b9a8086b4de6db3e3d15add8848747fe3a28f6e25dcb5a40cdb1577d180bb571,9762.51,68.55,8131.72,0.0,0.0,5.87,8245.72,8430,13120,1460,0,OPTIMAL,True,BASELINE_FALLBACK,True,ROLLING_QUALITY_BELOW_FULL_LOOKAHEAD,14,14,36,0,0,0,False,19303,541864,3971864,,True,,,1976,395,1581,1946,30,0,False,0,"[{""committed_round_count"": 4, ""fallback_used"": false, ""heuristic_candidate_pruning_used"": false, ""pruned_hard_compatible_pair_count"": 0, ""solver_status"": ""OPTIMAL"", ""strategy_used"": ""BASELINE_DECOMPOSED""}, {""committed_round_count"": 1, ""fallback_used"": false, ""heuristic_candidate_pruning_used"": false, ""pruned_hard_compatible_pair_count"": 0, ""solver_status"": ""FEASIBLE"", ""strategy_used"": ""BASELINE_DECOMPOSED""}, {""committed_round_count"": 3, ""fallback_used"": false, ""heuristic_candidate_pruning_used"": false, ""pruned_hard_compatible_pair_count"": 0, ""solver_status"": ""FEASIBLE"", ""strategy_used"": ""BASELINE_DECOMPOSED""}, {""committed_round_count"": 0, ""fallback_used"": false, ""heuristic_candidate_pruning_used"": false, ""pruned_hard_compatible_pair_count"": 0, ""solver_status"": ""FEASIBLE"", ""strategy_used"": ""BASELINE_DECOMPOSED""}]","[""COVERED_AREA_COUNT_BELOW_FULL_LOOKAHEAD"", ""SERVICE_ROUNDS_BELOW_FULL_LOOKAHEAD_BY_OVER_10_PERCENT""]","{""boundary_zero_service_rate"": null, ""covered_areas"": 8, ""late_horizon_zero_service_rate"": 1.0, ""minimum_coverage_met"": false, ""non_boundary_zero_service_rate"": 0.84, ""service_rounds"": 8, ""underserved_points_covered"": 0}",,,,,,0.01,SYNTHETIC_GENERATOR_AND_SYNTHETIC_ROAD_EDGES
tight_budget-50-5-seed20311053,TIGHT_BUDGET,S3_ROLLING_HORIZON_7_21,50,5,,"{""commit_window_days"": 7, ""lookahead_days"": 21, ""planning_window_days"": 28}",3,20311053,b9a8086b4de6db3e3d15add8848747fe3a28f6e25dcb5a40cdb1577d180bb571,9682.6,68.3,8114.41,0.0,0.0,6.5,8240.6,8430,13120,1460,0,OPTIMAL,True,BASELINE_FALLBACK,True,ROLLING_QUALITY_BELOW_FULL_LOOKAHEAD,14,14,36,0,0,0,False,19303,541864,3971864,,True,,,1976,395,1581,1946,30,0,False,0,"[{""committed_round_count"": 4, ""fallback_used"": false, ""heuristic_candidate_pruning_used"": false, ""pruned_hard_compatible_pair_count"": 0, ""solver_status"": ""OPTIMAL"", ""strategy_used"": ""BASELINE_DECOMPOSED""}, {""committed_round_count"": 1, ""fallback_used"": false, ""heuristic_candidate_pruning_used"": false, ""pruned_hard_compatible_pair_count"": 0, ""solver_status"": ""FEASIBLE"", ""strategy_used"": ""BASELINE_DECOMPOSED""}, {""committed_round_count"": 3, ""fallback_used"": false, ""heuristic_candidate_pruning_used"": false, ""pruned_hard_compatible_pair_count"": 0, ""solver_status"": ""FEASIBLE"", ""strategy_used"": ""BASELINE_DECOMPOSED""}, {""committed_round_count"": 0, ""fallback_used"": false, ""heuristic_candidate_pruning_used"": false, ""pruned_hard_compatible_pair_count"": 0, ""solver_status"": ""FEASIBLE"", ""strategy_used"": ""BASELINE_DECOMPOSED""}]","[""COVERED_AREA_COUNT_BELOW_FULL_LOOKAHEAD"", ""SERVICE_ROUNDS_BELOW_FULL_LOOKAHEAD_BY_OVER_10_PERCENT""]","{""boundary_zero_service_rate"": null, ""covered_areas"": 8, ""late_horizon_zero_service_rate"": 1.0, ""minimum_coverage_met"": false, ""non_boundary_zero_service_rate"": 0.84, ""service_rounds"": 8, ""underserved_points_covered"": 0}",,,,,,0.01,SYNTHETIC_GENERATOR_AND_SYNTHETIC_ROAD_EDGES
tight_budget-50-5-seed20311053,TIGHT_BUDGET,S4_GEOGRAPHIC_ROLLING_7_21,50,5,4,"{""commit_window_days"": 7, ""lookahead_days"": 21, ""planning_window_days"": 28}",1,20311053,b9a8086b4de6db3e3d15add8848747fe3a28f6e25dcb5a40cdb1577d180bb571,17431.01,169.06,6384.67,26383.13,0.0,5.47,30678.29,23690,36468,1460,0,OPTIMAL,True,BASELINE_FALLBACK,True,ROLLING_QUALITY_BELOW_FULL_LOOKAHEAD,14,14,36,0,0,0,False,19303,541864,3971864,,True,,,4602,406,4196,4576,26,0,False,0,"[{""committed_round_count"": 7, ""fallback_used"": false, ""heuristic_candidate_pruning_used"": false, ""pruned_hard_compatible_pair_count"": 0, ""solver_status"": ""TIME_LIMIT"", ""strategy_used"": ""GEOGRAPHIC_CLUSTER""}, {""committed_round_count"": 0, ""fallback_used"": true, ""heuristic_candidate_pruning_used"": false, ""pruned_hard_compatible_pair_count"": 0, ""solver_status"": ""FEASIBLE"", ""strategy_used"": ""BASELINE_FALLBACK""}, {""committed_round_count"": 0, ""fallback_used"": true, ""heuristic_candidate_pruning_used"": false, ""pruned_hard_compatible_pair_count"": 0, ""solver_status"": ""FEASIBLE"", ""strategy_used"": ""BASELINE_FALLBACK""}, {""committed_round_count"": 0, ""fallback_used"": true, ""heuristic_candidate_pruning_used"": false, ""pruned_hard_compatible_pair_count"": 0, ""solver_status"": ""FEASIBLE"", ""strategy_used"": ""BASELINE_FALLBACK""}]","[""COVERED_AREA_COUNT_BELOW_FULL_LOOKAHEAD"", ""SERVICE_ROUNDS_BELOW_FULL_LOOKAHEAD_BY_OVER_10_PERCENT""]","{""boundary_zero_service_rate"": 0.875, ""covered_areas"": 7, ""late_horizon_zero_service_rate"": 1.0, ""minimum_coverage_met"": false, ""non_boundary_zero_service_rate"": 0.8529411764705882, ""service_rounds"": 7, ""underserved_points_covered"": 0}",,,,,,545.46,SYNTHETIC_GENERATOR_AND_SYNTHETIC_ROAD_EDGES
tight_budget-50-5-seed20311053,TIGHT_BUDGET,S4_GEOGRAPHIC_ROLLING_7_21,50,5,4,"{""commit_window_days"": 7, ""lookahead_days"": 21, ""planning_window_days"": 28}",2,20311053,b9a8086b4de6db3e3d15add8848747fe3a28f6e25dcb5a40cdb1577d180bb571,17449.63,178.45,6354.73,26420.12,0.0,5.95,30697.53,23690,36468,1460,0,OPTIMAL,True,BASELINE_FALLBACK,True,ROLLING_QUALITY_BELOW_FULL_LOOKAHEAD,14,14,36,0,0,0,False,19303,541864,3971864,,True,,,4602,406,4196,4576,26,0,False,0,"[{""committed_round_count"": 7, ""fallback_used"": false, ""heuristic_candidate_pruning_used"": false, ""pruned_hard_compatible_pair_count"": 0, ""solver_status"": ""TIME_LIMIT"", ""strategy_used"": ""GEOGRAPHIC_CLUSTER""}, {""committed_round_count"": 0, ""fallback_used"": true, ""heuristic_candidate_pruning_used"": false, ""pruned_hard_compatible_pair_count"": 0, ""solver_status"": ""FEASIBLE"", ""strategy_used"": ""BASELINE_FALLBACK""}, {""committed_round_count"": 0, ""fallback_used"": true, ""heuristic_candidate_pruning_used"": false, ""pruned_hard_compatible_pair_count"": 0, ""solver_status"": ""FEASIBLE"", ""strategy_used"": ""BASELINE_FALLBACK""}, {""committed_round_count"": 0, ""fallback_used"": true, ""heuristic_candidate_pruning_used"": false, ""pruned_hard_compatible_pair_count"": 0, ""solver_status"": ""FEASIBLE"", ""strategy_used"": ""BASELINE_FALLBACK""}]","[""COVERED_AREA_COUNT_BELOW_FULL_LOOKAHEAD"", ""SERVICE_ROUNDS_BELOW_FULL_LOOKAHEAD_BY_OVER_10_PERCENT""]","{""boundary_zero_service_rate"": 0.875, ""covered_areas"": 7, ""late_horizon_zero_service_rate"": 1.0, ""minimum_coverage_met"": false, ""non_boundary_zero_service_rate"": 0.8529411764705882, ""service_rounds"": 7, ""underserved_points_covered"": 0}",,,,,,568.85,SYNTHETIC_GENERATOR_AND_SYNTHETIC_ROAD_EDGES
tight_budget-50-5-seed20311053,TIGHT_BUDGET,S4_GEOGRAPHIC_ROLLING_7_21,50,5,4,"{""commit_window_days"": 7, ""lookahead_days"": 21, ""planning_window_days"": 28}",3,20311053,b9a8086b4de6db3e3d15add8848747fe3a28f6e25dcb5a40cdb1577d180bb571,17751.32,178.77,6395.78,26601.96,0.0,5.62,30901.1,23690,36468,1460,0,OPTIMAL,True,BASELINE_FALLBACK,True,ROLLING_QUALITY_BELOW_FULL_LOOKAHEAD,14,14,36,0,0,0,False,19303,541864,3971864,,True,,,4602,406,4196,4576,26,0,False,0,"[{""committed_round_count"": 7, ""fallback_used"": false, ""heuristic_candidate_pruning_used"": false, ""pruned_hard_compatible_pair_count"": 0, ""solver_status"": ""TIME_LIMIT"", ""strategy_used"": ""GEOGRAPHIC_CLUSTER""}, {""committed_round_count"": 0, ""fallback_used"": true, ""heuristic_candidate_pruning_used"": false, ""pruned_hard_compatible_pair_count"": 0, ""solver_status"": ""FEASIBLE"", ""strategy_used"": ""BASELINE_FALLBACK""}, {""committed_round_count"": 0, ""fallback_used"": true, ""heuristic_candidate_pruning_used"": false, ""pruned_hard_compatible_pair_count"": 0, ""solver_status"": ""FEASIBLE"", ""strategy_used"": ""BASELINE_FALLBACK""}, {""committed_round_count"": 0, ""fallback_used"": true, ""heuristic_candidate_pruning_used"": false, ""pruned_hard_compatible_pair_count"": 0, ""solver_status"": ""FEASIBLE"", ""strategy_used"": ""BASELINE_FALLBACK""}]","[""COVERED_AREA_COUNT_BELOW_FULL_LOOKAHEAD"", ""SERVICE_ROUNDS_BELOW_FULL_LOOKAHEAD_BY_OVER_10_PERCENT""]","{""boundary_zero_service_rate"": 0.875, ""covered_areas"": 7, ""late_horizon_zero_service_rate"": 1.0, ""minimum_coverage_met"": false, ""non_boundary_zero_service_rate"": 0.8529411764705882, ""service_rounds"": 7, ""underserved_points_covered"": 0}",,,,,,540.68,SYNTHETIC_GENERATOR_AND_SYNTHETIC_ROAD_EDGES
provider_shortage-50-5-seed20311054,PROVIDER_SHORTAGE,S3_ROLLING_HORIZON_7_21,50,5,,"{""commit_window_days"": 7, ""lookahead_days"": 21, ""planning_window_days"": 28}",1,20311054,2fa63768798c537255468fead6042c0a4aa958c755692d1ded9f08109fabd028,7384.23,66.84,7451.54,0.0,0.0,11.91,7615.08,8337,12961,1456,0,FEASIBLE,False,ROLLING_HORIZON,False,,19,19,31,0,0,0,False,48365,1357260,11787260,,True,,,1955,417,1538,1896,59,0,False,0,"[{""committed_round_count"": 6, ""fallback_used"": false, ""heuristic_candidate_pruning_used"": false, ""pruned_hard_compatible_pair_count"": 0, ""solver_status"": ""OPTIMAL"", ""strategy_used"": ""BASELINE_DECOMPOSED""}, {""committed_round_count"": 3, ""fallback_used"": false, ""heuristic_candidate_pruning_used"": false, ""pruned_hard_compatible_pair_count"": 0, ""solver_status"": ""FEASIBLE"", ""strategy_used"": ""BASELINE_DECOMPOSED""}, {""committed_round_count"": 2, ""fallback_used"": false, ""heuristic_candidate_pruning_used"": false, ""pruned_hard_compatible_pair_count"": 0, ""solver_status"": ""FEASIBLE"", ""strategy_used"": ""BASELINE_DECOMPOSED""}, {""committed_round_count"": 8, ""fallback_used"": false, ""heuristic_candidate_pruning_used"": false, ""pruned_hard_compatible_pair_count"": 0, ""solver_status"": ""FEASIBLE"", ""strategy_used"": ""BASELINE_DECOMPOSED""}]",[],,,0.62,0.813953488372093,,0.62,0.01,SYNTHETIC_GENERATOR_AND_SYNTHETIC_ROAD_EDGES
provider_shortage-50-5-seed20311054,PROVIDER_SHORTAGE,S3_ROLLING_HORIZON_7_21,50,5,,"{""commit_window_days"": 7, ""lookahead_days"": 21, ""planning_window_days"": 28}",2,20311054,2fa63768798c537255468fead6042c0a4aa958c755692d1ded9f08109fabd028,7356.07,67.38,7421.98,0.0,0.0,11.17,7574.01,8337,12961,1456,0,FEASIBLE,False,ROLLING_HORIZON,False,,19,19,31,0,0,0,False,48365,1357260,11787260,,True,,,1955,417,1538,1896,59,0,False,0,"[{""committed_round_count"": 6, ""fallback_used"": false, ""heuristic_candidate_pruning_used"": false, ""pruned_hard_compatible_pair_count"": 0, ""solver_status"": ""OPTIMAL"", ""strategy_used"": ""BASELINE_DECOMPOSED""}, {""committed_round_count"": 3, ""fallback_used"": false, ""heuristic_candidate_pruning_used"": false, ""pruned_hard_compatible_pair_count"": 0, ""solver_status"": ""FEASIBLE"", ""strategy_used"": ""BASELINE_DECOMPOSED""}, {""committed_round_count"": 2, ""fallback_used"": false, ""heuristic_candidate_pruning_used"": false, ""pruned_hard_compatible_pair_count"": 0, ""solver_status"": ""FEASIBLE"", ""strategy_used"": ""BASELINE_DECOMPOSED""}, {""committed_round_count"": 8, ""fallback_used"": false, ""heuristic_candidate_pruning_used"": false, ""pruned_hard_compatible_pair_count"": 0, ""solver_status"": ""FEASIBLE"", ""strategy_used"": ""BASELINE_DECOMPOSED""}]",[],,,0.62,0.813953488372093,,0.62,0.01,SYNTHETIC_GENERATOR_AND_SYNTHETIC_ROAD_EDGES
provider_shortage-50-5-seed20311054,PROVIDER_SHORTAGE,S3_ROLLING_HORIZON_7_21,50,5,,"{""commit_window_days"": 7, ""lookahead_days"": 21, ""planning_window_days"": 28}",3,20311054,2fa63768798c537255468fead6042c0a4aa958c755692d1ded9f08109fabd028,7319.26,68.02,7385.69,0.0,0.0,11.03,7550.18,8337,12961,1456,0,FEASIBLE,False,ROLLING_HORIZON,False,,19,19,31,0,0,0,False,48365,1357260,11787260,,True,,,1955,417,1538,1896,59,0,False,0,"[{""committed_round_count"": 6, ""fallback_used"": false, ""heuristic_candidate_pruning_used"": false, ""pruned_hard_compatible_pair_count"": 0, ""solver_status"": ""OPTIMAL"", ""strategy_used"": ""BASELINE_DECOMPOSED""}, {""committed_round_count"": 3, ""fallback_used"": false, ""heuristic_candidate_pruning_used"": false, ""pruned_hard_compatible_pair_count"": 0, ""solver_status"": ""FEASIBLE"", ""strategy_used"": ""BASELINE_DECOMPOSED""}, {""committed_round_count"": 2, ""fallback_used"": false, ""heuristic_candidate_pruning_used"": false, ""pruned_hard_compatible_pair_count"": 0, ""solver_status"": ""FEASIBLE"", ""strategy_used"": ""BASELINE_DECOMPOSED""}, {""committed_round_count"": 8, ""fallback_used"": false, ""heuristic_candidate_pruning_used"": false, ""pruned_hard_compatible_pair_count"": 0, ""solver_status"": ""FEASIBLE"", ""strategy_used"": ""BASELINE_DECOMPOSED""}]",[],,,0.62,0.813953488372093,,0.62,0.01,SYNTHETIC_GENERATOR_AND_SYNTHETIC_ROAD_EDGES
provider_shortage-50-5-seed20311054,PROVIDER_SHORTAGE,S4_GEOGRAPHIC_ROLLING_7_21,50,5,4,"{""commit_window_days"": 7, ""lookahead_days"": 21, ""planning_window_days"": 28}",1,20311054,2fa63768798c537255468fead6042c0a4aa958c755692d1ded9f08109fabd028,9332.39,138.22,6043.55,18021.85,0.0,16.13,21462.09,21165,32592,1456,0,TIME_LIMIT,False,GEOGRAPHIC_ROLLING,True,GEOGRAPHIC_WINDOW_BASELINE_FALLBACK,19,19,31,0,0,0,False,52204,1464993,11514993,,True,,,3915,440,3475,3836,79,0,False,0,"[{""committed_round_count"": 4, ""fallback_used"": false, ""heuristic_candidate_pruning_used"": false, ""pruned_hard_compatible_pair_count"": 0, ""solver_status"": ""TIME_LIMIT"", ""strategy_used"": ""GEOGRAPHIC_CLUSTER""}, {""committed_round_count"": 4, ""fallback_used"": true, ""heuristic_candidate_pruning_used"": false, ""pruned_hard_compatible_pair_count"": 0, ""solver_status"": ""OPTIMAL"", ""strategy_used"": ""BASELINE_FALLBACK""}, {""committed_round_count"": 3, ""fallback_used"": false, ""heuristic_candidate_pruning_used"": false, ""pruned_hard_compatible_pair_count"": 0, ""solver_status"": ""FEASIBLE"", ""strategy_used"": ""GEOGRAPHIC_CLUSTER""}, {""committed_round_count"": 8, ""fallback_used"": true, ""heuristic_candidate_pruning_used"": false, ""pruned_hard_compatible_pair_count"": 0, ""solver_status"": ""OPTIMAL"", ""strategy_used"": ""BASELINE_FALLBACK""}]",[],,0.7777777777777778,0.5853658536585366,0.8181818181818182,0.7777777777777778,0.5853658536585366,0.02,SYNTHETIC_GENERATOR_AND_SYNTHETIC_ROAD_EDGES
provider_shortage-50-5-seed20311054,PROVIDER_SHORTAGE,S4_GEOGRAPHIC_ROLLING_7_21,50,5,4,"{""commit_window_days"": 7, ""lookahead_days"": 21, ""planning_window_days"": 28}",2,20311054,2fa63768798c537255468fead6042c0a4aa958c755692d1ded9f08109fabd028,9307.72,153.21,6068.18,18048.7,0.0,15.06,21501.83,21165,32592,1456,0,TIME_LIMIT,False,GEOGRAPHIC_ROLLING,True,GEOGRAPHIC_WINDOW_BASELINE_FALLBACK,19,19,31,0,0,0,False,52204,1464993,11514993,,True,,,3915,440,3475,3836,79,0,False,0,"[{""committed_round_count"": 4, ""fallback_used"": false, ""heuristic_candidate_pruning_used"": false, ""pruned_hard_compatible_pair_count"": 0, ""solver_status"": ""TIME_LIMIT"", ""strategy_used"": ""GEOGRAPHIC_CLUSTER""}, {""committed_round_count"": 4, ""fallback_used"": true, ""heuristic_candidate_pruning_used"": false, ""pruned_hard_compatible_pair_count"": 0, ""solver_status"": ""OPTIMAL"", ""strategy_used"": ""BASELINE_FALLBACK""}, {""committed_round_count"": 3, ""fallback_used"": false, ""heuristic_candidate_pruning_used"": false, ""pruned_hard_compatible_pair_count"": 0, ""solver_status"": ""FEASIBLE"", ""strategy_used"": ""GEOGRAPHIC_CLUSTER""}, {""committed_round_count"": 8, ""fallback_used"": true, ""heuristic_candidate_pruning_used"": false, ""pruned_hard_compatible_pair_count"": 0, ""solver_status"": ""OPTIMAL"", ""strategy_used"": ""BASELINE_FALLBACK""}]",[],,0.7777777777777778,0.5853658536585366,0.8181818181818182,0.7777777777777778,0.5853658536585366,0.02,SYNTHETIC_GENERATOR_AND_SYNTHETIC_ROAD_EDGES
provider_shortage-50-5-seed20311054,PROVIDER_SHORTAGE,S4_GEOGRAPHIC_ROLLING_7_21,50,5,4,"{""commit_window_days"": 7, ""lookahead_days"": 21, ""planning_window_days"": 28}",3,20311054,2fa63768798c537255468fead6042c0a4aa958c755692d1ded9f08109fabd028,9290.98,138.82,6072.04,18004.76,0.0,15.44,21455.23,21165,32592,1456,0,TIME_LIMIT,False,GEOGRAPHIC_ROLLING,True,GEOGRAPHIC_WINDOW_BASELINE_FALLBACK,19,19,31,0,0,0,False,52204,1464993,11514993,,True,,,3915,440,3475,3836,79,0,False,0,"[{""committed_round_count"": 4, ""fallback_used"": false, ""heuristic_candidate_pruning_used"": false, ""pruned_hard_compatible_pair_count"": 0, ""solver_status"": ""TIME_LIMIT"", ""strategy_used"": ""GEOGRAPHIC_CLUSTER""}, {""committed_round_count"": 4, ""fallback_used"": true, ""heuristic_candidate_pruning_used"": false, ""pruned_hard_compatible_pair_count"": 0, ""solver_status"": ""OPTIMAL"", ""strategy_used"": ""BASELINE_FALLBACK""}, {""committed_round_count"": 3, ""fallback_used"": false, ""heuristic_candidate_pruning_used"": false, ""pruned_hard_compatible_pair_count"": 0, ""solver_status"": ""FEASIBLE"", ""strategy_used"": ""GEOGRAPHIC_CLUSTER""}, {""committed_round_count"": 8, ""fallback_used"": true, ""heuristic_candidate_pruning_used"": false, ""pruned_hard_compatible_pair_count"": 0, ""solver_status"": ""OPTIMAL"", ""strategy_used"": ""BASELINE_FALLBACK""}]",[],,0.7777777777777778,0.5853658536585366,0.8181818181818182,0.7777777777777778,0.5853658536585366,0.02,SYNTHETIC_GENERATOR_AND_SYNTHETIC_ROAD_EDGES
remote_areas-50-5-seed20311055,REMOTE_AREAS,S3_ROLLING_HORIZON_7_21,50,5,,"{""commit_window_days"": 7, ""lookahead_days"": 21, ""planning_window_days"": 28}",1,20311055,a7ecd826d9dea6e8593dacc1925df106a17e868055c94c5899ec34775e04ce4e,9685.54,50.85,17216.35,0.0,0.0,22.29,15601.74,10840,16699,1032,0,TIME_LIMIT,False,BASELINE_FALLBACK,True,ROLLING_QUALITY_BELOW_FULL_LOOKAHEAD,35,35,15,0,0,0,False,52301,1467481,14547481,,True,,,2508,561,1947,2364,144,0,False,0,"[{""committed_round_count"": 3, ""fallback_used"": false, ""heuristic_candidate_pruning_used"": false, ""pruned_hard_compatible_pair_count"": 0, ""solver_status"": ""TIME_LIMIT"", ""strategy_used"": ""BASELINE_DECOMPOSED""}, {""committed_round_count"": 11, ""fallback_used"": false, ""heuristic_candidate_pruning_used"": false, ""pruned_hard_compatible_pair_count"": 0, ""solver_status"": ""TIME_LIMIT"", ""strategy_used"": ""BASELINE_DECOMPOSED""}, {""committed_round_count"": 10, ""fallback_used"": false, ""heuristic_candidate_pruning_used"": false, ""pruned_hard_compatible_pair_count"": 0, ""solver_status"": ""TIME_LIMIT"", ""strategy_used"": ""BASELINE_DECOMPOSED""}, {""committed_round_count"": 15, ""fallback_used"": false, ""heuristic_candidate_pruning_used"": false, ""pruned_hard_compatible_pair_count"": 0, ""solver_status"": ""TIME_LIMIT"", ""strategy_used"": ""BASELINE_DECOMPOSED""}]","[""COVERED_AREA_COUNT_BELOW_FULL_LOOKAHEAD""]","{""boundary_zero_service_rate"": null, ""covered_areas"": 31, ""late_horizon_zero_service_rate"": 0.5714285714285714, ""minimum_coverage_met"": false, ""non_boundary_zero_service_rate"": 0.38, ""service_rounds"": 39, ""underserved_points_covered"": 0}",,,,,,0.01,SYNTHETIC_GENERATOR_AND_SYNTHETIC_ROAD_EDGES
remote_areas-50-5-seed20311055,REMOTE_AREAS,S3_ROLLING_HORIZON_7_21,50,5,,"{""commit_window_days"": 7, ""lookahead_days"": 21, ""planning_window_days"": 28}",2,20311055,a7ecd826d9dea6e8593dacc1925df106a17e868055c94c5899ec34775e04ce4e,9774.82,50.56,17352.52,0.0,0.0,22.37,15733.5,10840,16699,1032,0,TIME_LIMIT,False,BASELINE_FALLBACK,True,ROLLING_QUALITY_BELOW_FULL_LOOKAHEAD,35,35,15,0,0,0,False,52301,1467481,14547481,,True,,,2508,561,1947,2364,144,0,False,0,"[{""committed_round_count"": 3, ""fallback_used"": false, ""heuristic_candidate_pruning_used"": false, ""pruned_hard_compatible_pair_count"": 0, ""solver_status"": ""TIME_LIMIT"", ""strategy_used"": ""BASELINE_DECOMPOSED""}, {""committed_round_count"": 11, ""fallback_used"": false, ""heuristic_candidate_pruning_used"": false, ""pruned_hard_compatible_pair_count"": 0, ""solver_status"": ""TIME_LIMIT"", ""strategy_used"": ""BASELINE_DECOMPOSED""}, {""committed_round_count"": 10, ""fallback_used"": false, ""heuristic_candidate_pruning_used"": false, ""pruned_hard_compatible_pair_count"": 0, ""solver_status"": ""TIME_LIMIT"", ""strategy_used"": ""BASELINE_DECOMPOSED""}, {""committed_round_count"": 15, ""fallback_used"": false, ""heuristic_candidate_pruning_used"": false, ""pruned_hard_compatible_pair_count"": 0, ""solver_status"": ""TIME_LIMIT"", ""strategy_used"": ""BASELINE_DECOMPOSED""}]","[""COVERED_AREA_COUNT_BELOW_FULL_LOOKAHEAD""]","{""boundary_zero_service_rate"": null, ""covered_areas"": 31, ""late_horizon_zero_service_rate"": 0.5714285714285714, ""minimum_coverage_met"": false, ""non_boundary_zero_service_rate"": 0.38, ""service_rounds"": 39, ""underserved_points_covered"": 0}",,,,,,0.01,SYNTHETIC_GENERATOR_AND_SYNTHETIC_ROAD_EDGES
remote_areas-50-5-seed20311055,REMOTE_AREAS,S3_ROLLING_HORIZON_7_21,50,5,,"{""commit_window_days"": 7, ""lookahead_days"": 21, ""planning_window_days"": 28}",3,20311055,a7ecd826d9dea6e8593dacc1925df106a17e868055c94c5899ec34775e04ce4e,9710.47,51.71,17318.22,0.0,0.0,21.98,15700.15,10840,16699,1032,0,TIME_LIMIT,False,BASELINE_FALLBACK,True,ROLLING_QUALITY_BELOW_FULL_LOOKAHEAD,35,35,15,0,0,0,False,52301,1467481,14547481,,True,,,2508,561,1947,2364,144,0,False,0,"[{""committed_round_count"": 3, ""fallback_used"": false, ""heuristic_candidate_pruning_used"": false, ""pruned_hard_compatible_pair_count"": 0, ""solver_status"": ""TIME_LIMIT"", ""strategy_used"": ""BASELINE_DECOMPOSED""}, {""committed_round_count"": 11, ""fallback_used"": false, ""heuristic_candidate_pruning_used"": false, ""pruned_hard_compatible_pair_count"": 0, ""solver_status"": ""TIME_LIMIT"", ""strategy_used"": ""BASELINE_DECOMPOSED""}, {""committed_round_count"": 10, ""fallback_used"": false, ""heuristic_candidate_pruning_used"": false, ""pruned_hard_compatible_pair_count"": 0, ""solver_status"": ""TIME_LIMIT"", ""strategy_used"": ""BASELINE_DECOMPOSED""}, {""committed_round_count"": 15, ""fallback_used"": false, ""heuristic_candidate_pruning_used"": false, ""pruned_hard_compatible_pair_count"": 0, ""solver_status"": ""TIME_LIMIT"", ""strategy_used"": ""BASELINE_DECOMPOSED""}]","[""COVERED_AREA_COUNT_BELOW_FULL_LOOKAHEAD""]","{""boundary_zero_service_rate"": null, ""covered_areas"": 31, ""late_horizon_zero_service_rate"": 0.5714285714285714, ""minimum_coverage_met"": false, ""non_boundary_zero_service_rate"": 0.38, ""service_rounds"": 39, ""underserved_points_covered"": 0}",,,,,,0.01,SYNTHETIC_GENERATOR_AND_SYNTHETIC_ROAD_EDGES
remote_areas-50-5-seed20311055,REMOTE_AREAS,S4_GEOGRAPHIC_ROLLING_7_21,50,5,4,"{""commit_window_days"": 7, ""lookahead_days"": 21, ""planning_window_days"": 28}",1,20311055,a7ecd826d9dea6e8593dacc1925df106a17e868055c94c5899ec34775e04ce4e,5477.61,97.09,17562.11,13058.27,0.0,27.43,23893.41,17953,27234,1032,0,TIME_LIMIT,False,GEOGRAPHIC_ROLLING,True,GEOGRAPHIC_WINDOW_BASELINE_FALLBACK,37,34,16,0,0,0,False,49251,1382167,14562167,,True,,,3904,577,3327,3746,158,0,False,0,"[{""committed_round_count"": 8, ""fallback_used"": false, ""heuristic_candidate_pruning_used"": false, ""pruned_hard_compatible_pair_count"": 0, ""solver_status"": ""TIME_LIMIT"", ""strategy_used"": ""GEOGRAPHIC_CLUSTER""}, {""committed_round_count"": 5, ""fallback_used"": false, ""heuristic_candidate_pruning_used"": false, ""pruned_hard_compatible_pair_count"": 0, ""solver_status"": ""TIME_LIMIT"", ""strategy_used"": ""GEOGRAPHIC_CLUSTER""}, {""committed_round_count"": 6, ""fallback_used"": false, ""heuristic_candidate_pruning_used"": false, ""pruned_hard_compatible_pair_count"": 0, ""solver_status"": ""TIME_LIMIT"", ""strategy_used"": ""GEOGRAPHIC_CLUSTER""}, {""committed_round_count"": 18, ""fallback_used"": true, ""heuristic_candidate_pruning_used"": false, ""pruned_hard_compatible_pair_count"": 0, ""solver_status"": ""OPTIMAL"", ""strategy_used"": ""BASELINE_FALLBACK""}]",[],,0.0,0.37209302325581395,0.47058823529411764,0.0,0.37209302325581395,0.02,SYNTHETIC_GENERATOR_AND_SYNTHETIC_ROAD_EDGES
remote_areas-50-5-seed20311055,REMOTE_AREAS,S4_GEOGRAPHIC_ROLLING_7_21,50,5,4,"{""commit_window_days"": 7, ""lookahead_days"": 21, ""planning_window_days"": 28}",2,20311055,a7ecd826d9dea6e8593dacc1925df106a17e868055c94c5899ec34775e04ce4e,5296.26,91.83,17476.5,12916.2,0.0,24.45,23700.63,17953,27234,1032,0,TIME_LIMIT,False,GEOGRAPHIC_ROLLING,True,GEOGRAPHIC_WINDOW_BASELINE_FALLBACK,37,34,16,0,0,0,False,49251,1382167,14562167,,True,,,3904,577,3327,3746,158,0,False,0,"[{""committed_round_count"": 8, ""fallback_used"": false, ""heuristic_candidate_pruning_used"": false, ""pruned_hard_compatible_pair_count"": 0, ""solver_status"": ""TIME_LIMIT"", ""strategy_used"": ""GEOGRAPHIC_CLUSTER""}, {""committed_round_count"": 5, ""fallback_used"": false, ""heuristic_candidate_pruning_used"": false, ""pruned_hard_compatible_pair_count"": 0, ""solver_status"": ""TIME_LIMIT"", ""strategy_used"": ""GEOGRAPHIC_CLUSTER""}, {""committed_round_count"": 6, ""fallback_used"": false, ""heuristic_candidate_pruning_used"": false, ""pruned_hard_compatible_pair_count"": 0, ""solver_status"": ""TIME_LIMIT"", ""strategy_used"": ""GEOGRAPHIC_CLUSTER""}, {""committed_round_count"": 18, ""fallback_used"": true, ""heuristic_candidate_pruning_used"": false, ""pruned_hard_compatible_pair_count"": 0, ""solver_status"": ""OPTIMAL"", ""strategy_used"": ""BASELINE_FALLBACK""}]",[],,0.0,0.37209302325581395,0.47058823529411764,0.0,0.37209302325581395,0.01,SYNTHETIC_GENERATOR_AND_SYNTHETIC_ROAD_EDGES
remote_areas-50-5-seed20311055,REMOTE_AREAS,S4_GEOGRAPHIC_ROLLING_7_21,50,5,4,"{""commit_window_days"": 7, ""lookahead_days"": 21, ""planning_window_days"": 28}",3,20311055,a7ecd826d9dea6e8593dacc1925df106a17e868055c94c5899ec34775e04ce4e,5292.03,93.44,17493.51,12928.0,0.0,24.31,23719.7,17953,27234,1032,0,TIME_LIMIT,False,GEOGRAPHIC_ROLLING,True,GEOGRAPHIC_WINDOW_BASELINE_FALLBACK,37,34,16,0,0,0,False,49251,1382167,14562167,,True,,,3904,577,3327,3746,158,0,False,0,"[{""committed_round_count"": 8, ""fallback_used"": false, ""heuristic_candidate_pruning_used"": false, ""pruned_hard_compatible_pair_count"": 0, ""solver_status"": ""TIME_LIMIT"", ""strategy_used"": ""GEOGRAPHIC_CLUSTER""}, {""committed_round_count"": 5, ""fallback_used"": false, ""heuristic_candidate_pruning_used"": false, ""pruned_hard_compatible_pair_count"": 0, ""solver_status"": ""TIME_LIMIT"", ""strategy_used"": ""GEOGRAPHIC_CLUSTER""}, {""committed_round_count"": 6, ""fallback_used"": false, ""heuristic_candidate_pruning_used"": false, ""pruned_hard_compatible_pair_count"": 0, ""solver_status"": ""TIME_LIMIT"", ""strategy_used"": ""GEOGRAPHIC_CLUSTER""}, {""committed_round_count"": 18, ""fallback_used"": true, ""heuristic_candidate_pruning_used"": false, ""pruned_hard_compatible_pair_count"": 0, ""solver_status"": ""OPTIMAL"", ""strategy_used"": ""BASELINE_FALLBACK""}]",[],,0.0,0.37209302325581395,0.47058823529411764,0.0,0.37209302325581395,0.02,SYNTHETIC_GENERATOR_AND_SYNTHETIC_ROAD_EDGES
many_low_data-50-5-seed20311056,MANY_LOW_DATA,S3_ROLLING_HORIZON_7_21,50,5,,"{""commit_window_days"": 7, ""lookahead_days"": 21, ""planning_window_days"": 28}",1,20311056,707d0eaca0be9302560128d2d0d767a0a88cd338844432df248d70ff2f79d2ab,9772.49,67.61,16569.23,0.0,0.0,22.48,14677.13,13735,20683,1464,0,TIME_LIMIT,False,BASELINE_FALLBACK,True,ROLLING_QUALITY_BELOW_FULL_LOOKAHEAD,46,46,4,0,0,0,False,67479,1893972,14363972,,True,,,2594,576,2018,2448,146,0,False,0,"[{""committed_round_count"": 29, ""fallback_used"": false, ""heuristic_candidate_pruning_used"": false, ""pruned_hard_compatible_pair_count"": 0, ""solver_status"": ""TIME_LIMIT"", ""strategy_used"": ""BASELINE_DECOMPOSED""}, {""committed_round_count"": 2, ""fallback_used"": false, ""heuristic_candidate_pruning_used"": false, ""pruned_hard_compatible_pair_count"": 0, ""solver_status"": ""TIME_LIMIT"", ""strategy_used"": ""BASELINE_DECOMPOSED""}, {""committed_round_count"": 5, ""fallback_used"": false, ""heuristic_candidate_pruning_used"": false, ""pruned_hard_compatible_pair_count"": 0, ""solver_status"": ""FEASIBLE"", ""strategy_used"": ""BASELINE_DECOMPOSED""}, {""committed_round_count"": 13, ""fallback_used"": false, ""heuristic_candidate_pruning_used"": false, ""pruned_hard_compatible_pair_count"": 0, ""solver_status"": ""FEASIBLE"", ""strategy_used"": ""BASELINE_DECOMPOSED""}]","[""COVERED_AREA_COUNT_BELOW_FULL_LOOKAHEAD""]","{""boundary_zero_service_rate"": null, ""covered_areas"": 40, ""late_horizon_zero_service_rate"": 0.6486486486486487, ""minimum_coverage_met"": false, ""non_boundary_zero_service_rate"": 0.2, ""service_rounds"": 49, ""underserved_points_covered"": 0}",,,,,,0.01,SYNTHETIC_GENERATOR_AND_SYNTHETIC_ROAD_EDGES
many_low_data-50-5-seed20311056,MANY_LOW_DATA,S3_ROLLING_HORIZON_7_21,50,5,,"{""commit_window_days"": 7, ""lookahead_days"": 21, ""planning_window_days"": 28}",2,20311056,707d0eaca0be9302560128d2d0d767a0a88cd338844432df248d70ff2f79d2ab,9813.54,66.2,16553.7,0.0,0.0,22.05,14671.89,13735,20683,1464,0,TIME_LIMIT,False,BASELINE_FALLBACK,True,ROLLING_QUALITY_BELOW_FULL_LOOKAHEAD,46,46,4,0,0,0,False,67479,1893972,14363972,,True,,,2594,576,2018,2448,146,0,False,0,"[{""committed_round_count"": 29, ""fallback_used"": false, ""heuristic_candidate_pruning_used"": false, ""pruned_hard_compatible_pair_count"": 0, ""solver_status"": ""TIME_LIMIT"", ""strategy_used"": ""BASELINE_DECOMPOSED""}, {""committed_round_count"": 2, ""fallback_used"": false, ""heuristic_candidate_pruning_used"": false, ""pruned_hard_compatible_pair_count"": 0, ""solver_status"": ""TIME_LIMIT"", ""strategy_used"": ""BASELINE_DECOMPOSED""}, {""committed_round_count"": 5, ""fallback_used"": false, ""heuristic_candidate_pruning_used"": false, ""pruned_hard_compatible_pair_count"": 0, ""solver_status"": ""FEASIBLE"", ""strategy_used"": ""BASELINE_DECOMPOSED""}, {""committed_round_count"": 13, ""fallback_used"": false, ""heuristic_candidate_pruning_used"": false, ""pruned_hard_compatible_pair_count"": 0, ""solver_status"": ""FEASIBLE"", ""strategy_used"": ""BASELINE_DECOMPOSED""}]","[""COVERED_AREA_COUNT_BELOW_FULL_LOOKAHEAD""]","{""boundary_zero_service_rate"": null, ""covered_areas"": 40, ""late_horizon_zero_service_rate"": 0.6486486486486487, ""minimum_coverage_met"": false, ""non_boundary_zero_service_rate"": 0.2, ""service_rounds"": 49, ""underserved_points_covered"": 0}",,,,,,0.01,SYNTHETIC_GENERATOR_AND_SYNTHETIC_ROAD_EDGES
many_low_data-50-5-seed20311056,MANY_LOW_DATA,S3_ROLLING_HORIZON_7_21,50,5,,"{""commit_window_days"": 7, ""lookahead_days"": 21, ""planning_window_days"": 28}",3,20311056,707d0eaca0be9302560128d2d0d767a0a88cd338844432df248d70ff2f79d2ab,9784.02,77.47,16552.11,0.0,0.0,24.34,14671.61,13735,20683,1464,0,TIME_LIMIT,False,BASELINE_FALLBACK,True,ROLLING_QUALITY_BELOW_FULL_LOOKAHEAD,46,46,4,0,0,0,False,67479,1893972,14363972,,True,,,2594,576,2018,2448,146,0,False,0,"[{""committed_round_count"": 29, ""fallback_used"": false, ""heuristic_candidate_pruning_used"": false, ""pruned_hard_compatible_pair_count"": 0, ""solver_status"": ""TIME_LIMIT"", ""strategy_used"": ""BASELINE_DECOMPOSED""}, {""committed_round_count"": 2, ""fallback_used"": false, ""heuristic_candidate_pruning_used"": false, ""pruned_hard_compatible_pair_count"": 0, ""solver_status"": ""TIME_LIMIT"", ""strategy_used"": ""BASELINE_DECOMPOSED""}, {""committed_round_count"": 5, ""fallback_used"": false, ""heuristic_candidate_pruning_used"": false, ""pruned_hard_compatible_pair_count"": 0, ""solver_status"": ""FEASIBLE"", ""strategy_used"": ""BASELINE_DECOMPOSED""}, {""committed_round_count"": 13, ""fallback_used"": false, ""heuristic_candidate_pruning_used"": false, ""pruned_hard_compatible_pair_count"": 0, ""solver_status"": ""FEASIBLE"", ""strategy_used"": ""BASELINE_DECOMPOSED""}]","[""COVERED_AREA_COUNT_BELOW_FULL_LOOKAHEAD""]","{""boundary_zero_service_rate"": null, ""covered_areas"": 40, ""late_horizon_zero_service_rate"": 0.6486486486486487, ""minimum_coverage_met"": false, ""non_boundary_zero_service_rate"": 0.2, ""service_rounds"": 49, ""underserved_points_covered"": 0}",,,,,,0.02,SYNTHETIC_GENERATOR_AND_SYNTHETIC_ROAD_EDGES
many_low_data-50-5-seed20311056,MANY_LOW_DATA,S4_GEOGRAPHIC_ROLLING_7_21,50,5,4,"{""commit_window_days"": 7, ""lookahead_days"": 21, ""planning_window_days"": 28}",1,20311056,707d0eaca0be9302560128d2d0d767a0a88cd338844432df248d70ff2f79d2ab,13783.1,139.53,17784.3,19419.31,0.0,28.81,31812.44,26832,39738,1464,0,TIME_LIMIT,False,GEOGRAPHIC_ROLLING,True,GEOGRAPHIC_WINDOW_BASELINE_FALLBACK,45,38,12,0,0,0,False,64000,1796323,14856323,,True,,,4767,699,4068,4604,163,0,False,0,"[{""committed_round_count"": 12, ""fallback_used"": false, ""heuristic_candidate_pruning_used"": false, ""pruned_hard_compatible_pair_count"": 0, ""solver_status"": ""TIME_LIMIT"", ""strategy_used"": ""GEOGRAPHIC_CLUSTER""}, {""committed_round_count"": 21, ""fallback_used"": true, ""heuristic_candidate_pruning_used"": false, ""pruned_hard_compatible_pair_count"": 0, ""solver_status"": ""TIME_LIMIT"", ""strategy_used"": ""BASELINE_FALLBACK""}, {""committed_round_count"": 4, ""fallback_used"": true, ""heuristic_candidate_pruning_used"": false, ""pruned_hard_compatible_pair_count"": 0, ""solver_status"": ""FEASIBLE"", ""strategy_used"": ""BASELINE_FALLBACK""}, {""committed_round_count"": 8, ""fallback_used"": true, ""heuristic_candidate_pruning_used"": false, ""pruned_hard_compatible_pair_count"": 0, ""solver_status"": ""FEASIBLE"", ""strategy_used"": ""BASELINE_FALLBACK""}]",[],,0.25,0.23809523809523808,0.7647058823529411,0.25,0.23809523809523808,0.02,SYNTHETIC_GENERATOR_AND_SYNTHETIC_ROAD_EDGES
many_low_data-50-5-seed20311056,MANY_LOW_DATA,S4_GEOGRAPHIC_ROLLING_7_21,50,5,4,"{""commit_window_days"": 7, ""lookahead_days"": 21, ""planning_window_days"": 28}",2,20311056,707d0eaca0be9302560128d2d0d767a0a88cd338844432df248d70ff2f79d2ab,13493.96,139.6,17865.67,19239.7,0.0,28.44,31688.1,26832,39738,1464,0,TIME_LIMIT,False,GEOGRAPHIC_ROLLING,True,GEOGRAPHIC_WINDOW_BASELINE_FALLBACK,45,38,12,0,0,0,False,64000,1796323,14856323,,True,,,4767,699,4068,4604,163,0,False,0,"[{""committed_round_count"": 12, ""fallback_used"": false, ""heuristic_candidate_pruning_used"": false, ""pruned_hard_compatible_pair_count"": 0, ""solver_status"": ""TIME_LIMIT"", ""strategy_used"": ""GEOGRAPHIC_CLUSTER""}, {""committed_round_count"": 21, ""fallback_used"": true, ""heuristic_candidate_pruning_used"": false, ""pruned_hard_compatible_pair_count"": 0, ""solver_status"": ""TIME_LIMIT"", ""strategy_used"": ""BASELINE_FALLBACK""}, {""committed_round_count"": 4, ""fallback_used"": true, ""heuristic_candidate_pruning_used"": false, ""pruned_hard_compatible_pair_count"": 0, ""solver_status"": ""FEASIBLE"", ""strategy_used"": ""BASELINE_FALLBACK""}, {""committed_round_count"": 8, ""fallback_used"": true, ""heuristic_candidate_pruning_used"": false, ""pruned_hard_compatible_pair_count"": 0, ""solver_status"": ""FEASIBLE"", ""strategy_used"": ""BASELINE_FALLBACK""}]",[],,0.25,0.23809523809523808,0.7647058823529411,0.25,0.23809523809523808,0.02,SYNTHETIC_GENERATOR_AND_SYNTHETIC_ROAD_EDGES
many_low_data-50-5-seed20311056,MANY_LOW_DATA,S4_GEOGRAPHIC_ROLLING_7_21,50,5,4,"{""commit_window_days"": 7, ""lookahead_days"": 21, ""planning_window_days"": 28}",3,20311056,707d0eaca0be9302560128d2d0d767a0a88cd338844432df248d70ff2f79d2ab,13537.64,138.32,17777.56,19280.98,0.0,27.69,31675.29,26832,39738,1464,0,TIME_LIMIT,False,GEOGRAPHIC_ROLLING,True,GEOGRAPHIC_WINDOW_BASELINE_FALLBACK,45,38,12,0,0,0,False,64000,1796323,14856323,,True,,,4767,699,4068,4604,163,0,False,0,"[{""committed_round_count"": 12, ""fallback_used"": false, ""heuristic_candidate_pruning_used"": false, ""pruned_hard_compatible_pair_count"": 0, ""solver_status"": ""TIME_LIMIT"", ""strategy_used"": ""GEOGRAPHIC_CLUSTER""}, {""committed_round_count"": 21, ""fallback_used"": true, ""heuristic_candidate_pruning_used"": false, ""pruned_hard_compatible_pair_count"": 0, ""solver_status"": ""TIME_LIMIT"", ""strategy_used"": ""BASELINE_FALLBACK""}, {""committed_round_count"": 4, ""fallback_used"": true, ""heuristic_candidate_pruning_used"": false, ""pruned_hard_compatible_pair_count"": 0, ""solver_status"": ""FEASIBLE"", ""strategy_used"": ""BASELINE_FALLBACK""}, {""committed_round_count"": 8, ""fallback_used"": true, ""heuristic_candidate_pruning_used"": false, ""pruned_hard_compatible_pair_count"": 0, ""solver_status"": ""FEASIBLE"", ""strategy_used"": ""BASELINE_FALLBACK""}]",[],,0.25,0.23809523809523808,0.7647058823529411,0.25,0.23809523809523808,0.02,SYNTHETIC_GENERATOR_AND_SYNTHETIC_ROAD_EDGES
home_repair_mixed-50-5-seed20311057,HOME_REPAIR_MIXED,S3_ROLLING_HORIZON_7_21,50,5,,"{""commit_window_days"": 7, ""lookahead_days"": 21, ""planning_window_days"": 28}",1,20311057,222049ffcfeedbff50205c231f1a6687ec12ccc8cadec5d8f420423d027b9341,9637.7,61.66,15417.1,0.0,0.0,19.2,13447.94,12474,18996,1296,0,TIME_LIMIT,False,BASELINE_FALLBACK,True,ROLLING_QUALITY_BELOW_FULL_LOOKAHEAD,43,43,7,0,0,0,False,57118,1603172,14463172,,True,,,2343,554,1789,2226,117,0,False,0,"[{""committed_round_count"": 27, ""fallback_used"": false, ""heuristic_candidate_pruning_used"": false, ""pruned_hard_compatible_pair_count"": 0, ""solver_status"": ""TIME_LIMIT"", ""strategy_used"": ""BASELINE_DECOMPOSED""}, {""committed_round_count"": 3, ""fallback_used"": false, ""heuristic_candidate_pruning_used"": false, ""pruned_hard_compatible_pair_count"": 0, ""solver_status"": ""TIME_LIMIT"", ""strategy_used"": ""BASELINE_DECOMPOSED""}, {""committed_round_count"": 5, ""fallback_used"": false, ""heuristic_candidate_pruning_used"": false, ""pruned_hard_compatible_pair_count"": 0, ""solver_status"": ""FEASIBLE"", ""strategy_used"": ""BASELINE_DECOMPOSED""}, {""committed_round_count"": 10, ""fallback_used"": false, ""heuristic_candidate_pruning_used"": false, ""pruned_hard_compatible_pair_count"": 0, ""solver_status"": ""FEASIBLE"", ""strategy_used"": ""BASELINE_DECOMPOSED""}]","[""COVERED_AREA_COUNT_BELOW_FULL_LOOKAHEAD""]","{""boundary_zero_service_rate"": null, ""covered_areas"": 37, ""late_horizon_zero_service_rate"": 0.7435897435897436, ""minimum_coverage_met"": false, ""non_boundary_zero_service_rate"": 0.26, ""service_rounds"": 45, ""underserved_points_covered"": 0}",,,,,,0.01,SYNTHETIC_GENERATOR_AND_SYNTHETIC_ROAD_EDGES
home_repair_mixed-50-5-seed20311057,HOME_REPAIR_MIXED,S3_ROLLING_HORIZON_7_21,50,5,,"{""commit_window_days"": 7, ""lookahead_days"": 21, ""planning_window_days"": 28}",2,20311057,222049ffcfeedbff50205c231f1a6687ec12ccc8cadec5d8f420423d027b9341,9811.3,60.84,15514.93,0.0,0.0,19.2,13543.33,12474,18996,1296,0,TIME_LIMIT,False,BASELINE_FALLBACK,True,ROLLING_QUALITY_BELOW_FULL_LOOKAHEAD,43,43,7,0,0,0,False,57118,1603172,14463172,,True,,,2343,554,1789,2226,117,0,False,0,"[{""committed_round_count"": 27, ""fallback_used"": false, ""heuristic_candidate_pruning_used"": false, ""pruned_hard_compatible_pair_count"": 0, ""solver_status"": ""TIME_LIMIT"", ""strategy_used"": ""BASELINE_DECOMPOSED""}, {""committed_round_count"": 3, ""fallback_used"": false, ""heuristic_candidate_pruning_used"": false, ""pruned_hard_compatible_pair_count"": 0, ""solver_status"": ""TIME_LIMIT"", ""strategy_used"": ""BASELINE_DECOMPOSED""}, {""committed_round_count"": 5, ""fallback_used"": false, ""heuristic_candidate_pruning_used"": false, ""pruned_hard_compatible_pair_count"": 0, ""solver_status"": ""FEASIBLE"", ""strategy_used"": ""BASELINE_DECOMPOSED""}, {""committed_round_count"": 10, ""fallback_used"": false, ""heuristic_candidate_pruning_used"": false, ""pruned_hard_compatible_pair_count"": 0, ""solver_status"": ""FEASIBLE"", ""strategy_used"": ""BASELINE_DECOMPOSED""}]","[""COVERED_AREA_COUNT_BELOW_FULL_LOOKAHEAD""]","{""boundary_zero_service_rate"": null, ""covered_areas"": 37, ""late_horizon_zero_service_rate"": 0.7435897435897436, ""minimum_coverage_met"": false, ""non_boundary_zero_service_rate"": 0.26, ""service_rounds"": 45, ""underserved_points_covered"": 0}",,,,,,0.01,SYNTHETIC_GENERATOR_AND_SYNTHETIC_ROAD_EDGES
home_repair_mixed-50-5-seed20311057,HOME_REPAIR_MIXED,S3_ROLLING_HORIZON_7_21,50,5,,"{""commit_window_days"": 7, ""lookahead_days"": 21, ""planning_window_days"": 28}",3,20311057,222049ffcfeedbff50205c231f1a6687ec12ccc8cadec5d8f420423d027b9341,9745.14,61.04,15457.94,0.0,0.0,18.5,13491.66,12474,18996,1296,0,TIME_LIMIT,False,BASELINE_FALLBACK,True,ROLLING_QUALITY_BELOW_FULL_LOOKAHEAD,43,43,7,0,0,0,False,57118,1603172,14463172,,True,,,2343,554,1789,2226,117,0,False,0,"[{""committed_round_count"": 27, ""fallback_used"": false, ""heuristic_candidate_pruning_used"": false, ""pruned_hard_compatible_pair_count"": 0, ""solver_status"": ""TIME_LIMIT"", ""strategy_used"": ""BASELINE_DECOMPOSED""}, {""committed_round_count"": 3, ""fallback_used"": false, ""heuristic_candidate_pruning_used"": false, ""pruned_hard_compatible_pair_count"": 0, ""solver_status"": ""TIME_LIMIT"", ""strategy_used"": ""BASELINE_DECOMPOSED""}, {""committed_round_count"": 5, ""fallback_used"": false, ""heuristic_candidate_pruning_used"": false, ""pruned_hard_compatible_pair_count"": 0, ""solver_status"": ""FEASIBLE"", ""strategy_used"": ""BASELINE_DECOMPOSED""}, {""committed_round_count"": 10, ""fallback_used"": false, ""heuristic_candidate_pruning_used"": false, ""pruned_hard_compatible_pair_count"": 0, ""solver_status"": ""FEASIBLE"", ""strategy_used"": ""BASELINE_DECOMPOSED""}]","[""COVERED_AREA_COUNT_BELOW_FULL_LOOKAHEAD""]","{""boundary_zero_service_rate"": null, ""covered_areas"": 37, ""late_horizon_zero_service_rate"": 0.7435897435897436, ""minimum_coverage_met"": false, ""non_boundary_zero_service_rate"": 0.26, ""service_rounds"": 45, ""underserved_points_covered"": 0}",,,,,,0.01,SYNTHETIC_GENERATOR_AND_SYNTHETIC_ROAD_EDGES
home_repair_mixed-50-5-seed20311057,HOME_REPAIR_MIXED,S4_GEOGRAPHIC_ROLLING_7_21,50,5,4,"{""commit_window_days"": 7, ""lookahead_days"": 21, ""planning_window_days"": 28}",1,20311057,222049ffcfeedbff50205c231f1a6687ec12ccc8cadec5d8f420423d027b9341,9657.38,133.53,14262.79,16513.38,0.0,29.52,27285.73,25915,39118,1296,0,TIME_LIMIT,False,GEOGRAPHIC_ROLLING,True,GEOGRAPHIC_WINDOW_BASELINE_FALLBACK,46,37,13,0,0,0,False,55863,1568121,14783121,,True,,,4816,726,4090,4630,186,0,False,0,"[{""committed_round_count"": 3, ""fallback_used"": false, ""heuristic_candidate_pruning_used"": false, ""pruned_hard_compatible_pair_count"": 0, ""solver_status"": ""TIME_LIMIT"", ""strategy_used"": ""GEOGRAPHIC_CLUSTER""}, {""committed_round_count"": 25, ""fallback_used"": true, ""heuristic_candidate_pruning_used"": false, ""pruned_hard_compatible_pair_count"": 0, ""solver_status"": ""TIME_LIMIT"", ""strategy_used"": ""BASELINE_FALLBACK""}, {""committed_round_count"": 5, ""fallback_used"": true, ""heuristic_candidate_pruning_used"": false, ""pruned_hard_compatible_pair_count"": 0, ""solver_status"": ""OPTIMAL"", ""strategy_used"": ""BASELINE_FALLBACK""}, {""committed_round_count"": 13, ""fallback_used"": false, ""heuristic_candidate_pruning_used"": false, ""pruned_hard_compatible_pair_count"": 0, ""solver_status"": ""FEASIBLE"", ""strategy_used"": ""GEOGRAPHIC_CLUSTER""}]",[],,0.18181818181818182,0.28205128205128205,0.6666666666666666,0.18181818181818182,0.28205128205128205,0.02,SYNTHETIC_GENERATOR_AND_SYNTHETIC_ROAD_EDGES
home_repair_mixed-50-5-seed20311057,HOME_REPAIR_MIXED,S4_GEOGRAPHIC_ROLLING_7_21,50,5,4,"{""commit_window_days"": 7, ""lookahead_days"": 21, ""planning_window_days"": 28}",2,20311057,222049ffcfeedbff50205c231f1a6687ec12ccc8cadec5d8f420423d027b9341,9561.27,132.23,14217.49,16433.94,0.0,29.98,27180.09,25915,39118,1296,0,TIME_LIMIT,False,GEOGRAPHIC_ROLLING,True,GEOGRAPHIC_WINDOW_BASELINE_FALLBACK,46,37,13,0,0,0,False,55863,1568121,14783121,,True,,,4816,726,4090,4630,186,0,False,0,"[{""committed_round_count"": 3, ""fallback_used"": false, ""heuristic_candidate_pruning_used"": false, ""pruned_hard_compatible_pair_count"": 0, ""solver_status"": ""TIME_LIMIT"", ""strategy_used"": ""GEOGRAPHIC_CLUSTER""}, {""committed_round_count"": 25, ""fallback_used"": true, ""heuristic_candidate_pruning_used"": false, ""pruned_hard_compatible_pair_count"": 0, ""solver_status"": ""TIME_LIMIT"", ""strategy_used"": ""BASELINE_FALLBACK""}, {""committed_round_count"": 5, ""fallback_used"": true, ""heuristic_candidate_pruning_used"": false, ""pruned_hard_compatible_pair_count"": 0, ""solver_status"": ""OPTIMAL"", ""strategy_used"": ""BASELINE_FALLBACK""}, {""committed_round_count"": 13, ""fallback_used"": false, ""heuristic_candidate_pruning_used"": false, ""pruned_hard_compatible_pair_count"": 0, ""solver_status"": ""FEASIBLE"", ""strategy_used"": ""GEOGRAPHIC_CLUSTER""}]",[],,0.18181818181818182,0.28205128205128205,0.6666666666666666,0.18181818181818182,0.28205128205128205,0.02,SYNTHETIC_GENERATOR_AND_SYNTHETIC_ROAD_EDGES
home_repair_mixed-50-5-seed20311057,HOME_REPAIR_MIXED,S4_GEOGRAPHIC_ROLLING_7_21,50,5,4,"{""commit_window_days"": 7, ""lookahead_days"": 21, ""planning_window_days"": 28}",3,20311057,222049ffcfeedbff50205c231f1a6687ec12ccc8cadec5d8f420423d027b9341,9718.27,130.43,14270.24,16540.53,0.0,29.5,27335.94,25915,39118,1296,0,TIME_LIMIT,False,GEOGRAPHIC_ROLLING,True,GEOGRAPHIC_WINDOW_BASELINE_FALLBACK,46,37,13,0,0,0,False,55863,1568121,14783121,,True,,,4816,726,4090,4630,186,0,False,0,"[{""committed_round_count"": 3, ""fallback_used"": false, ""heuristic_candidate_pruning_used"": false, ""pruned_hard_compatible_pair_count"": 0, ""solver_status"": ""TIME_LIMIT"", ""strategy_used"": ""GEOGRAPHIC_CLUSTER""}, {""committed_round_count"": 25, ""fallback_used"": true, ""heuristic_candidate_pruning_used"": false, ""pruned_hard_compatible_pair_count"": 0, ""solver_status"": ""TIME_LIMIT"", ""strategy_used"": ""BASELINE_FALLBACK""}, {""committed_round_count"": 5, ""fallback_used"": true, ""heuristic_candidate_pruning_used"": false, ""pruned_hard_compatible_pair_count"": 0, ""solver_status"": ""OPTIMAL"", ""strategy_used"": ""BASELINE_FALLBACK""}, {""committed_round_count"": 13, ""fallback_used"": false, ""heuristic_candidate_pruning_used"": false, ""pruned_hard_compatible_pair_count"": 0, ""solver_status"": ""FEASIBLE"", ""strategy_used"": ""GEOGRAPHIC_CLUSTER""}]",[],,0.18181818181818182,0.28205128205128205,0.6666666666666666,0.18181818181818182,0.28205128205128205,0.02,SYNTHETIC_GENERATOR_AND_SYNTHETIC_ROAD_EDGES
mass_decline-50-5-seed20311058,MASS_DECLINE,S3_ROLLING_HORIZON_7_21,50,5,,"{""commit_window_days"": 7, ""lookahead_days"": 21, ""planning_window_days"": 28}",1,20311058,b5a3319ce4fb544dfea9643a3b9da92861c099c782b4f3030d50850c6f118348,4761.28,48.03,9026.63,0.0,0.0,12.0,9354.78,7120,10704,408,0,TIME_LIMIT,False,ROLLING_HORIZON,False,,19,19,31,0,0,0,False,31518,884575,12284575,,True,,,2307,478,1829,2244,63,0,False,0,"[{""committed_round_count"": 8, ""fallback_used"": false, ""heuristic_candidate_pruning_used"": false, ""pruned_hard_compatible_pair_count"": 0, ""solver_status"": ""TIME_LIMIT"", ""strategy_used"": ""BASELINE_DECOMPOSED""}, {""committed_round_count"": 1, ""fallback_used"": false, ""heuristic_candidate_pruning_used"": false, ""pruned_hard_compatible_pair_count"": 0, ""solver_status"": ""FEASIBLE"", ""strategy_used"": ""BASELINE_DECOMPOSED""}, {""committed_round_count"": 2, ""fallback_used"": false, ""heuristic_candidate_pruning_used"": false, ""pruned_hard_compatible_pair_count"": 0, ""solver_status"": ""FEASIBLE"", ""strategy_used"": ""BASELINE_DECOMPOSED""}, {""committed_round_count"": 8, ""fallback_used"": false, ""heuristic_candidate_pruning_used"": false, ""pruned_hard_compatible_pair_count"": 0, ""solver_status"": ""FEASIBLE"", ""strategy_used"": ""BASELINE_DECOMPOSED""}]",[],,,0.62,0.7948717948717948,,0.62,0.01,SYNTHETIC_GENERATOR_AND_SYNTHETIC_ROAD_EDGES
mass_decline-50-5-seed20311058,MASS_DECLINE,S3_ROLLING_HORIZON_7_21,50,5,,"{""commit_window_days"": 7, ""lookahead_days"": 21, ""planning_window_days"": 28}",2,20311058,b5a3319ce4fb544dfea9643a3b9da92861c099c782b4f3030d50850c6f118348,4786.6,48.87,9063.41,0.0,0.0,11.07,9396.4,7120,10704,408,0,TIME_LIMIT,False,ROLLING_HORIZON,False,,19,19,31,0,0,0,False,31518,884575,12284575,,True,,,2307,478,1829,2244,63,0,False,0,"[{""committed_round_count"": 8, ""fallback_used"": false, ""heuristic_candidate_pruning_used"": false, ""pruned_hard_compatible_pair_count"": 0, ""solver_status"": ""TIME_LIMIT"", ""strategy_used"": ""BASELINE_DECOMPOSED""}, {""committed_round_count"": 1, ""fallback_used"": false, ""heuristic_candidate_pruning_used"": false, ""pruned_hard_compatible_pair_count"": 0, ""solver_status"": ""FEASIBLE"", ""strategy_used"": ""BASELINE_DECOMPOSED""}, {""committed_round_count"": 2, ""fallback_used"": false, ""heuristic_candidate_pruning_used"": false, ""pruned_hard_compatible_pair_count"": 0, ""solver_status"": ""FEASIBLE"", ""strategy_used"": ""BASELINE_DECOMPOSED""}, {""committed_round_count"": 8, ""fallback_used"": false, ""heuristic_candidate_pruning_used"": false, ""pruned_hard_compatible_pair_count"": 0, ""solver_status"": ""FEASIBLE"", ""strategy_used"": ""BASELINE_DECOMPOSED""}]",[],,,0.62,0.7948717948717948,,0.62,0.01,SYNTHETIC_GENERATOR_AND_SYNTHETIC_ROAD_EDGES
mass_decline-50-5-seed20311058,MASS_DECLINE,S3_ROLLING_HORIZON_7_21,50,5,,"{""commit_window_days"": 7, ""lookahead_days"": 21, ""planning_window_days"": 28}",3,20311058,b5a3319ce4fb544dfea9643a3b9da92861c099c782b4f3030d50850c6f118348,4743.2,47.66,9002.52,0.0,0.0,11.57,9332.08,7120,10704,408,0,TIME_LIMIT,False,ROLLING_HORIZON,False,,19,19,31,0,0,0,False,31518,884575,12284575,,True,,,2307,478,1829,2244,63,0,False,0,"[{""committed_round_count"": 8, ""fallback_used"": false, ""heuristic_candidate_pruning_used"": false, ""pruned_hard_compatible_pair_count"": 0, ""solver_status"": ""TIME_LIMIT"", ""strategy_used"": ""BASELINE_DECOMPOSED""}, {""committed_round_count"": 1, ""fallback_used"": false, ""heuristic_candidate_pruning_used"": false, ""pruned_hard_compatible_pair_count"": 0, ""solver_status"": ""FEASIBLE"", ""strategy_used"": ""BASELINE_DECOMPOSED""}, {""committed_round_count"": 2, ""fallback_used"": false, ""heuristic_candidate_pruning_used"": false, ""pruned_hard_compatible_pair_count"": 0, ""solver_status"": ""FEASIBLE"", ""strategy_used"": ""BASELINE_DECOMPOSED""}, {""committed_round_count"": 8, ""fallback_used"": false, ""heuristic_candidate_pruning_used"": false, ""pruned_hard_compatible_pair_count"": 0, ""solver_status"": ""FEASIBLE"", ""strategy_used"": ""BASELINE_DECOMPOSED""}]",[],,,0.62,0.7948717948717948,,0.62,0.01,SYNTHETIC_GENERATOR_AND_SYNTHETIC_ROAD_EDGES
mass_decline-50-5-seed20311058,MASS_DECLINE,S4_GEOGRAPHIC_ROLLING_7_21,50,5,5,"{""commit_window_days"": 7, ""lookahead_days"": 21, ""planning_window_days"": 28}",1,20311058,b5a3319ce4fb544dfea9643a3b9da92861c099c782b4f3030d50850c6f118348,5161.37,92.79,16919.58,5029.44,0.0,13.82,14796.46,14651,21807,408,0,TIME_LIMIT,False,GEOGRAPHIC_ROLLING,True,GEOGRAPHIC_WINDOW_BASELINE_FALLBACK,18,18,32,0,0,0,False,30676,860952,10940952,,True,,,4385,639,3746,4308,77,0,False,0,"[{""committed_round_count"": 2, ""fallback_used"": false, ""heuristic_candidate_pruning_used"": false, ""pruned_hard_compatible_pair_count"": 0, ""solver_status"": ""TIME_LIMIT"", ""strategy_used"": ""GEOGRAPHIC_CLUSTER""}, {""committed_round_count"": 5, ""fallback_used"": false, ""heuristic_candidate_pruning_used"": false, ""pruned_hard_compatible_pair_count"": 0, ""solver_status"": ""TIME_LIMIT"", ""strategy_used"": ""GEOGRAPHIC_CLUSTER""}, {""committed_round_count"": 4, ""fallback_used"": false, ""heuristic_candidate_pruning_used"": false, ""pruned_hard_compatible_pair_count"": 0, ""solver_status"": ""TIME_LIMIT"", ""strategy_used"": ""GEOGRAPHIC_CLUSTER""}, {""committed_round_count"": 7, ""fallback_used"": true, ""heuristic_candidate_pruning_used"": false, ""pruned_hard_compatible_pair_count"": 0, ""solver_status"": ""FEASIBLE"", ""strategy_used"": ""BASELINE_FALLBACK""}]",[],,0.4,0.7,0.825,0.4,0.7,0.01,SYNTHETIC_GENERATOR_AND_SYNTHETIC_ROAD_EDGES
mass_decline-50-5-seed20311058,MASS_DECLINE,S4_GEOGRAPHIC_ROLLING_7_21,50,5,5,"{""commit_window_days"": 7, ""lookahead_days"": 21, ""planning_window_days"": 28}",2,20311058,b5a3319ce4fb544dfea9643a3b9da92861c099c782b4f3030d50850c6f118348,5164.08,93.36,16874.81,5064.1,0.0,14.0,14789.91,14651,21807,408,0,TIME_LIMIT,False,GEOGRAPHIC_ROLLING,True,GEOGRAPHIC_WINDOW_BASELINE_FALLBACK,18,18,32,0,0,0,False,30676,860952,10940952,,True,,,4385,639,3746,4308,77,0,False,0,"[{""committed_round_count"": 2, ""fallback_used"": false, ""heuristic_candidate_pruning_used"": false, ""pruned_hard_compatible_pair_count"": 0, ""solver_status"": ""TIME_LIMIT"", ""strategy_used"": ""GEOGRAPHIC_CLUSTER""}, {""committed_round_count"": 5, ""fallback_used"": false, ""heuristic_candidate_pruning_used"": false, ""pruned_hard_compatible_pair_count"": 0, ""solver_status"": ""TIME_LIMIT"", ""strategy_used"": ""GEOGRAPHIC_CLUSTER""}, {""committed_round_count"": 4, ""fallback_used"": false, ""heuristic_candidate_pruning_used"": false, ""pruned_hard_compatible_pair_count"": 0, ""solver_status"": ""TIME_LIMIT"", ""strategy_used"": ""GEOGRAPHIC_CLUSTER""}, {""committed_round_count"": 7, ""fallback_used"": true, ""heuristic_candidate_pruning_used"": false, ""pruned_hard_compatible_pair_count"": 0, ""solver_status"": ""FEASIBLE"", ""strategy_used"": ""BASELINE_FALLBACK""}]",[],,0.4,0.7,0.825,0.4,0.7,0.01,SYNTHETIC_GENERATOR_AND_SYNTHETIC_ROAD_EDGES
mass_decline-50-5-seed20311058,MASS_DECLINE,S4_GEOGRAPHIC_ROLLING_7_21,50,5,5,"{""commit_window_days"": 7, ""lookahead_days"": 21, ""planning_window_days"": 28}",3,20311058,b5a3319ce4fb544dfea9643a3b9da92861c099c782b4f3030d50850c6f118348,5216.54,106.14,16852.16,5071.77,0.0,14.31,14800.18,14651,21807,408,0,TIME_LIMIT,False,GEOGRAPHIC_ROLLING,True,GEOGRAPHIC_WINDOW_BASELINE_FALLBACK,18,18,32,0,0,0,False,30676,860952,10940952,,True,,,4385,639,3746,4308,77,0,False,0,"[{""committed_round_count"": 2, ""fallback_used"": false, ""heuristic_candidate_pruning_used"": false, ""pruned_hard_compatible_pair_count"": 0, ""solver_status"": ""TIME_LIMIT"", ""strategy_used"": ""GEOGRAPHIC_CLUSTER""}, {""committed_round_count"": 5, ""fallback_used"": false, ""heuristic_candidate_pruning_used"": false, ""pruned_hard_compatible_pair_count"": 0, ""solver_status"": ""TIME_LIMIT"", ""strategy_used"": ""GEOGRAPHIC_CLUSTER""}, {""committed_round_count"": 4, ""fallback_used"": false, ""heuristic_candidate_pruning_used"": false, ""pruned_hard_compatible_pair_count"": 0, ""solver_status"": ""TIME_LIMIT"", ""strategy_used"": ""GEOGRAPHIC_CLUSTER""}, {""committed_round_count"": 7, ""fallback_used"": true, ""heuristic_candidate_pruning_used"": false, ""pruned_hard_compatible_pair_count"": 0, ""solver_status"": ""FEASIBLE"", ""strategy_used"": ""BASELINE_FALLBACK""}]",[],,0.4,0.7,0.825,0.4,0.7,0.01,SYNTHETIC_GENERATOR_AND_SYNTHETIC_ROAD_EDGES
normal-100-10-seed20361102,NORMAL,S3_ROLLING_HORIZON_7_21,100,10,,"{""commit_window_days"": 7, ""lookahead_days"": 21, ""planning_window_days"": 28}",1,20361102,e6d9c730bc4d47e9a063d2f474cc9aa81b396b85cd59a4d2f3deae26f7a01386,16951.17,264.06,23092.23,0.0,0.0,45.68,22110.75,34390,50883,5820,0,TIME_LIMIT,False,BASELINE_FALLBACK,True,ROLLING_QUALITY_BELOW_FULL_LOOKAHEAD,73,73,27,0,0,0,False,94009,2638879,23953879,,True,,,8721,1879,6842,8528,193,0,False,0,"[{""committed_round_count"": 31, ""fallback_used"": false, ""heuristic_candidate_pruning_used"": false, ""pruned_hard_compatible_pair_count"": 0, ""solver_status"": ""TIME_LIMIT"", ""strategy_used"": ""BASELINE_DECOMPOSED""}, {""committed_round_count"": 40, ""fallback_used"": false, ""heuristic_candidate_pruning_used"": false, ""pruned_hard_compatible_pair_count"": 0, ""solver_status"": ""TIME_LIMIT"", ""strategy_used"": ""BASELINE_DECOMPOSED""}, {""committed_round_count"": 11, ""fallback_used"": false, ""heuristic_candidate_pruning_used"": false, ""pruned_hard_compatible_pair_count"": 0, ""solver_status"": ""TIME_LIMIT"", ""strategy_used"": ""BASELINE_DECOMPOSED""}, {""committed_round_count"": 15, ""fallback_used"": false, ""heuristic_candidate_pruning_used"": false, ""pruned_hard_compatible_pair_count"": 0, ""solver_status"": ""TIME_LIMIT"", ""strategy_used"": ""BASELINE_DECOMPOSED""}]","[""COVERED_AREA_COUNT_BELOW_FULL_LOOKAHEAD""]","{""boundary_zero_service_rate"": null, ""covered_areas"": 72, ""late_horizon_zero_service_rate"": 0.75, ""minimum_coverage_met"": false, ""non_boundary_zero_service_rate"": 0.28, ""service_rounds"": 97, ""underserved_points_covered"": 0}",,,,,,0.01,SYNTHETIC_GENERATOR_AND_SYNTHETIC_ROAD_EDGES
normal-100-10-seed20361102,NORMAL,S3_ROLLING_HORIZON_7_21,100,10,,"{""commit_window_days"": 7, ""lookahead_days"": 21, ""planning_window_days"": 28}",2,20361102,e6d9c730bc4d47e9a063d2f474cc9aa81b396b85cd59a4d2f3deae26f7a01386,16653.49,283.44,22872.94,0.0,0.0,31.95,21893.84,34390,50883,5820,0,TIME_LIMIT,False,BASELINE_FALLBACK,True,ROLLING_QUALITY_BELOW_FULL_LOOKAHEAD,73,73,27,0,0,0,False,94009,2638879,23953879,,True,,,8721,1879,6842,8528,193,0,False,0,"[{""committed_round_count"": 31, ""fallback_used"": false, ""heuristic_candidate_pruning_used"": false, ""pruned_hard_compatible_pair_count"": 0, ""solver_status"": ""TIME_LIMIT"", ""strategy_used"": ""BASELINE_DECOMPOSED""}, {""committed_round_count"": 40, ""fallback_used"": false, ""heuristic_candidate_pruning_used"": false, ""pruned_hard_compatible_pair_count"": 0, ""solver_status"": ""TIME_LIMIT"", ""strategy_used"": ""BASELINE_DECOMPOSED""}, {""committed_round_count"": 11, ""fallback_used"": false, ""heuristic_candidate_pruning_used"": false, ""pruned_hard_compatible_pair_count"": 0, ""solver_status"": ""TIME_LIMIT"", ""strategy_used"": ""BASELINE_DECOMPOSED""}, {""committed_round_count"": 15, ""fallback_used"": false, ""heuristic_candidate_pruning_used"": false, ""pruned_hard_compatible_pair_count"": 0, ""solver_status"": ""TIME_LIMIT"", ""strategy_used"": ""BASELINE_DECOMPOSED""}]","[""COVERED_AREA_COUNT_BELOW_FULL_LOOKAHEAD""]","{""boundary_zero_service_rate"": null, ""covered_areas"": 72, ""late_horizon_zero_service_rate"": 0.75, ""minimum_coverage_met"": false, ""non_boundary_zero_service_rate"": 0.28, ""service_rounds"": 97, ""underserved_points_covered"": 0}",,,,,,0.02,SYNTHETIC_GENERATOR_AND_SYNTHETIC_ROAD_EDGES
normal-100-10-seed20361102,NORMAL,S3_ROLLING_HORIZON_7_21,100,10,,"{""commit_window_days"": 7, ""lookahead_days"": 21, ""planning_window_days"": 28}",3,20361102,e6d9c730bc4d47e9a063d2f474cc9aa81b396b85cd59a4d2f3deae26f7a01386,16554.53,279.47,22745.36,0.0,0.0,31.06,21761.75,34390,50883,5820,0,TIME_LIMIT,False,BASELINE_FALLBACK,True,ROLLING_QUALITY_BELOW_FULL_LOOKAHEAD,73,73,27,0,0,0,False,94009,2638879,23953879,,True,,,8721,1879,6842,8528,193,0,False,0,"[{""committed_round_count"": 31, ""fallback_used"": false, ""heuristic_candidate_pruning_used"": false, ""pruned_hard_compatible_pair_count"": 0, ""solver_status"": ""TIME_LIMIT"", ""strategy_used"": ""BASELINE_DECOMPOSED""}, {""committed_round_count"": 40, ""fallback_used"": false, ""heuristic_candidate_pruning_used"": false, ""pruned_hard_compatible_pair_count"": 0, ""solver_status"": ""TIME_LIMIT"", ""strategy_used"": ""BASELINE_DECOMPOSED""}, {""committed_round_count"": 11, ""fallback_used"": false, ""heuristic_candidate_pruning_used"": false, ""pruned_hard_compatible_pair_count"": 0, ""solver_status"": ""TIME_LIMIT"", ""strategy_used"": ""BASELINE_DECOMPOSED""}, {""committed_round_count"": 15, ""fallback_used"": false, ""heuristic_candidate_pruning_used"": false, ""pruned_hard_compatible_pair_count"": 0, ""solver_status"": ""TIME_LIMIT"", ""strategy_used"": ""BASELINE_DECOMPOSED""}]","[""COVERED_AREA_COUNT_BELOW_FULL_LOOKAHEAD""]","{""boundary_zero_service_rate"": null, ""covered_areas"": 72, ""late_horizon_zero_service_rate"": 0.75, ""minimum_coverage_met"": false, ""non_boundary_zero_service_rate"": 0.28, ""service_rounds"": 97, ""underserved_points_covered"": 0}",,,,,,0.01,SYNTHETIC_GENERATOR_AND_SYNTHETIC_ROAD_EDGES
normal-100-10-seed20361102,NORMAL,S4_GEOGRAPHIC_ROLLING_7_21,100,10,7,"{""commit_window_days"": 7, ""lookahead_days"": 21, ""planning_window_days"": 28}",1,20361102,e6d9c730bc4d47e9a063d2f474cc9aa81b396b85cd59a4d2f3deae26f7a01386,12291.31,541.24,30042.43,22685.14,0.0,54.81,42313.33,71635,105791,5820,0,TIME_LIMIT,False,GEOGRAPHIC_ROLLING,True,GEOGRAPHIC_WINDOW_BASELINE_FALLBACK,97,79,21,0,0,0,False,112465,3156851,29456851,,True,,,17151,2352,14799,16802,349,0,False,0,"[{""committed_round_count"": 3, ""fallback_used"": false, ""heuristic_candidate_pruning_used"": false, ""pruned_hard_compatible_pair_count"": 0, ""solver_status"": ""TIME_LIMIT"", ""strategy_used"": ""GEOGRAPHIC_CLUSTER""}, {""committed_round_count"": 18, ""fallback_used"": false, ""heuristic_candidate_pruning_used"": false, ""pruned_hard_compatible_pair_count"": 0, ""solver_status"": ""TIME_LIMIT"", ""strategy_used"": ""GEOGRAPHIC_CLUSTER""}, {""committed_round_count"": 33, ""fallback_used"": true, ""heuristic_candidate_pruning_used"": false, ""pruned_hard_compatible_pair_count"": 0, ""solver_status"": ""TIME_LIMIT"", ""strategy_used"": ""BASELINE_FALLBACK""}, {""committed_round_count"": 43, ""fallback_used"": true, ""heuristic_candidate_pruning_used"": false, ""pruned_hard_compatible_pair_count"": 0, ""solver_status"": ""TIME_LIMIT"", ""strategy_used"": ""BASELINE_FALLBACK""}]",[],,0.1111111111111111,0.2465753424657534,0.39436619718309857,0.1111111111111111,0.2465753424657534,0.02,SYNTHETIC_GENERATOR_AND_SYNTHETIC_ROAD_EDGES
normal-100-10-seed20361102,NORMAL,S4_GEOGRAPHIC_ROLLING_7_21,100,10,7,"{""commit_window_days"": 7, ""lookahead_days"": 21, ""planning_window_days"": 28}",2,20361102,e6d9c730bc4d47e9a063d2f474cc9aa81b396b85cd59a4d2f3deae26f7a01386,12533.16,541.19,29837.26,22854.64,0.0,54.87,42375.46,71635,105791,5820,0,TIME_LIMIT,False,GEOGRAPHIC_ROLLING,True,GEOGRAPHIC_WINDOW_BASELINE_FALLBACK,97,79,21,0,0,0,False,112465,3156851,29456851,,True,,,17151,2352,14799,16802,349,0,False,0,"[{""committed_round_count"": 3, ""fallback_used"": false, ""heuristic_candidate_pruning_used"": false, ""pruned_hard_compatible_pair_count"": 0, ""solver_status"": ""TIME_LIMIT"", ""strategy_used"": ""GEOGRAPHIC_CLUSTER""}, {""committed_round_count"": 18, ""fallback_used"": false, ""heuristic_candidate_pruning_used"": false, ""pruned_hard_compatible_pair_count"": 0, ""solver_status"": ""TIME_LIMIT"", ""strategy_used"": ""GEOGRAPHIC_CLUSTER""}, {""committed_round_count"": 33, ""fallback_used"": true, ""heuristic_candidate_pruning_used"": false, ""pruned_hard_compatible_pair_count"": 0, ""solver_status"": ""TIME_LIMIT"", ""strategy_used"": ""BASELINE_FALLBACK""}, {""committed_round_count"": 43, ""fallback_used"": true, ""heuristic_candidate_pruning_used"": false, ""pruned_hard_compatible_pair_count"": 0, ""solver_status"": ""TIME_LIMIT"", ""strategy_used"": ""BASELINE_FALLBACK""}]",[],,0.1111111111111111,0.2465753424657534,0.39436619718309857,0.1111111111111111,0.2465753424657534,0.02,SYNTHETIC_GENERATOR_AND_SYNTHETIC_ROAD_EDGES
normal-100-10-seed20361102,NORMAL,S4_GEOGRAPHIC_ROLLING_7_21,100,10,7,"{""commit_window_days"": 7, ""lookahead_days"": 21, ""planning_window_days"": 28}",3,20361102,e6d9c730bc4d47e9a063d2f474cc9aa81b396b85cd59a4d2f3deae26f7a01386,12569.04,529.45,29747.16,22978.32,0.0,53.9,42463.0,71635,105791,5820,0,TIME_LIMIT,False,GEOGRAPHIC_ROLLING,True,GEOGRAPHIC_WINDOW_BASELINE_FALLBACK,97,79,21,0,0,0,False,112465,3156851,29456851,,True,,,17151,2352,14799,16802,349,0,False,0,"[{""committed_round_count"": 3, ""fallback_used"": false, ""heuristic_candidate_pruning_used"": false, ""pruned_hard_compatible_pair_count"": 0, ""solver_status"": ""TIME_LIMIT"", ""strategy_used"": ""GEOGRAPHIC_CLUSTER""}, {""committed_round_count"": 18, ""fallback_used"": false, ""heuristic_candidate_pruning_used"": false, ""pruned_hard_compatible_pair_count"": 0, ""solver_status"": ""TIME_LIMIT"", ""strategy_used"": ""GEOGRAPHIC_CLUSTER""}, {""committed_round_count"": 33, ""fallback_used"": true, ""heuristic_candidate_pruning_used"": false, ""pruned_hard_compatible_pair_count"": 0, ""solver_status"": ""TIME_LIMIT"", ""strategy_used"": ""BASELINE_FALLBACK""}, {""committed_round_count"": 43, ""fallback_used"": true, ""heuristic_candidate_pruning_used"": false, ""pruned_hard_compatible_pair_count"": 0, ""solver_status"": ""TIME_LIMIT"", ""strategy_used"": ""BASELINE_FALLBACK""}]",[],,0.1111111111111111,0.2465753424657534,0.39436619718309857,0.1111111111111111,0.2465753424657534,0.02,SYNTHETIC_GENERATOR_AND_SYNTHETIC_ROAD_EDGES
tight_budget-100-10-seed20361103,TIGHT_BUDGET,S3_ROLLING_HORIZON_7_21,100,10,,"{""commit_window_days"": 7, ""lookahead_days"": 21, ""planning_window_days"": 28}",1,20361103,523f8f616aaec75b9770b05e84f02bf7c0ae5c69d3431517425073a519f0d3c3,14198.14,310.62,14529.08,0.0,0.0,12.12,14514.17,24303,36272,5864,0,FEASIBLE,False,BASELINE_FALLBACK,True,ROLLING_QUALITY_BELOW_FULL_LOOKAHEAD,29,29,71,0,0,0,False,25824,725027,7780027,,True,,,7557,1533,6024,7486,71,0,False,0,"[{""committed_round_count"": 12, ""fallback_used"": false, ""heuristic_candidate_pruning_used"": false, ""pruned_hard_compatible_pair_count"": 0, ""solver_status"": ""FEASIBLE"", ""strategy_used"": ""BASELINE_DECOMPOSED""}, {""committed_round_count"": 8, ""fallback_used"": false, ""heuristic_candidate_pruning_used"": false, ""pruned_hard_compatible_pair_count"": 0, ""solver_status"": ""TIME_LIMIT"", ""strategy_used"": ""BASELINE_DECOMPOSED""}, {""committed_round_count"": 2, ""fallback_used"": false, ""heuristic_candidate_pruning_used"": false, ""pruned_hard_compatible_pair_count"": 0, ""solver_status"": ""FEASIBLE"", ""strategy_used"": ""BASELINE_DECOMPOSED""}, {""committed_round_count"": 4, ""fallback_used"": false, ""heuristic_candidate_pruning_used"": false, ""pruned_hard_compatible_pair_count"": 0, ""solver_status"": ""FEASIBLE"", ""strategy_used"": ""BASELINE_DECOMPOSED""}]","[""COVERED_AREA_COUNT_BELOW_FULL_LOOKAHEAD""]","{""boundary_zero_service_rate"": null, ""covered_areas"": 23, ""late_horizon_zero_service_rate"": 0.9574468085106383, ""minimum_coverage_met"": false, ""non_boundary_zero_service_rate"": 0.77, ""service_rounds"": 26, ""underserved_points_covered"": 0}",,,,,,0.01,SYNTHETIC_GENERATOR_AND_SYNTHETIC_ROAD_EDGES
tight_budget-100-10-seed20361103,TIGHT_BUDGET,S3_ROLLING_HORIZON_7_21,100,10,,"{""commit_window_days"": 7, ""lookahead_days"": 21, ""planning_window_days"": 28}",2,20361103,523f8f616aaec75b9770b05e84f02bf7c0ae5c69d3431517425073a519f0d3c3,14301.21,300.36,14502.99,0.0,0.0,11.86,14485.35,24303,36272,5864,0,FEASIBLE,False,BASELINE_FALLBACK,True,ROLLING_QUALITY_BELOW_FULL_LOOKAHEAD,29,29,71,0,0,0,False,25824,725027,7780027,,True,,,7557,1533,6024,7486,71,0,False,0,"[{""committed_round_count"": 12, ""fallback_used"": false, ""heuristic_candidate_pruning_used"": false, ""pruned_hard_compatible_pair_count"": 0, ""solver_status"": ""FEASIBLE"", ""strategy_used"": ""BASELINE_DECOMPOSED""}, {""committed_round_count"": 8, ""fallback_used"": false, ""heuristic_candidate_pruning_used"": false, ""pruned_hard_compatible_pair_count"": 0, ""solver_status"": ""TIME_LIMIT"", ""strategy_used"": ""BASELINE_DECOMPOSED""}, {""committed_round_count"": 2, ""fallback_used"": false, ""heuristic_candidate_pruning_used"": false, ""pruned_hard_compatible_pair_count"": 0, ""solver_status"": ""FEASIBLE"", ""strategy_used"": ""BASELINE_DECOMPOSED""}, {""committed_round_count"": 4, ""fallback_used"": false, ""heuristic_candidate_pruning_used"": false, ""pruned_hard_compatible_pair_count"": 0, ""solver_status"": ""FEASIBLE"", ""strategy_used"": ""BASELINE_DECOMPOSED""}]","[""COVERED_AREA_COUNT_BELOW_FULL_LOOKAHEAD""]","{""boundary_zero_service_rate"": null, ""covered_areas"": 23, ""late_horizon_zero_service_rate"": 0.9574468085106383, ""minimum_coverage_met"": false, ""non_boundary_zero_service_rate"": 0.77, ""service_rounds"": 26, ""underserved_points_covered"": 0}",,,,,,0.01,SYNTHETIC_GENERATOR_AND_SYNTHETIC_ROAD_EDGES
tight_budget-100-10-seed20361103,TIGHT_BUDGET,S3_ROLLING_HORIZON_7_21,100,10,,"{""commit_window_days"": 7, ""lookahead_days"": 21, ""planning_window_days"": 28}",3,20361103,523f8f616aaec75b9770b05e84f02bf7c0ae5c69d3431517425073a519f0d3c3,14163.22,283.22,14600.0,0.0,0.0,12.63,14548.13,24303,36272,5864,0,FEASIBLE,False,BASELINE_FALLBACK,True,ROLLING_QUALITY_BELOW_FULL_LOOKAHEAD,29,29,71,0,0,0,False,25824,725027,7780027,,True,,,7557,1533,6024,7486,71,0,False,0,"[{""committed_round_count"": 12, ""fallback_used"": false, ""heuristic_candidate_pruning_used"": false, ""pruned_hard_compatible_pair_count"": 0, ""solver_status"": ""FEASIBLE"", ""strategy_used"": ""BASELINE_DECOMPOSED""}, {""committed_round_count"": 8, ""fallback_used"": false, ""heuristic_candidate_pruning_used"": false, ""pruned_hard_compatible_pair_count"": 0, ""solver_status"": ""TIME_LIMIT"", ""strategy_used"": ""BASELINE_DECOMPOSED""}, {""committed_round_count"": 2, ""fallback_used"": false, ""heuristic_candidate_pruning_used"": false, ""pruned_hard_compatible_pair_count"": 0, ""solver_status"": ""FEASIBLE"", ""strategy_used"": ""BASELINE_DECOMPOSED""}, {""committed_round_count"": 4, ""fallback_used"": false, ""heuristic_candidate_pruning_used"": false, ""pruned_hard_compatible_pair_count"": 0, ""solver_status"": ""FEASIBLE"", ""strategy_used"": ""BASELINE_DECOMPOSED""}]","[""COVERED_AREA_COUNT_BELOW_FULL_LOOKAHEAD""]","{""boundary_zero_service_rate"": null, ""covered_areas"": 23, ""late_horizon_zero_service_rate"": 0.9574468085106383, ""minimum_coverage_met"": false, ""non_boundary_zero_service_rate"": 0.77, ""service_rounds"": 26, ""underserved_points_covered"": 0}",,,,,,0.01,SYNTHETIC_GENERATOR_AND_SYNTHETIC_ROAD_EDGES
tight_budget-100-10-seed20361103,TIGHT_BUDGET,S4_GEOGRAPHIC_ROLLING_7_21,100,10,7,"{""commit_window_days"": 7, ""lookahead_days"": 21, ""planning_window_days"": 28}",1,20361103,523f8f616aaec75b9770b05e84f02bf7c0ae5c69d3431517425073a519f0d3c3,11709.91,562.68,17209.86,28343.73,0.0,19.9,39417.82,60741,90144,5864,0,TIME_LIMIT,False,GEOGRAPHIC_ROLLING,True,GEOGRAPHIC_WINDOW_BASELINE_FALLBACK,25,24,76,0,0,0,False,33869,950583,7895583,,True,,,15166,1616,13550,15060,106,0,False,0,"[{""committed_round_count"": 5, ""fallback_used"": false, ""heuristic_candidate_pruning_used"": false, ""pruned_hard_compatible_pair_count"": 0, ""solver_status"": ""TIME_LIMIT"", ""strategy_used"": ""GEOGRAPHIC_CLUSTER""}, {""committed_round_count"": 6, ""fallback_used"": false, ""heuristic_candidate_pruning_used"": false, ""pruned_hard_compatible_pair_count"": 0, ""solver_status"": ""TIME_LIMIT"", ""strategy_used"": ""GEOGRAPHIC_CLUSTER""}, {""committed_round_count"": 1, ""fallback_used"": true, ""heuristic_candidate_pruning_used"": false, ""pruned_hard_compatible_pair_count"": 0, ""solver_status"": ""FEASIBLE"", ""strategy_used"": ""BASELINE_FALLBACK""}, {""committed_round_count"": 13, ""fallback_used"": true, ""heuristic_candidate_pruning_used"": false, ""pruned_hard_compatible_pair_count"": 0, ""solver_status"": ""TIME_LIMIT"", ""strategy_used"": ""BASELINE_FALLBACK""}]",[],,0.7941176470588235,0.7424242424242424,0.8586956521739131,0.7941176470588235,0.7424242424242424,0.02,SYNTHETIC_GENERATOR_AND_SYNTHETIC_ROAD_EDGES
tight_budget-100-10-seed20361103,TIGHT_BUDGET,S4_GEOGRAPHIC_ROLLING_7_21,100,10,7,"{""commit_window_days"": 7, ""lookahead_days"": 21, ""planning_window_days"": 28}",2,20361103,523f8f616aaec75b9770b05e84f02bf7c0ae5c69d3431517425073a519f0d3c3,11670.19,549.97,17151.44,28323.53,0.0,18.93,39389.62,60741,90144,5864,0,TIME_LIMIT,False,GEOGRAPHIC_ROLLING,True,GEOGRAPHIC_WINDOW_BASELINE_FALLBACK,25,24,76,0,0,0,False,33869,950583,7895583,,True,,,15166,1616,13550,15060,106,0,False,0,"[{""committed_round_count"": 5, ""fallback_used"": false, ""heuristic_candidate_pruning_used"": false, ""pruned_hard_compatible_pair_count"": 0, ""solver_status"": ""TIME_LIMIT"", ""strategy_used"": ""GEOGRAPHIC_CLUSTER""}, {""committed_round_count"": 6, ""fallback_used"": false, ""heuristic_candidate_pruning_used"": false, ""pruned_hard_compatible_pair_count"": 0, ""solver_status"": ""TIME_LIMIT"", ""strategy_used"": ""GEOGRAPHIC_CLUSTER""}, {""committed_round_count"": 1, ""fallback_used"": true, ""heuristic_candidate_pruning_used"": false, ""pruned_hard_compatible_pair_count"": 0, ""solver_status"": ""FEASIBLE"", ""strategy_used"": ""BASELINE_FALLBACK""}, {""committed_round_count"": 13, ""fallback_used"": true, ""heuristic_candidate_pruning_used"": false, ""pruned_hard_compatible_pair_count"": 0, ""solver_status"": ""TIME_LIMIT"", ""strategy_used"": ""BASELINE_FALLBACK""}]",[],,0.7941176470588235,0.7424242424242424,0.8586956521739131,0.7941176470588235,0.7424242424242424,0.02,SYNTHETIC_GENERATOR_AND_SYNTHETIC_ROAD_EDGES
tight_budget-100-10-seed20361103,TIGHT_BUDGET,S4_GEOGRAPHIC_ROLLING_7_21,100,10,7,"{""commit_window_days"": 7, ""lookahead_days"": 21, ""planning_window_days"": 28}",3,20361103,523f8f616aaec75b9770b05e84f02bf7c0ae5c69d3431517425073a519f0d3c3,11727.56,569.28,17203.27,28482.72,0.0,18.1,39565.95,60741,90144,5864,0,TIME_LIMIT,False,GEOGRAPHIC_ROLLING,True,GEOGRAPHIC_WINDOW_BASELINE_FALLBACK,25,24,76,0,0,0,False,33869,950583,7895583,,True,,,15166,1616,13550,15060,106,0,False,0,"[{""committed_round_count"": 5, ""fallback_used"": false, ""heuristic_candidate_pruning_used"": false, ""pruned_hard_compatible_pair_count"": 0, ""solver_status"": ""TIME_LIMIT"", ""strategy_used"": ""GEOGRAPHIC_CLUSTER""}, {""committed_round_count"": 6, ""fallback_used"": false, ""heuristic_candidate_pruning_used"": false, ""pruned_hard_compatible_pair_count"": 0, ""solver_status"": ""TIME_LIMIT"", ""strategy_used"": ""GEOGRAPHIC_CLUSTER""}, {""committed_round_count"": 1, ""fallback_used"": true, ""heuristic_candidate_pruning_used"": false, ""pruned_hard_compatible_pair_count"": 0, ""solver_status"": ""FEASIBLE"", ""strategy_used"": ""BASELINE_FALLBACK""}, {""committed_round_count"": 13, ""fallback_used"": true, ""heuristic_candidate_pruning_used"": false, ""pruned_hard_compatible_pair_count"": 0, ""solver_status"": ""TIME_LIMIT"", ""strategy_used"": ""BASELINE_FALLBACK""}]",[],,0.7941176470588235,0.7424242424242424,0.8586956521739131,0.7941176470588235,0.7424242424242424,0.02,SYNTHETIC_GENERATOR_AND_SYNTHETIC_ROAD_EDGES
provider_shortage-100-10-seed20361104,PROVIDER_SHORTAGE,S3_ROLLING_HORIZON_7_21,100,10,,"{""commit_window_days"": 7, ""lookahead_days"": 21, ""planning_window_days"": 28}",1,20361104,8d6f0bbfeb57f8298430a9c8241f2edbe261c5b59c09c69685924bf8b62b9cb2,9741.69,268.41,9986.05,0.0,0.0,19.77,10481.51,23349,34945,5840,0,FEASIBLE,False,ROLLING_HORIZON,False,,41,41,59,0,0,0,False,76833,2156384,22916384,,True,,,7041,1550,5491,6918,123,0,False,0,"[{""committed_round_count"": 17, ""fallback_used"": false, ""heuristic_candidate_pruning_used"": false, ""pruned_hard_compatible_pair_count"": 0, ""solver_status"": ""OPTIMAL"", ""strategy_used"": ""BASELINE_DECOMPOSED""}, {""committed_round_count"": 5, ""fallback_used"": false, ""heuristic_candidate_pruning_used"": false, ""pruned_hard_compatible_pair_count"": 0, ""solver_status"": ""FEASIBLE"", ""strategy_used"": ""BASELINE_DECOMPOSED""}, {""committed_round_count"": 3, ""fallback_used"": false, ""heuristic_candidate_pruning_used"": false, ""pruned_hard_compatible_pair_count"": 0, ""solver_status"": ""FEASIBLE"", ""strategy_used"": ""BASELINE_DECOMPOSED""}, {""committed_round_count"": 16, ""fallback_used"": false, ""heuristic_candidate_pruning_used"": false, ""pruned_hard_compatible_pair_count"": 0, ""solver_status"": ""FEASIBLE"", ""strategy_used"": ""BASELINE_DECOMPOSED""}]",[],,,0.59,0.8072289156626506,,0.59,0.01,SYNTHETIC_GENERATOR_AND_SYNTHETIC_ROAD_EDGES
provider_shortage-100-10-seed20361104,PROVIDER_SHORTAGE,S3_ROLLING_HORIZON_7_21,100,10,,"{""commit_window_days"": 7, ""lookahead_days"": 21, ""planning_window_days"": 28}",2,20361104,8d6f0bbfeb57f8298430a9c8241f2edbe261c5b59c09c69685924bf8b62b9cb2,9670.58,281.42,9912.64,0.0,0.0,21.4,10422.13,23349,34945,5840,0,FEASIBLE,False,ROLLING_HORIZON,False,,41,41,59,0,0,0,False,76833,2156384,22916384,,True,,,7041,1550,5491,6918,123,0,False,0,"[{""committed_round_count"": 17, ""fallback_used"": false, ""heuristic_candidate_pruning_used"": false, ""pruned_hard_compatible_pair_count"": 0, ""solver_status"": ""OPTIMAL"", ""strategy_used"": ""BASELINE_DECOMPOSED""}, {""committed_round_count"": 5, ""fallback_used"": false, ""heuristic_candidate_pruning_used"": false, ""pruned_hard_compatible_pair_count"": 0, ""solver_status"": ""FEASIBLE"", ""strategy_used"": ""BASELINE_DECOMPOSED""}, {""committed_round_count"": 3, ""fallback_used"": false, ""heuristic_candidate_pruning_used"": false, ""pruned_hard_compatible_pair_count"": 0, ""solver_status"": ""FEASIBLE"", ""strategy_used"": ""BASELINE_DECOMPOSED""}, {""committed_round_count"": 16, ""fallback_used"": false, ""heuristic_candidate_pruning_used"": false, ""pruned_hard_compatible_pair_count"": 0, ""solver_status"": ""FEASIBLE"", ""strategy_used"": ""BASELINE_DECOMPOSED""}]",[],,,0.59,0.8072289156626506,,0.59,0.01,SYNTHETIC_GENERATOR_AND_SYNTHETIC_ROAD_EDGES
provider_shortage-100-10-seed20361104,PROVIDER_SHORTAGE,S3_ROLLING_HORIZON_7_21,100,10,,"{""commit_window_days"": 7, ""lookahead_days"": 21, ""planning_window_days"": 28}",3,20361104,8d6f0bbfeb57f8298430a9c8241f2edbe261c5b59c09c69685924bf8b62b9cb2,9738.9,299.68,9961.46,0.0,0.0,19.01,10471.27,23349,34945,5840,0,FEASIBLE,False,ROLLING_HORIZON,False,,41,41,59,0,0,0,False,76833,2156384,22916384,,True,,,7041,1550,5491,6918,123,0,False,0,"[{""committed_round_count"": 17, ""fallback_used"": false, ""heuristic_candidate_pruning_used"": false, ""pruned_hard_compatible_pair_count"": 0, ""solver_status"": ""OPTIMAL"", ""strategy_used"": ""BASELINE_DECOMPOSED""}, {""committed_round_count"": 5, ""fallback_used"": false, ""heuristic_candidate_pruning_used"": false, ""pruned_hard_compatible_pair_count"": 0, ""solver_status"": ""FEASIBLE"", ""strategy_used"": ""BASELINE_DECOMPOSED""}, {""committed_round_count"": 3, ""fallback_used"": false, ""heuristic_candidate_pruning_used"": false, ""pruned_hard_compatible_pair_count"": 0, ""solver_status"": ""FEASIBLE"", ""strategy_used"": ""BASELINE_DECOMPOSED""}, {""committed_round_count"": 16, ""fallback_used"": false, ""heuristic_candidate_pruning_used"": false, ""pruned_hard_compatible_pair_count"": 0, ""solver_status"": ""FEASIBLE"", ""strategy_used"": ""BASELINE_DECOMPOSED""}]",[],,,0.59,0.8072289156626506,,0.59,0.01,SYNTHETIC_GENERATOR_AND_SYNTHETIC_ROAD_EDGES
provider_shortage-100-10-seed20361104,PROVIDER_SHORTAGE,S4_GEOGRAPHIC_ROLLING_7_21,100,10,7,"{""commit_window_days"": 7, ""lookahead_days"": 21, ""planning_window_days"": 28}",1,20361104,8d6f0bbfeb57f8298430a9c8241f2edbe261c5b59c09c69685924bf8b62b9cb2,15543.45,603.2,8682.22,27699.66,0.0,28.8,34857.78,66551,99131,5840,0,FEASIBLE,False,GEOGRAPHIC_ROLLING,True,GEOGRAPHIC_WINDOW_BASELINE_FALLBACK,41,41,59,0,0,0,False,81600,2290095,22915095,,True,,,15601,1702,13899,15428,173,0,False,0,"[{""committed_round_count"": 8, ""fallback_used"": false, ""heuristic_candidate_pruning_used"": false, ""pruned_hard_compatible_pair_count"": 0, ""solver_status"": ""FEASIBLE"", ""strategy_used"": ""GEOGRAPHIC_CLUSTER""}, {""committed_round_count"": 11, ""fallback_used"": true, ""heuristic_candidate_pruning_used"": false, ""pruned_hard_compatible_pair_count"": 0, ""solver_status"": ""OPTIMAL"", ""strategy_used"": ""BASELINE_FALLBACK""}, {""committed_round_count"": 4, ""fallback_used"": true, ""heuristic_candidate_pruning_used"": false, ""pruned_hard_compatible_pair_count"": 0, ""solver_status"": ""OPTIMAL"", ""strategy_used"": ""BASELINE_FALLBACK""}, {""committed_round_count"": 18, ""fallback_used"": true, ""heuristic_candidate_pruning_used"": false, ""pruned_hard_compatible_pair_count"": 0, ""solver_status"": ""OPTIMAL"", ""strategy_used"": ""BASELINE_FALLBACK""}]",[],,0.6333333333333333,0.5714285714285714,0.7831325301204819,0.6333333333333333,0.5714285714285714,0.02,SYNTHETIC_GENERATOR_AND_SYNTHETIC_ROAD_EDGES
provider_shortage-100-10-seed20361104,PROVIDER_SHORTAGE,S4_GEOGRAPHIC_ROLLING_7_21,100,10,7,"{""commit_window_days"": 7, ""lookahead_days"": 21, ""planning_window_days"": 28}",2,20361104,8d6f0bbfeb57f8298430a9c8241f2edbe261c5b59c09c69685924bf8b62b9cb2,15593.37,604.41,8709.89,27602.05,0.0,29.19,34770.28,66551,99131,5840,0,FEASIBLE,False,GEOGRAPHIC_ROLLING,True,GEOGRAPHIC_WINDOW_BASELINE_FALLBACK,41,41,59,0,0,0,False,81600,2290095,22915095,,True,,,15601,1702,13899,15428,173,0,False,0,"[{""committed_round_count"": 8, ""fallback_used"": false, ""heuristic_candidate_pruning_used"": false, ""pruned_hard_compatible_pair_count"": 0, ""solver_status"": ""FEASIBLE"", ""strategy_used"": ""GEOGRAPHIC_CLUSTER""}, {""committed_round_count"": 11, ""fallback_used"": true, ""heuristic_candidate_pruning_used"": false, ""pruned_hard_compatible_pair_count"": 0, ""solver_status"": ""OPTIMAL"", ""strategy_used"": ""BASELINE_FALLBACK""}, {""committed_round_count"": 4, ""fallback_used"": true, ""heuristic_candidate_pruning_used"": false, ""pruned_hard_compatible_pair_count"": 0, ""solver_status"": ""OPTIMAL"", ""strategy_used"": ""BASELINE_FALLBACK""}, {""committed_round_count"": 18, ""fallback_used"": true, ""heuristic_candidate_pruning_used"": false, ""pruned_hard_compatible_pair_count"": 0, ""solver_status"": ""OPTIMAL"", ""strategy_used"": ""BASELINE_FALLBACK""}]",[],,0.6333333333333333,0.5714285714285714,0.7831325301204819,0.6333333333333333,0.5714285714285714,0.03,SYNTHETIC_GENERATOR_AND_SYNTHETIC_ROAD_EDGES
provider_shortage-100-10-seed20361104,PROVIDER_SHORTAGE,S4_GEOGRAPHIC_ROLLING_7_21,100,10,7,"{""commit_window_days"": 7, ""lookahead_days"": 21, ""planning_window_days"": 28}",3,20361104,8d6f0bbfeb57f8298430a9c8241f2edbe261c5b59c09c69685924bf8b62b9cb2,15553.02,589.19,8681.27,27649.23,0.0,28.44,34776.37,66551,99131,5840,0,FEASIBLE,False,GEOGRAPHIC_ROLLING,True,GEOGRAPHIC_WINDOW_BASELINE_FALLBACK,41,41,59,0,0,0,False,81600,2290095,22915095,,True,,,15601,1702,13899,15428,173,0,False,0,"[{""committed_round_count"": 8, ""fallback_used"": false, ""heuristic_candidate_pruning_used"": false, ""pruned_hard_compatible_pair_count"": 0, ""solver_status"": ""FEASIBLE"", ""strategy_used"": ""GEOGRAPHIC_CLUSTER""}, {""committed_round_count"": 11, ""fallback_used"": true, ""heuristic_candidate_pruning_used"": false, ""pruned_hard_compatible_pair_count"": 0, ""solver_status"": ""OPTIMAL"", ""strategy_used"": ""BASELINE_FALLBACK""}, {""committed_round_count"": 4, ""fallback_used"": true, ""heuristic_candidate_pruning_used"": false, ""pruned_hard_compatible_pair_count"": 0, ""solver_status"": ""OPTIMAL"", ""strategy_used"": ""BASELINE_FALLBACK""}, {""committed_round_count"": 18, ""fallback_used"": true, ""heuristic_candidate_pruning_used"": false, ""pruned_hard_compatible_pair_count"": 0, ""solver_status"": ""OPTIMAL"", ""strategy_used"": ""BASELINE_FALLBACK""}]",[],,0.6333333333333333,0.5714285714285714,0.7831325301204819,0.6333333333333333,0.5714285714285714,0.02,SYNTHETIC_GENERATOR_AND_SYNTHETIC_ROAD_EDGES
remote_areas-100-10-seed20361105,REMOTE_AREAS,S3_ROLLING_HORIZON_7_21,100,10,,"{""commit_window_days"": 7, ""lookahead_days"": 21, ""planning_window_days"": 28}",1,20361105,bda080743f39de1fc27d23c497cb46d49afe1562527ab6bff958124e5589b5a3,10767.61,190.06,16377.04,0.0,0.0,29.98,16105.63,25048,37690,4112,0,OPTIMAL,True,BASELINE_FALLBACK,True,ROLLING_QUALITY_BELOW_FULL_LOOKAHEAD,70,70,30,0,0,0,False,92972,2608566,29243566,,True,,,7075,1710,5365,6882,193,0,False,0,"[{""committed_round_count"": 39, ""fallback_used"": false, ""heuristic_candidate_pruning_used"": false, ""pruned_hard_compatible_pair_count"": 0, ""solver_status"": ""OPTIMAL"", ""strategy_used"": ""BASELINE_DECOMPOSED""}, {""committed_round_count"": 9, ""fallback_used"": false, ""heuristic_candidate_pruning_used"": false, ""pruned_hard_compatible_pair_count"": 0, ""solver_status"": ""TIME_LIMIT"", ""strategy_used"": ""BASELINE_DECOMPOSED""}, {""committed_round_count"": 8, ""fallback_used"": false, ""heuristic_candidate_pruning_used"": false, ""pruned_hard_compatible_pair_count"": 0, ""solver_status"": ""TIME_LIMIT"", ""strategy_used"": ""BASELINE_DECOMPOSED""}, {""committed_round_count"": 19, ""fallback_used"": false, ""heuristic_candidate_pruning_used"": false, ""pruned_hard_compatible_pair_count"": 0, ""solver_status"": ""TIME_LIMIT"", ""strategy_used"": ""BASELINE_DECOMPOSED""}]","[""COVERED_AREA_COUNT_BELOW_FULL_LOOKAHEAD""]","{""boundary_zero_service_rate"": null, ""covered_areas"": 60, ""late_horizon_zero_service_rate"": 0.7164179104477612, ""minimum_coverage_met"": false, ""non_boundary_zero_service_rate"": 0.4, ""service_rounds"": 75, ""underserved_points_covered"": 0}",,,,,,0.01,SYNTHETIC_GENERATOR_AND_SYNTHETIC_ROAD_EDGES
remote_areas-100-10-seed20361105,REMOTE_AREAS,S3_ROLLING_HORIZON_7_21,100,10,,"{""commit_window_days"": 7, ""lookahead_days"": 21, ""planning_window_days"": 28}",2,20361105,bda080743f39de1fc27d23c497cb46d49afe1562527ab6bff958124e5589b5a3,10850.89,193.76,16424.41,0.0,0.0,28.52,16153.22,25048,37690,4112,0,OPTIMAL,True,BASELINE_FALLBACK,True,ROLLING_QUALITY_BELOW_FULL_LOOKAHEAD,70,70,30,0,0,0,False,92972,2608566,29243566,,True,,,7075,1710,5365,6882,193,0,False,0,"[{""committed_round_count"": 39, ""fallback_used"": false, ""heuristic_candidate_pruning_used"": false, ""pruned_hard_compatible_pair_count"": 0, ""solver_status"": ""OPTIMAL"", ""strategy_used"": ""BASELINE_DECOMPOSED""}, {""committed_round_count"": 9, ""fallback_used"": false, ""heuristic_candidate_pruning_used"": false, ""pruned_hard_compatible_pair_count"": 0, ""solver_status"": ""TIME_LIMIT"", ""strategy_used"": ""BASELINE_DECOMPOSED""}, {""committed_round_count"": 8, ""fallback_used"": false, ""heuristic_candidate_pruning_used"": false, ""pruned_hard_compatible_pair_count"": 0, ""solver_status"": ""TIME_LIMIT"", ""strategy_used"": ""BASELINE_DECOMPOSED""}, {""committed_round_count"": 19, ""fallback_used"": false, ""heuristic_candidate_pruning_used"": false, ""pruned_hard_compatible_pair_count"": 0, ""solver_status"": ""TIME_LIMIT"", ""strategy_used"": ""BASELINE_DECOMPOSED""}]","[""COVERED_AREA_COUNT_BELOW_FULL_LOOKAHEAD""]","{""boundary_zero_service_rate"": null, ""covered_areas"": 60, ""late_horizon_zero_service_rate"": 0.7164179104477612, ""minimum_coverage_met"": false, ""non_boundary_zero_service_rate"": 0.4, ""service_rounds"": 75, ""underserved_points_covered"": 0}",,,,,,0.01,SYNTHETIC_GENERATOR_AND_SYNTHETIC_ROAD_EDGES
remote_areas-100-10-seed20361105,REMOTE_AREAS,S3_ROLLING_HORIZON_7_21,100,10,,"{""commit_window_days"": 7, ""lookahead_days"": 21, ""planning_window_days"": 28}",3,20361105,bda080743f39de1fc27d23c497cb46d49afe1562527ab6bff958124e5589b5a3,10712.23,194.3,16352.44,0.0,0.0,30.79,16067.64,25048,37690,4112,0,OPTIMAL,True,BASELINE_FALLBACK,True,ROLLING_QUALITY_BELOW_FULL_LOOKAHEAD,70,70,30,0,0,0,False,92972,2608566,29243566,,True,,,7075,1710,5365,6882,193,0,False,0,"[{""committed_round_count"": 39, ""fallback_used"": false, ""heuristic_candidate_pruning_used"": false, ""pruned_hard_compatible_pair_count"": 0, ""solver_status"": ""OPTIMAL"", ""strategy_used"": ""BASELINE_DECOMPOSED""}, {""committed_round_count"": 9, ""fallback_used"": false, ""heuristic_candidate_pruning_used"": false, ""pruned_hard_compatible_pair_count"": 0, ""solver_status"": ""TIME_LIMIT"", ""strategy_used"": ""BASELINE_DECOMPOSED""}, {""committed_round_count"": 8, ""fallback_used"": false, ""heuristic_candidate_pruning_used"": false, ""pruned_hard_compatible_pair_count"": 0, ""solver_status"": ""TIME_LIMIT"", ""strategy_used"": ""BASELINE_DECOMPOSED""}, {""committed_round_count"": 19, ""fallback_used"": false, ""heuristic_candidate_pruning_used"": false, ""pruned_hard_compatible_pair_count"": 0, ""solver_status"": ""TIME_LIMIT"", ""strategy_used"": ""BASELINE_DECOMPOSED""}]","[""COVERED_AREA_COUNT_BELOW_FULL_LOOKAHEAD""]","{""boundary_zero_service_rate"": null, ""covered_areas"": 60, ""late_horizon_zero_service_rate"": 0.7164179104477612, ""minimum_coverage_met"": false, ""non_boundary_zero_service_rate"": 0.4, ""service_rounds"": 75, ""underserved_points_covered"": 0}",,,,,,0.01,SYNTHETIC_GENERATOR_AND_SYNTHETIC_ROAD_EDGES
remote_areas-100-10-seed20361105,REMOTE_AREAS,S4_GEOGRAPHIC_ROLLING_7_21,100,10,10,"{""commit_window_days"": 7, ""lookahead_days"": 21, ""planning_window_days"": 28}",1,20361105,bda080743f39de1fc27d23c497cb46d49afe1562527ab6bff958124e5589b5a3,17186.28,447.49,29022.79,21517.14,0.0,46.67,41621.15,57689,85466,4112,0,TIME_LIMIT,False,GEOGRAPHIC_ROLLING,True,GEOGRAPHIC_WINDOW_BASELINE_FALLBACK,89,65,35,0,0,0,False,111790,3137574,29752574,,True,,,16846,2005,14841,16548,298,0,False,0,"[{""committed_round_count"": 8, ""fallback_used"": false, ""heuristic_candidate_pruning_used"": false, ""pruned_hard_compatible_pair_count"": 0, ""solver_status"": ""TIME_LIMIT"", ""strategy_used"": ""GEOGRAPHIC_CLUSTER""}, {""committed_round_count"": 25, ""fallback_used"": true, ""heuristic_candidate_pruning_used"": false, ""pruned_hard_compatible_pair_count"": 0, ""solver_status"": ""TIME_LIMIT"", ""strategy_used"": ""BASELINE_FALLBACK""}, {""committed_round_count"": 38, ""fallback_used"": true, ""heuristic_candidate_pruning_used"": false, ""pruned_hard_compatible_pair_count"": 0, ""solver_status"": ""TIME_LIMIT"", ""strategy_used"": ""BASELINE_FALLBACK""}, {""committed_round_count"": 18, ""fallback_used"": true, ""heuristic_candidate_pruning_used"": false, ""pruned_hard_compatible_pair_count"": 0, ""solver_status"": ""TIME_LIMIT"", ""strategy_used"": ""BASELINE_FALLBACK""}]",[],,0.25,0.3815789473684211,0.75,0.25,0.3815789473684211,0.02,SYNTHETIC_GENERATOR_AND_SYNTHETIC_ROAD_EDGES
remote_areas-100-10-seed20361105,REMOTE_AREAS,S4_GEOGRAPHIC_ROLLING_7_21,100,10,10,"{""commit_window_days"": 7, ""lookahead_days"": 21, ""planning_window_days"": 28}",2,20361105,bda080743f39de1fc27d23c497cb46d49afe1562527ab6bff958124e5589b5a3,17153.27,466.38,28869.73,21505.45,0.0,46.34,41455.43,57689,85466,4112,0,TIME_LIMIT,False,GEOGRAPHIC_ROLLING,True,GEOGRAPHIC_WINDOW_BASELINE_FALLBACK,89,65,35,0,0,0,False,111790,3137574,29752574,,True,,,16846,2005,14841,16548,298,0,False,0,"[{""committed_round_count"": 8, ""fallback_used"": false, ""heuristic_candidate_pruning_used"": false, ""pruned_hard_compatible_pair_count"": 0, ""solver_status"": ""TIME_LIMIT"", ""strategy_used"": ""GEOGRAPHIC_CLUSTER""}, {""committed_round_count"": 25, ""fallback_used"": true, ""heuristic_candidate_pruning_used"": false, ""pruned_hard_compatible_pair_count"": 0, ""solver_status"": ""TIME_LIMIT"", ""strategy_used"": ""BASELINE_FALLBACK""}, {""committed_round_count"": 38, ""fallback_used"": true, ""heuristic_candidate_pruning_used"": false, ""pruned_hard_compatible_pair_count"": 0, ""solver_status"": ""TIME_LIMIT"", ""strategy_used"": ""BASELINE_FALLBACK""}, {""committed_round_count"": 18, ""fallback_used"": true, ""heuristic_candidate_pruning_used"": false, ""pruned_hard_compatible_pair_count"": 0, ""solver_status"": ""TIME_LIMIT"", ""strategy_used"": ""BASELINE_FALLBACK""}]",[],,0.25,0.3815789473684211,0.75,0.25,0.3815789473684211,0.02,SYNTHETIC_GENERATOR_AND_SYNTHETIC_ROAD_EDGES
remote_areas-100-10-seed20361105,REMOTE_AREAS,S4_GEOGRAPHIC_ROLLING_7_21,100,10,10,"{""commit_window_days"": 7, ""lookahead_days"": 21, ""planning_window_days"": 28}",3,20361105,bda080743f39de1fc27d23c497cb46d49afe1562527ab6bff958124e5589b5a3,17152.3,450.63,28856.12,21556.62,0.0,49.81,41503.77,57689,85466,4112,0,TIME_LIMIT,False,GEOGRAPHIC_ROLLING,True,GEOGRAPHIC_WINDOW_BASELINE_FALLBACK,89,65,35,0,0,0,False,111790,3137574,29752574,,True,,,16846,2005,14841,16548,298,0,False,0,"[{""committed_round_count"": 8, ""fallback_used"": false, ""heuristic_candidate_pruning_used"": false, ""pruned_hard_compatible_pair_count"": 0, ""solver_status"": ""TIME_LIMIT"", ""strategy_used"": ""GEOGRAPHIC_CLUSTER""}, {""committed_round_count"": 25, ""fallback_used"": true, ""heuristic_candidate_pruning_used"": false, ""pruned_hard_compatible_pair_count"": 0, ""solver_status"": ""TIME_LIMIT"", ""strategy_used"": ""BASELINE_FALLBACK""}, {""committed_round_count"": 38, ""fallback_used"": true, ""heuristic_candidate_pruning_used"": false, ""pruned_hard_compatible_pair_count"": 0, ""solver_status"": ""TIME_LIMIT"", ""strategy_used"": ""BASELINE_FALLBACK""}, {""committed_round_count"": 18, ""fallback_used"": true, ""heuristic_candidate_pruning_used"": false, ""pruned_hard_compatible_pair_count"": 0, ""solver_status"": ""TIME_LIMIT"", ""strategy_used"": ""BASELINE_FALLBACK""}]",[],,0.25,0.3815789473684211,0.75,0.25,0.3815789473684211,0.02,SYNTHETIC_GENERATOR_AND_SYNTHETIC_ROAD_EDGES
many_low_data-100-10-seed20361106,MANY_LOW_DATA,S3_ROLLING_HORIZON_7_21,100,10,,"{""commit_window_days"": 7, ""lookahead_days"": 21, ""planning_window_days"": 28}",1,20361106,43266fddb39be8ddc535a72906022e13e2d80dbefa15d436af5cb0e56c558573,11592.83,288.57,18199.48,0.0,0.0,19.78,18765.36,28918,42634,5872,0,TIME_LIMIT,False,ROLLING_HORIZON,False,,80,68,32,0,0,0,False,121673,3415057,29910057,,True,,,8199,1799,6400,8078,121,0,False,0,"[{""committed_round_count"": 16, ""fallback_used"": false, ""heuristic_candidate_pruning_used"": false, ""pruned_hard_compatible_pair_count"": 0, ""solver_status"": ""TIME_LIMIT"", ""strategy_used"": ""BASELINE_DECOMPOSED""}, {""committed_round_count"": 24, ""fallback_used"": false, ""heuristic_candidate_pruning_used"": false, ""pruned_hard_compatible_pair_count"": 0, ""solver_status"": ""TIME_LIMIT"", ""strategy_used"": ""BASELINE_DECOMPOSED""}, {""committed_round_count"": 27, ""fallback_used"": false, ""heuristic_candidate_pruning_used"": false, ""pruned_hard_compatible_pair_count"": 0, ""solver_status"": ""TIME_LIMIT"", ""strategy_used"": ""BASELINE_DECOMPOSED""}, {""committed_round_count"": 13, ""fallback_used"": false, ""heuristic_candidate_pruning_used"": false, ""pruned_hard_compatible_pair_count"": 0, ""solver_status"": ""FEASIBLE"", ""strategy_used"": ""BASELINE_DECOMPOSED""}]",[],,,0.32,0.796875,,0.32,0.02,SYNTHETIC_GENERATOR_AND_SYNTHETIC_ROAD_EDGES
many_low_data-100-10-seed20361106,MANY_LOW_DATA,S3_ROLLING_HORIZON_7_21,100,10,,"{""commit_window_days"": 7, ""lookahead_days"": 21, ""planning_window_days"": 28}",2,20361106,43266fddb39be8ddc535a72906022e13e2d80dbefa15d436af5cb0e56c558573,11646.18,269.39,18300.07,0.0,0.0,21.75,18852.85,28918,42634,5872,0,TIME_LIMIT,False,ROLLING_HORIZON,False,,80,68,32,0,0,0,False,121673,3415057,29910057,,True,,,8199,1799,6400,8078,121,0,False,0,"[{""committed_round_count"": 16, ""fallback_used"": false, ""heuristic_candidate_pruning_used"": false, ""pruned_hard_compatible_pair_count"": 0, ""solver_status"": ""TIME_LIMIT"", ""strategy_used"": ""BASELINE_DECOMPOSED""}, {""committed_round_count"": 24, ""fallback_used"": false, ""heuristic_candidate_pruning_used"": false, ""pruned_hard_compatible_pair_count"": 0, ""solver_status"": ""TIME_LIMIT"", ""strategy_used"": ""BASELINE_DECOMPOSED""}, {""committed_round_count"": 27, ""fallback_used"": false, ""heuristic_candidate_pruning_used"": false, ""pruned_hard_compatible_pair_count"": 0, ""solver_status"": ""TIME_LIMIT"", ""strategy_used"": ""BASELINE_DECOMPOSED""}, {""committed_round_count"": 13, ""fallback_used"": false, ""heuristic_candidate_pruning_used"": false, ""pruned_hard_compatible_pair_count"": 0, ""solver_status"": ""FEASIBLE"", ""strategy_used"": ""BASELINE_DECOMPOSED""}]",[],,,0.32,0.796875,,0.32,0.02,SYNTHETIC_GENERATOR_AND_SYNTHETIC_ROAD_EDGES
many_low_data-100-10-seed20361106,MANY_LOW_DATA,S3_ROLLING_HORIZON_7_21,100,10,,"{""commit_window_days"": 7, ""lookahead_days"": 21, ""planning_window_days"": 28}",3,20361106,43266fddb39be8ddc535a72906022e13e2d80dbefa15d436af5cb0e56c558573,11550.59,274.9,18145.14,0.0,0.0,20.19,18715.0,28918,42634,5872,0,TIME_LIMIT,False,ROLLING_HORIZON,False,,80,68,32,0,0,0,False,121673,3415057,29910057,,True,,,8199,1799,6400,8078,121,0,False,0,"[{""committed_round_count"": 16, ""fallback_used"": false, ""heuristic_candidate_pruning_used"": false, ""pruned_hard_compatible_pair_count"": 0, ""solver_status"": ""TIME_LIMIT"", ""strategy_used"": ""BASELINE_DECOMPOSED""}, {""committed_round_count"": 24, ""fallback_used"": false, ""heuristic_candidate_pruning_used"": false, ""pruned_hard_compatible_pair_count"": 0, ""solver_status"": ""TIME_LIMIT"", ""strategy_used"": ""BASELINE_DECOMPOSED""}, {""committed_round_count"": 27, ""fallback_used"": false, ""heuristic_candidate_pruning_used"": false, ""pruned_hard_compatible_pair_count"": 0, ""solver_status"": ""TIME_LIMIT"", ""strategy_used"": ""BASELINE_DECOMPOSED""}, {""committed_round_count"": 13, ""fallback_used"": false, ""heuristic_candidate_pruning_used"": false, ""pruned_hard_compatible_pair_count"": 0, ""solver_status"": ""FEASIBLE"", ""strategy_used"": ""BASELINE_DECOMPOSED""}]",[],,,0.32,0.796875,,0.32,0.01,SYNTHETIC_GENERATOR_AND_SYNTHETIC_ROAD_EDGES
many_low_data-100-10-seed20361106,MANY_LOW_DATA,S4_GEOGRAPHIC_ROLLING_7_21,100,10,7,"{""commit_window_days"": 7, ""lookahead_days"": 21, ""planning_window_days"": 28}",1,20361106,43266fddb39be8ddc535a72906022e13e2d80dbefa15d436af5cb0e56c558573,18639.67,558.6,24976.5,27790.44,0.0,34.61,45008.23,68879,101228,5872,0,TIME_LIMIT,False,GEOGRAPHIC_ROLLING,True,GEOGRAPHIC_WINDOW_BASELINE_FALLBACK,91,77,23,0,0,0,False,95595,2683337,29808337,,True,,,15636,2066,13570,15414,222,0,False,0,"[{""committed_round_count"": 12, ""fallback_used"": false, ""heuristic_candidate_pruning_used"": false, ""pruned_hard_compatible_pair_count"": 0, ""solver_status"": ""TIME_LIMIT"", ""strategy_used"": ""GEOGRAPHIC_CLUSTER""}, {""committed_round_count"": 60, ""fallback_used"": true, ""heuristic_candidate_pruning_used"": false, ""pruned_hard_compatible_pair_count"": 0, ""solver_status"": ""TIME_LIMIT"", ""strategy_used"": ""BASELINE_FALLBACK""}, {""committed_round_count"": 3, ""fallback_used"": true, ""heuristic_candidate_pruning_used"": false, ""pruned_hard_compatible_pair_count"": 0, ""solver_status"": ""TIME_LIMIT"", ""strategy_used"": ""BASELINE_FALLBACK""}, {""committed_round_count"": 16, ""fallback_used"": true, ""heuristic_candidate_pruning_used"": false, ""pruned_hard_compatible_pair_count"": 0, ""solver_status"": ""TIME_LIMIT"", ""strategy_used"": ""BASELINE_FALLBACK""}]",[],,0.26666666666666666,0.21428571428571427,0.7611940298507462,0.26666666666666666,0.21428571428571427,0.02,SYNTHETIC_GENERATOR_AND_SYNTHETIC_ROAD_EDGES
many_low_data-100-10-seed20361106,MANY_LOW_DATA,S4_GEOGRAPHIC_ROLLING_7_21,100,10,7,"{""commit_window_days"": 7, ""lookahead_days"": 21, ""planning_window_days"": 28}",2,20361106,43266fddb39be8ddc535a72906022e13e2d80dbefa15d436af5cb0e56c558573,18679.16,572.4,24947.06,27855.5,0.0,34.91,45086.33,68879,101228,5872,0,TIME_LIMIT,False,GEOGRAPHIC_ROLLING,True,GEOGRAPHIC_WINDOW_BASELINE_FALLBACK,91,77,23,0,0,0,False,95595,2683337,29808337,,True,,,15636,2066,13570,15414,222,0,False,0,"[{""committed_round_count"": 12, ""fallback_used"": false, ""heuristic_candidate_pruning_used"": false, ""pruned_hard_compatible_pair_count"": 0, ""solver_status"": ""TIME_LIMIT"", ""strategy_used"": ""GEOGRAPHIC_CLUSTER""}, {""committed_round_count"": 60, ""fallback_used"": true, ""heuristic_candidate_pruning_used"": false, ""pruned_hard_compatible_pair_count"": 0, ""solver_status"": ""TIME_LIMIT"", ""strategy_used"": ""BASELINE_FALLBACK""}, {""committed_round_count"": 3, ""fallback_used"": true, ""heuristic_candidate_pruning_used"": false, ""pruned_hard_compatible_pair_count"": 0, ""solver_status"": ""TIME_LIMIT"", ""strategy_used"": ""BASELINE_FALLBACK""}, {""committed_round_count"": 16, ""fallback_used"": true, ""heuristic_candidate_pruning_used"": false, ""pruned_hard_compatible_pair_count"": 0, ""solver_status"": ""TIME_LIMIT"", ""strategy_used"": ""BASELINE_FALLBACK""}]",[],,0.26666666666666666,0.21428571428571427,0.7611940298507462,0.26666666666666666,0.21428571428571427,0.02,SYNTHETIC_GENERATOR_AND_SYNTHETIC_ROAD_EDGES
many_low_data-100-10-seed20361106,MANY_LOW_DATA,S4_GEOGRAPHIC_ROLLING_7_21,100,10,7,"{""commit_window_days"": 7, ""lookahead_days"": 21, ""planning_window_days"": 28}",3,20361106,43266fddb39be8ddc535a72906022e13e2d80dbefa15d436af5cb0e56c558573,18278.18,576.04,24956.12,27622.71,0.0,35.43,44843.85,68879,101228,5872,0,TIME_LIMIT,False,GEOGRAPHIC_ROLLING,True,GEOGRAPHIC_WINDOW_BASELINE_FALLBACK,91,77,23,0,0,0,False,95595,2683337,29808337,,True,,,15636,2066,13570,15414,222,0,False,0,"[{""committed_round_count"": 12, ""fallback_used"": false, ""heuristic_candidate_pruning_used"": false, ""pruned_hard_compatible_pair_count"": 0, ""solver_status"": ""TIME_LIMIT"", ""strategy_used"": ""GEOGRAPHIC_CLUSTER""}, {""committed_round_count"": 60, ""fallback_used"": true, ""heuristic_candidate_pruning_used"": false, ""pruned_hard_compatible_pair_count"": 0, ""solver_status"": ""TIME_LIMIT"", ""strategy_used"": ""BASELINE_FALLBACK""}, {""committed_round_count"": 3, ""fallback_used"": true, ""heuristic_candidate_pruning_used"": false, ""pruned_hard_compatible_pair_count"": 0, ""solver_status"": ""TIME_LIMIT"", ""strategy_used"": ""BASELINE_FALLBACK""}, {""committed_round_count"": 16, ""fallback_used"": true, ""heuristic_candidate_pruning_used"": false, ""pruned_hard_compatible_pair_count"": 0, ""solver_status"": ""TIME_LIMIT"", ""strategy_used"": ""BASELINE_FALLBACK""}]",[],,0.26666666666666666,0.21428571428571427,0.7611940298507462,0.26666666666666666,0.21428571428571427,0.02,SYNTHETIC_GENERATOR_AND_SYNTHETIC_ROAD_EDGES
home_repair_mixed-100-10-seed20361107,HOME_REPAIR_MIXED,S3_ROLLING_HORIZON_7_21,100,10,,"{""commit_window_days"": 7, ""lookahead_days"": 21, ""planning_window_days"": 28}",1,20361107,b149bda853db7f2a21e1a5f4c63c1e0086e0ec43cbb25c287b63f1cd84cabb55,14262.13,260.04,17997.92,0.0,0.0,34.44,17046.37,31289,46297,5476,0,TIME_LIMIT,False,BASELINE_FALLBACK,True,ROLLING_QUALITY_BELOW_FULL_LOOKAHEAD,80,80,20,0,0,0,False,77705,2181260,25551260,,True,,,8081,1769,6312,7862,219,0,False,0,"[{""committed_round_count"": 63, ""fallback_used"": false, ""heuristic_candidate_pruning_used"": false, ""pruned_hard_compatible_pair_count"": 0, ""solver_status"": ""TIME_LIMIT"", ""strategy_used"": ""BASELINE_DECOMPOSED""}, {""committed_round_count"": 8, ""fallback_used"": false, ""heuristic_candidate_pruning_used"": false, ""pruned_hard_compatible_pair_count"": 0, ""solver_status"": ""TIME_LIMIT"", ""strategy_used"": ""BASELINE_DECOMPOSED""}, {""committed_round_count"": 5, ""fallback_used"": false, ""heuristic_candidate_pruning_used"": false, ""pruned_hard_compatible_pair_count"": 0, ""solver_status"": ""FEASIBLE"", ""strategy_used"": ""BASELINE_DECOMPOSED""}, {""committed_round_count"": 15, ""fallback_used"": false, ""heuristic_candidate_pruning_used"": false, ""pruned_hard_compatible_pair_count"": 0, ""solver_status"": ""FEASIBLE"", ""strategy_used"": ""BASELINE_DECOMPOSED""}]","[""COVERED_AREA_COUNT_BELOW_FULL_LOOKAHEAD""]","{""boundary_zero_service_rate"": null, ""covered_areas"": 71, ""late_horizon_zero_service_rate"": 0.7857142857142857, ""minimum_coverage_met"": false, ""non_boundary_zero_service_rate"": 0.29, ""service_rounds"": 91, ""underserved_points_covered"": 0}",,,,,,0.01,SYNTHETIC_GENERATOR_AND_SYNTHETIC_ROAD_EDGES
home_repair_mixed-100-10-seed20361107,HOME_REPAIR_MIXED,S3_ROLLING_HORIZON_7_21,100,10,,"{""commit_window_days"": 7, ""lookahead_days"": 21, ""planning_window_days"": 28}",2,20361107,b149bda853db7f2a21e1a5f4c63c1e0086e0ec43cbb25c287b63f1cd84cabb55,14167.7,264.25,17930.98,0.0,0.0,35.11,16983.65,31289,46297,5476,0,TIME_LIMIT,False,BASELINE_FALLBACK,True,ROLLING_QUALITY_BELOW_FULL_LOOKAHEAD,80,80,20,0,0,0,False,77705,2181260,25551260,,True,,,8081,1769,6312,7862,219,0,False,0,"[{""committed_round_count"": 63, ""fallback_used"": false, ""heuristic_candidate_pruning_used"": false, ""pruned_hard_compatible_pair_count"": 0, ""solver_status"": ""TIME_LIMIT"", ""strategy_used"": ""BASELINE_DECOMPOSED""}, {""committed_round_count"": 8, ""fallback_used"": false, ""heuristic_candidate_pruning_used"": false, ""pruned_hard_compatible_pair_count"": 0, ""solver_status"": ""TIME_LIMIT"", ""strategy_used"": ""BASELINE_DECOMPOSED""}, {""committed_round_count"": 5, ""fallback_used"": false, ""heuristic_candidate_pruning_used"": false, ""pruned_hard_compatible_pair_count"": 0, ""solver_status"": ""FEASIBLE"", ""strategy_used"": ""BASELINE_DECOMPOSED""}, {""committed_round_count"": 15, ""fallback_used"": false, ""heuristic_candidate_pruning_used"": false, ""pruned_hard_compatible_pair_count"": 0, ""solver_status"": ""FEASIBLE"", ""strategy_used"": ""BASELINE_DECOMPOSED""}]","[""COVERED_AREA_COUNT_BELOW_FULL_LOOKAHEAD""]","{""boundary_zero_service_rate"": null, ""covered_areas"": 71, ""late_horizon_zero_service_rate"": 0.7857142857142857, ""minimum_coverage_met"": false, ""non_boundary_zero_service_rate"": 0.29, ""service_rounds"": 91, ""underserved_points_covered"": 0}",,,,,,0.01,SYNTHETIC_GENERATOR_AND_SYNTHETIC_ROAD_EDGES
home_repair_mixed-100-10-seed20361107,HOME_REPAIR_MIXED,S3_ROLLING_HORIZON_7_21,100,10,,"{""commit_window_days"": 7, ""lookahead_days"": 21, ""planning_window_days"": 28}",3,20361107,b149bda853db7f2a21e1a5f4c63c1e0086e0ec43cbb25c287b63f1cd84cabb55,14289.26,261.91,18036.15,0.0,0.0,33.3,17080.7,31289,46297,5476,0,TIME_LIMIT,False,BASELINE_FALLBACK,True,ROLLING_QUALITY_BELOW_FULL_LOOKAHEAD,80,80,20,0,0,0,False,77705,2181260,25551260,,True,,,8081,1769,6312,7862,219,0,False,0,"[{""committed_round_count"": 63, ""fallback_used"": false, ""heuristic_candidate_pruning_used"": false, ""pruned_hard_compatible_pair_count"": 0, ""solver_status"": ""TIME_LIMIT"", ""strategy_used"": ""BASELINE_DECOMPOSED""}, {""committed_round_count"": 8, ""fallback_used"": false, ""heuristic_candidate_pruning_used"": false, ""pruned_hard_compatible_pair_count"": 0, ""solver_status"": ""TIME_LIMIT"", ""strategy_used"": ""BASELINE_DECOMPOSED""}, {""committed_round_count"": 5, ""fallback_used"": false, ""heuristic_candidate_pruning_used"": false, ""pruned_hard_compatible_pair_count"": 0, ""solver_status"": ""FEASIBLE"", ""strategy_used"": ""BASELINE_DECOMPOSED""}, {""committed_round_count"": 15, ""fallback_used"": false, ""heuristic_candidate_pruning_used"": false, ""pruned_hard_compatible_pair_count"": 0, ""solver_status"": ""FEASIBLE"", ""strategy_used"": ""BASELINE_DECOMPOSED""}]","[""COVERED_AREA_COUNT_BELOW_FULL_LOOKAHEAD""]","{""boundary_zero_service_rate"": null, ""covered_areas"": 71, ""late_horizon_zero_service_rate"": 0.7857142857142857, ""minimum_coverage_met"": false, ""non_boundary_zero_service_rate"": 0.29, ""service_rounds"": 91, ""underserved_points_covered"": 0}",,,,,,0.01,SYNTHETIC_GENERATOR_AND_SYNTHETIC_ROAD_EDGES
home_repair_mixed-100-10-seed20361107,HOME_REPAIR_MIXED,S4_GEOGRAPHIC_ROLLING_7_21,100,10,7,"{""commit_window_days"": 7, ""lookahead_days"": 21, ""planning_window_days"": 28}",1,20361107,b149bda853db7f2a21e1a5f4c63c1e0086e0ec43cbb25c287b63f1cd84cabb55,18666.97,552.56,27827.82,26071.84,0.0,61.62,44883.77,72618,106754,5476,0,TIME_LIMIT,False,GEOGRAPHIC_ROLLING,True,GEOGRAPHIC_WINDOW_BASELINE_FALLBACK,93,71,29,0,0,0,False,98687,2769772,29854772,,True,,,16478,2135,14343,16186,292,0,False,0,"[{""committed_round_count"": 9, ""fallback_used"": false, ""heuristic_candidate_pruning_used"": false, ""pruned_hard_compatible_pair_count"": 0, ""solver_status"": ""TIME_LIMIT"", ""strategy_used"": ""GEOGRAPHIC_CLUSTER""}, {""committed_round_count"": 20, ""fallback_used"": true, ""heuristic_candidate_pruning_used"": false, ""pruned_hard_compatible_pair_count"": 0, ""solver_status"": ""TIME_LIMIT"", ""strategy_used"": ""BASELINE_FALLBACK""}, {""committed_round_count"": 48, ""fallback_used"": true, ""heuristic_candidate_pruning_used"": false, ""pruned_hard_compatible_pair_count"": 0, ""solver_status"": ""TIME_LIMIT"", ""strategy_used"": ""BASELINE_FALLBACK""}, {""committed_round_count"": 16, ""fallback_used"": true, ""heuristic_candidate_pruning_used"": false, ""pruned_hard_compatible_pair_count"": 0, ""solver_status"": ""TIME_LIMIT"", ""strategy_used"": ""BASELINE_FALLBACK""}]",[],,0.19047619047619047,0.3620689655172414,0.7611940298507462,0.19047619047619047,0.3620689655172414,0.02,SYNTHETIC_GENERATOR_AND_SYNTHETIC_ROAD_EDGES
home_repair_mixed-100-10-seed20361107,HOME_REPAIR_MIXED,S4_GEOGRAPHIC_ROLLING_7_21,100,10,7,"{""commit_window_days"": 7, ""lookahead_days"": 21, ""planning_window_days"": 28}",2,20361107,b149bda853db7f2a21e1a5f4c63c1e0086e0ec43cbb25c287b63f1cd84cabb55,18752.37,578.3,27870.51,26097.12,0.0,45.64,44929.63,72618,106754,5476,0,TIME_LIMIT,False,GEOGRAPHIC_ROLLING,True,GEOGRAPHIC_WINDOW_BASELINE_FALLBACK,93,71,29,0,0,0,False,98687,2769772,29854772,,True,,,16478,2135,14343,16186,292,0,False,0,"[{""committed_round_count"": 9, ""fallback_used"": false, ""heuristic_candidate_pruning_used"": false, ""pruned_hard_compatible_pair_count"": 0, ""solver_status"": ""TIME_LIMIT"", ""strategy_used"": ""GEOGRAPHIC_CLUSTER""}, {""committed_round_count"": 20, ""fallback_used"": true, ""heuristic_candidate_pruning_used"": false, ""pruned_hard_compatible_pair_count"": 0, ""solver_status"": ""TIME_LIMIT"", ""strategy_used"": ""BASELINE_FALLBACK""}, {""committed_round_count"": 48, ""fallback_used"": true, ""heuristic_candidate_pruning_used"": false, ""pruned_hard_compatible_pair_count"": 0, ""solver_status"": ""TIME_LIMIT"", ""strategy_used"": ""BASELINE_FALLBACK""}, {""committed_round_count"": 16, ""fallback_used"": true, ""heuristic_candidate_pruning_used"": false, ""pruned_hard_compatible_pair_count"": 0, ""solver_status"": ""TIME_LIMIT"", ""strategy_used"": ""BASELINE_FALLBACK""}]",[],,0.19047619047619047,0.3620689655172414,0.7611940298507462,0.19047619047619047,0.3620689655172414,0.02,SYNTHETIC_GENERATOR_AND_SYNTHETIC_ROAD_EDGES
home_repair_mixed-100-10-seed20361107,HOME_REPAIR_MIXED,S4_GEOGRAPHIC_ROLLING_7_21,100,10,7,"{""commit_window_days"": 7, ""lookahead_days"": 21, ""planning_window_days"": 28}",3,20361107,b149bda853db7f2a21e1a5f4c63c1e0086e0ec43cbb25c287b63f1cd84cabb55,18419.46,571.74,27802.99,25885.77,0.0,46.96,44686.6,72618,106754,5476,0,TIME_LIMIT,False,GEOGRAPHIC_ROLLING,True,GEOGRAPHIC_WINDOW_BASELINE_FALLBACK,93,71,29,0,0,0,False,98687,2769772,29854772,,True,,,16478,2135,14343,16186,292,0,False,0,"[{""committed_round_count"": 9, ""fallback_used"": false, ""heuristic_candidate_pruning_used"": false, ""pruned_hard_compatible_pair_count"": 0, ""solver_status"": ""TIME_LIMIT"", ""strategy_used"": ""GEOGRAPHIC_CLUSTER""}, {""committed_round_count"": 20, ""fallback_used"": true, ""heuristic_candidate_pruning_used"": false, ""pruned_hard_compatible_pair_count"": 0, ""solver_status"": ""TIME_LIMIT"", ""strategy_used"": ""BASELINE_FALLBACK""}, {""committed_round_count"": 48, ""fallback_used"": true, ""heuristic_candidate_pruning_used"": false, ""pruned_hard_compatible_pair_count"": 0, ""solver_status"": ""TIME_LIMIT"", ""strategy_used"": ""BASELINE_FALLBACK""}, {""committed_round_count"": 16, ""fallback_used"": true, ""heuristic_candidate_pruning_used"": false, ""pruned_hard_compatible_pair_count"": 0, ""solver_status"": ""TIME_LIMIT"", ""strategy_used"": ""BASELINE_FALLBACK""}]",[],,0.19047619047619047,0.3620689655172414,0.7611940298507462,0.19047619047619047,0.3620689655172414,0.02,SYNTHETIC_GENERATOR_AND_SYNTHETIC_ROAD_EDGES
mass_decline-100-10-seed20361108,MASS_DECLINE,S3_ROLLING_HORIZON_7_21,100,10,,"{""commit_window_days"": 7, ""lookahead_days"": 21, ""planning_window_days"": 28}",1,20361108,b96d8d178953d37114960ccb5f4316000e665a1edb768395488087543f7bafce,8784.78,200.25,16086.14,0.0,0.0,17.77,14399.73,15633,24040,1332,0,TIME_LIMIT,False,BASELINE_FALLBACK,True,ROLLING_QUALITY_BELOW_FULL_LOOKAHEAD,29,29,71,0,0,0,False,56940,1597830,17927830,,True,,,8009,1627,6382,7892,117,0,False,0,"[{""committed_round_count"": 3, ""fallback_used"": false, ""heuristic_candidate_pruning_used"": false, ""pruned_hard_compatible_pair_count"": 0, ""solver_status"": ""TIME_LIMIT"", ""strategy_used"": ""BASELINE_DECOMPOSED""}, {""committed_round_count"": 10, ""fallback_used"": false, ""heuristic_candidate_pruning_used"": false, ""pruned_hard_compatible_pair_count"": 0, ""solver_status"": ""TIME_LIMIT"", ""strategy_used"": ""BASELINE_DECOMPOSED""}, {""committed_round_count"": 5, ""fallback_used"": false, ""heuristic_candidate_pruning_used"": false, ""pruned_hard_compatible_pair_count"": 0, ""solver_status"": ""FEASIBLE"", ""strategy_used"": ""BASELINE_DECOMPOSED""}, {""committed_round_count"": 11, ""fallback_used"": false, ""heuristic_candidate_pruning_used"": false, ""pruned_hard_compatible_pair_count"": 0, ""solver_status"": ""FEASIBLE"", ""strategy_used"": ""BASELINE_DECOMPOSED""}]","[""COVERED_AREA_COUNT_BELOW_FULL_LOOKAHEAD""]","{""boundary_zero_service_rate"": null, ""covered_areas"": 28, ""late_horizon_zero_service_rate"": 0.8777777777777778, ""minimum_coverage_met"": false, ""non_boundary_zero_service_rate"": 0.72, ""service_rounds"": 29, ""underserved_points_covered"": 0}",,,,,,0.03,SYNTHETIC_GENERATOR_AND_SYNTHETIC_ROAD_EDGES
mass_decline-100-10-seed20361108,MASS_DECLINE,S3_ROLLING_HORIZON_7_21,100,10,,"{""commit_window_days"": 7, ""lookahead_days"": 21, ""planning_window_days"": 28}",2,20361108,b96d8d178953d37114960ccb5f4316000e665a1edb768395488087543f7bafce,8753.86,198.5,15948.22,0.0,0.0,18.96,14309.87,15633,24040,1332,0,TIME_LIMIT,False,BASELINE_FALLBACK,True,ROLLING_QUALITY_BELOW_FULL_LOOKAHEAD,29,29,71,0,0,0,False,56940,1597830,17927830,,True,,,8009,1627,6382,7892,117,0,False,0,"[{""committed_round_count"": 3, ""fallback_used"": false, ""heuristic_candidate_pruning_used"": false, ""pruned_hard_compatible_pair_count"": 0, ""solver_status"": ""TIME_LIMIT"", ""strategy_used"": ""BASELINE_DECOMPOSED""}, {""committed_round_count"": 10, ""fallback_used"": false, ""heuristic_candidate_pruning_used"": false, ""pruned_hard_compatible_pair_count"": 0, ""solver_status"": ""TIME_LIMIT"", ""strategy_used"": ""BASELINE_DECOMPOSED""}, {""committed_round_count"": 5, ""fallback_used"": false, ""heuristic_candidate_pruning_used"": false, ""pruned_hard_compatible_pair_count"": 0, ""solver_status"": ""FEASIBLE"", ""strategy_used"": ""BASELINE_DECOMPOSED""}, {""committed_round_count"": 11, ""fallback_used"": false, ""heuristic_candidate_pruning_used"": false, ""pruned_hard_compatible_pair_count"": 0, ""solver_status"": ""FEASIBLE"", ""strategy_used"": ""BASELINE_DECOMPOSED""}]","[""COVERED_AREA_COUNT_BELOW_FULL_LOOKAHEAD""]","{""boundary_zero_service_rate"": null, ""covered_areas"": 28, ""late_horizon_zero_service_rate"": 0.8777777777777778, ""minimum_coverage_met"": false, ""non_boundary_zero_service_rate"": 0.72, ""service_rounds"": 29, ""underserved_points_covered"": 0}",,,,,,0.02,SYNTHETIC_GENERATOR_AND_SYNTHETIC_ROAD_EDGES
mass_decline-100-10-seed20361108,MASS_DECLINE,S3_ROLLING_HORIZON_7_21,100,10,,"{""commit_window_days"": 7, ""lookahead_days"": 21, ""planning_window_days"": 28}",3,20361108,b96d8d178953d37114960ccb5f4316000e665a1edb768395488087543f7bafce,8733.2,200.49,15969.85,0.0,0.0,20.58,14321.89,15633,24040,1332,0,TIME_LIMIT,False,BASELINE_FALLBACK,True,ROLLING_QUALITY_BELOW_FULL_LOOKAHEAD,29,29,71,0,0,0,False,56940,1597830,17927830,,True,,,8009,1627,6382,7892,117,0,False,0,"[{""committed_round_count"": 3, ""fallback_used"": false, ""heuristic_candidate_pruning_used"": false, ""pruned_hard_compatible_pair_count"": 0, ""solver_status"": ""TIME_LIMIT"", ""strategy_used"": ""BASELINE_DECOMPOSED""}, {""committed_round_count"": 10, ""fallback_used"": false, ""heuristic_candidate_pruning_used"": false, ""pruned_hard_compatible_pair_count"": 0, ""solver_status"": ""TIME_LIMIT"", ""strategy_used"": ""BASELINE_DECOMPOSED""}, {""committed_round_count"": 5, ""fallback_used"": false, ""heuristic_candidate_pruning_used"": false, ""pruned_hard_compatible_pair_count"": 0, ""solver_status"": ""FEASIBLE"", ""strategy_used"": ""BASELINE_DECOMPOSED""}, {""committed_round_count"": 11, ""fallback_used"": false, ""heuristic_candidate_pruning_used"": false, ""pruned_hard_compatible_pair_count"": 0, ""solver_status"": ""FEASIBLE"", ""strategy_used"": ""BASELINE_DECOMPOSED""}]","[""COVERED_AREA_COUNT_BELOW_FULL_LOOKAHEAD""]","{""boundary_zero_service_rate"": null, ""covered_areas"": 28, ""late_horizon_zero_service_rate"": 0.8777777777777778, ""minimum_coverage_met"": false, ""non_boundary_zero_service_rate"": 0.72, ""service_rounds"": 29, ""underserved_points_covered"": 0}",,,,,,0.01,SYNTHETIC_GENERATOR_AND_SYNTHETIC_ROAD_EDGES
mass_decline-100-10-seed20361108,MASS_DECLINE,S4_GEOGRAPHIC_ROLLING_7_21,100,10,7,"{""commit_window_days"": 7, ""lookahead_days"": 21, ""planning_window_days"": 28}",1,20361108,b96d8d178953d37114960ccb5f4316000e665a1edb768395488087543f7bafce,2455.92,349.16,19717.32,6596.53,0.0,16.98,18416.49,27977,43083,1332,0,TIME_LIMIT,False,GEOGRAPHIC_ROLLING,False,,30,30,70,0,0,0,False,39064,1096237,20831237,,True,,,12791,1677,11114,12682,109,0,False,0,"[{""committed_round_count"": 1, ""fallback_used"": false, ""heuristic_candidate_pruning_used"": false, ""pruned_hard_compatible_pair_count"": 0, ""solver_status"": ""TIME_LIMIT"", ""strategy_used"": ""GEOGRAPHIC_CLUSTER""}, {""committed_round_count"": 0, ""fallback_used"": false, ""heuristic_candidate_pruning_used"": false, ""pruned_hard_compatible_pair_count"": 0, ""solver_status"": ""TIME_LIMIT"", ""strategy_used"": ""GEOGRAPHIC_CLUSTER""}, {""committed_round_count"": 6, ""fallback_used"": false, ""heuristic_candidate_pruning_used"": false, ""pruned_hard_compatible_pair_count"": 0, ""solver_status"": ""TIME_LIMIT"", ""strategy_used"": ""GEOGRAPHIC_CLUSTER""}, {""committed_round_count"": 23, ""fallback_used"": false, ""heuristic_candidate_pruning_used"": false, ""pruned_hard_compatible_pair_count"": 0, ""solver_status"": ""FEASIBLE"", ""strategy_used"": ""GEOGRAPHIC_CLUSTER""}]",[],,0.6666666666666666,0.7142857142857143,0.7526881720430108,0.6666666666666666,0.7142857142857143,0.01,SYNTHETIC_GENERATOR_AND_SYNTHETIC_ROAD_EDGES
mass_decline-100-10-seed20361108,MASS_DECLINE,S4_GEOGRAPHIC_ROLLING_7_21,100,10,7,"{""commit_window_days"": 7, ""lookahead_days"": 21, ""planning_window_days"": 28}",2,20361108,b96d8d178953d37114960ccb5f4316000e665a1edb768395488087543f7bafce,2440.45,354.17,19677.63,6577.45,0.0,16.8,18386.16,27977,43083,1332,0,TIME_LIMIT,False,GEOGRAPHIC_ROLLING,False,,30,30,70,0,0,0,False,39064,1096237,20831237,,True,,,12791,1677,11114,12682,109,0,False,0,"[{""committed_round_count"": 1, ""fallback_used"": false, ""heuristic_candidate_pruning_used"": false, ""pruned_hard_compatible_pair_count"": 0, ""solver_status"": ""TIME_LIMIT"", ""strategy_used"": ""GEOGRAPHIC_CLUSTER""}, {""committed_round_count"": 0, ""fallback_used"": false, ""heuristic_candidate_pruning_used"": false, ""pruned_hard_compatible_pair_count"": 0, ""solver_status"": ""TIME_LIMIT"", ""strategy_used"": ""GEOGRAPHIC_CLUSTER""}, {""committed_round_count"": 6, ""fallback_used"": false, ""heuristic_candidate_pruning_used"": false, ""pruned_hard_compatible_pair_count"": 0, ""solver_status"": ""TIME_LIMIT"", ""strategy_used"": ""GEOGRAPHIC_CLUSTER""}, {""committed_round_count"": 23, ""fallback_used"": false, ""heuristic_candidate_pruning_used"": false, ""pruned_hard_compatible_pair_count"": 0, ""solver_status"": ""FEASIBLE"", ""strategy_used"": ""GEOGRAPHIC_CLUSTER""}]",[],,0.6666666666666666,0.7142857142857143,0.7526881720430108,0.6666666666666666,0.7142857142857143,0.01,SYNTHETIC_GENERATOR_AND_SYNTHETIC_ROAD_EDGES
mass_decline-100-10-seed20361108,MASS_DECLINE,S4_GEOGRAPHIC_ROLLING_7_21,100,10,7,"{""commit_window_days"": 7, ""lookahead_days"": 21, ""planning_window_days"": 28}",3,20361108,b96d8d178953d37114960ccb5f4316000e665a1edb768395488087543f7bafce,2423.04,350.99,19640.85,6568.23,0.0,17.15,18350.27,27977,43083,1332,0,TIME_LIMIT,False,GEOGRAPHIC_ROLLING,False,,30,30,70,0,0,0,False,39064,1096237,20831237,,True,,,12791,1677,11114,12682,109,0,False,0,"[{""committed_round_count"": 1, ""fallback_used"": false, ""heuristic_candidate_pruning_used"": false, ""pruned_hard_compatible_pair_count"": 0, ""solver_status"": ""TIME_LIMIT"", ""strategy_used"": ""GEOGRAPHIC_CLUSTER""}, {""committed_round_count"": 0, ""fallback_used"": false, ""heuristic_candidate_pruning_used"": false, ""pruned_hard_compatible_pair_count"": 0, ""solver_status"": ""TIME_LIMIT"", ""strategy_used"": ""GEOGRAPHIC_CLUSTER""}, {""committed_round_count"": 6, ""fallback_used"": false, ""heuristic_candidate_pruning_used"": false, ""pruned_hard_compatible_pair_count"": 0, ""solver_status"": ""TIME_LIMIT"", ""strategy_used"": ""GEOGRAPHIC_CLUSTER""}, {""committed_round_count"": 23, ""fallback_used"": false, ""heuristic_candidate_pruning_used"": false, ""pruned_hard_compatible_pair_count"": 0, ""solver_status"": ""FEASIBLE"", ""strategy_used"": ""GEOGRAPHIC_CLUSTER""}]",[],,0.6666666666666666,0.7142857142857143,0.7526881720430108,0.6666666666666666,0.7142857142857143,0.01,SYNTHETIC_GENERATOR_AND_SYNTHETIC_ROAD_EDGES
normal-200-20-seed20461202,NORMAL,S3_ROLLING_HORIZON_7_21,200,20,,"{""commit_window_days"": 7, ""lookahead_days"": 21, ""planning_window_days"": 28}",1,20461202,5f4172e719957df608e998a5be7664e86fa83485cf28c77ea2bf481a24993952,8442.47,641.49,8212.7,0.0,0.0,0.0,8126.69,55710,82289,23328,0,UNKNOWN,False,BASELINE_FALLBACK,True,ROLLING_HORIZON_WINDOW_SOLVE_FAILED,0,0,200,,,,False,0,0,0,,True,,,10668,5334,5334,10668,0,0,False,0,[],[],,,,,,,0.0,SYNTHETIC_GENERATOR_AND_SYNTHETIC_ROAD_EDGES
normal-200-20-seed20461202,NORMAL,S3_ROLLING_HORIZON_7_21,200,20,,"{""commit_window_days"": 7, ""lookahead_days"": 21, ""planning_window_days"": 28}",2,20461202,5f4172e719957df608e998a5be7664e86fa83485cf28c77ea2bf481a24993952,8479.99,604.81,8257.54,0.0,0.0,0.0,8139.39,55710,82289,23328,0,UNKNOWN,False,BASELINE_FALLBACK,True,ROLLING_HORIZON_WINDOW_SOLVE_FAILED,0,0,200,,,,False,0,0,0,,True,,,10668,5334,5334,10668,0,0,False,0,[],[],,,,,,,0.0,SYNTHETIC_GENERATOR_AND_SYNTHETIC_ROAD_EDGES
normal-200-20-seed20461202,NORMAL,S3_ROLLING_HORIZON_7_21,200,20,,"{""commit_window_days"": 7, ""lookahead_days"": 21, ""planning_window_days"": 28}",3,20461202,5f4172e719957df608e998a5be7664e86fa83485cf28c77ea2bf481a24993952,8537.99,604.17,8306.79,0.0,0.0,0.0,8160.13,55710,82289,23328,0,UNKNOWN,False,BASELINE_FALLBACK,True,ROLLING_HORIZON_WINDOW_SOLVE_FAILED,0,0,200,,,,False,0,0,0,,True,,,10668,5334,5334,10668,0,0,False,0,[],[],,,,,,,0.0,SYNTHETIC_GENERATOR_AND_SYNTHETIC_ROAD_EDGES
normal-200-20-seed20461202,NORMAL,S4_GEOGRAPHIC_ROLLING_7_21,200,20,,"{""commit_window_days"": 7, ""lookahead_days"": 21, ""planning_window_days"": 28}",1,20461202,5f4172e719957df608e998a5be7664e86fa83485cf28c77ea2bf481a24993952,11444.68,955.01,4623.94,9212.61,0.0,0.0,13404.97,78973,117111,23328,0,UNKNOWN,False,BASELINE_FALLBACK,True,ROLLING_HORIZON_WINDOW_SOLVE_FAILED,0,0,200,,,,False,0,0,0,,True,,,16002,5334,10668,16002,0,0,False,0,[],[],,,,,,,0.0,SYNTHETIC_GENERATOR_AND_SYNTHETIC_ROAD_EDGES
normal-200-20-seed20461202,NORMAL,S4_GEOGRAPHIC_ROLLING_7_21,200,20,,"{""commit_window_days"": 7, ""lookahead_days"": 21, ""planning_window_days"": 28}",2,20461202,5f4172e719957df608e998a5be7664e86fa83485cf28c77ea2bf481a24993952,11327.82,951.8,4608.42,9158.06,0.0,0.0,13295.07,78973,117111,23328,0,UNKNOWN,False,BASELINE_FALLBACK,True,ROLLING_HORIZON_WINDOW_SOLVE_FAILED,0,0,200,,,,False,0,0,0,,True,,,16002,5334,10668,16002,0,0,False,0,[],[],,,,,,,0.0,SYNTHETIC_GENERATOR_AND_SYNTHETIC_ROAD_EDGES
normal-200-20-seed20461202,NORMAL,S4_GEOGRAPHIC_ROLLING_7_21,200,20,,"{""commit_window_days"": 7, ""lookahead_days"": 21, ""planning_window_days"": 28}",3,20461202,5f4172e719957df608e998a5be7664e86fa83485cf28c77ea2bf481a24993952,11317.98,956.79,4601.92,9162.1,0.0,0.0,13333.53,78973,117111,23328,0,UNKNOWN,False,BASELINE_FALLBACK,True,ROLLING_HORIZON_WINDOW_SOLVE_FAILED,0,0,200,,,,False,0,0,0,,True,,,16002,5334,10668,16002,0,0,False,0,[],[],,,,,,,0.0,SYNTHETIC_GENERATOR_AND_SYNTHETIC_ROAD_EDGES
tight_budget-200-20-seed20461203,TIGHT_BUDGET,S3_ROLLING_HORIZON_7_21,200,20,,"{""commit_window_days"": 7, ""lookahead_days"": 21, ""planning_window_days"": 28}",1,20461203,e0c45fe42976e540764e8ac1846e96f67751f24468f1e6687df6eac60cb61f21,18245.01,1158.5,21026.58,0.0,0.0,20.24,21289.1,74904,108255,23424,0,TIME_LIMIT,False,BASELINE_FALLBACK,True,ROLLING_QUALITY_BELOW_FULL_LOOKAHEAD,50,50,150,0,0,0,False,71424,2004751,15214751,,True,,,27197,5568,21629,27072,125,0,False,0,"[{""committed_round_count"": 30, ""fallback_used"": false, ""heuristic_candidate_pruning_used"": false, ""pruned_hard_compatible_pair_count"": 0, ""solver_status"": ""TIME_LIMIT"", ""strategy_used"": ""BASELINE_DECOMPOSED""}, {""committed_round_count"": 3, ""fallback_used"": false, ""heuristic_candidate_pruning_used"": false, ""pruned_hard_compatible_pair_count"": 0, ""solver_status"": ""TIME_LIMIT"", ""strategy_used"": ""BASELINE_DECOMPOSED""}, {""committed_round_count"": 4, ""fallback_used"": false, ""heuristic_candidate_pruning_used"": false, ""pruned_hard_compatible_pair_count"": 0, ""solver_status"": ""TIME_LIMIT"", ""strategy_used"": ""BASELINE_DECOMPOSED""}, {""committed_round_count"": 14, ""fallback_used"": false, ""heuristic_candidate_pruning_used"": false, ""pruned_hard_compatible_pair_count"": 0, ""solver_status"": ""FEASIBLE"", ""strategy_used"": ""BASELINE_DECOMPOSED""}]","[""COVERED_AREA_COUNT_BELOW_FULL_LOOKAHEAD""]","{""boundary_zero_service_rate"": null, ""covered_areas"": 38, ""late_horizon_zero_service_rate"": 0.9263157894736842, ""minimum_coverage_met"": false, ""non_boundary_zero_service_rate"": 0.81, ""service_rounds"": 51, ""underserved_points_covered"": 0}",,,,,,0.01,SYNTHETIC_GENERATOR_AND_SYNTHETIC_ROAD_EDGES
tight_budget-200-20-seed20461203,TIGHT_BUDGET,S3_ROLLING_HORIZON_7_21,200,20,,"{""commit_window_days"": 7, ""lookahead_days"": 21, ""planning_window_days"": 28}",2,20461203,e0c45fe42976e540764e8ac1846e96f67751f24468f1e6687df6eac60cb61f21,18174.12,1153.25,21018.09,0.0,0.0,19.72,21269.27,74904,108255,23424,0,TIME_LIMIT,False,BASELINE_FALLBACK,True,ROLLING_QUALITY_BELOW_FULL_LOOKAHEAD,50,50,150,0,0,0,False,71424,2004751,15214751,,True,,,27197,5568,21629,27072,125,0,False,0,"[{""committed_round_count"": 30, ""fallback_used"": false, ""heuristic_candidate_pruning_used"": false, ""pruned_hard_compatible_pair_count"": 0, ""solver_status"": ""TIME_LIMIT"", ""strategy_used"": ""BASELINE_DECOMPOSED""}, {""committed_round_count"": 3, ""fallback_used"": false, ""heuristic_candidate_pruning_used"": false, ""pruned_hard_compatible_pair_count"": 0, ""solver_status"": ""TIME_LIMIT"", ""strategy_used"": ""BASELINE_DECOMPOSED""}, {""committed_round_count"": 4, ""fallback_used"": false, ""heuristic_candidate_pruning_used"": false, ""pruned_hard_compatible_pair_count"": 0, ""solver_status"": ""TIME_LIMIT"", ""strategy_used"": ""BASELINE_DECOMPOSED""}, {""committed_round_count"": 14, ""fallback_used"": false, ""heuristic_candidate_pruning_used"": false, ""pruned_hard_compatible_pair_count"": 0, ""solver_status"": ""FEASIBLE"", ""strategy_used"": ""BASELINE_DECOMPOSED""}]","[""COVERED_AREA_COUNT_BELOW_FULL_LOOKAHEAD""]","{""boundary_zero_service_rate"": null, ""covered_areas"": 38, ""late_horizon_zero_service_rate"": 0.9263157894736842, ""minimum_coverage_met"": false, ""non_boundary_zero_service_rate"": 0.81, ""service_rounds"": 51, ""underserved_points_covered"": 0}",,,,,,0.02,SYNTHETIC_GENERATOR_AND_SYNTHETIC_ROAD_EDGES
tight_budget-200-20-seed20461203,TIGHT_BUDGET,S3_ROLLING_HORIZON_7_21,200,20,,"{""commit_window_days"": 7, ""lookahead_days"": 21, ""planning_window_days"": 28}",3,20461203,e0c45fe42976e540764e8ac1846e96f67751f24468f1e6687df6eac60cb61f21,18273.05,1182.97,21082.84,0.0,0.0,20.41,21336.74,74904,108255,23424,0,TIME_LIMIT,False,BASELINE_FALLBACK,True,ROLLING_QUALITY_BELOW_FULL_LOOKAHEAD,50,50,150,0,0,0,False,71424,2004751,15214751,,True,,,27197,5568,21629,27072,125,0,False,0,"[{""committed_round_count"": 30, ""fallback_used"": false, ""heuristic_candidate_pruning_used"": false, ""pruned_hard_compatible_pair_count"": 0, ""solver_status"": ""TIME_LIMIT"", ""strategy_used"": ""BASELINE_DECOMPOSED""}, {""committed_round_count"": 3, ""fallback_used"": false, ""heuristic_candidate_pruning_used"": false, ""pruned_hard_compatible_pair_count"": 0, ""solver_status"": ""TIME_LIMIT"", ""strategy_used"": ""BASELINE_DECOMPOSED""}, {""committed_round_count"": 4, ""fallback_used"": false, ""heuristic_candidate_pruning_used"": false, ""pruned_hard_compatible_pair_count"": 0, ""solver_status"": ""TIME_LIMIT"", ""strategy_used"": ""BASELINE_DECOMPOSED""}, {""committed_round_count"": 14, ""fallback_used"": false, ""heuristic_candidate_pruning_used"": false, ""pruned_hard_compatible_pair_count"": 0, ""solver_status"": ""FEASIBLE"", ""strategy_used"": ""BASELINE_DECOMPOSED""}]","[""COVERED_AREA_COUNT_BELOW_FULL_LOOKAHEAD""]","{""boundary_zero_service_rate"": null, ""covered_areas"": 38, ""late_horizon_zero_service_rate"": 0.9263157894736842, ""minimum_coverage_met"": false, ""non_boundary_zero_service_rate"": 0.81, ""service_rounds"": 51, ""underserved_points_covered"": 0}",,,,,,0.01,SYNTHETIC_GENERATOR_AND_SYNTHETIC_ROAD_EDGES
tight_budget-200-20-seed20461203,TIGHT_BUDGET,S4_GEOGRAPHIC_ROLLING_7_21,200,20,,"{""commit_window_days"": 7, ""lookahead_days"": 21, ""planning_window_days"": 28}",1,20461203,e0c45fe42976e540764e8ac1846e96f67751f24468f1e6687df6eac60cb61f21,17300.55,2282.66,24815.96,28792.61,0.0,14.85,47108.1,224586,319215,23424,0,TIME_LIMIT,False,BASELINE_FALLBACK,True,ROLLING_HORIZON_WINDOW_SOLVE_FAILED,50,50,150,0,0,0,False,71424,2004751,15214751,,True,,,52597,5627,46970,52508,89,0,False,0,[],[],,,,,,,531.2,SYNTHETIC_GENERATOR_AND_SYNTHETIC_ROAD_EDGES
tight_budget-200-20-seed20461203,TIGHT_BUDGET,S4_GEOGRAPHIC_ROLLING_7_21,200,20,,"{""commit_window_days"": 7, ""lookahead_days"": 21, ""planning_window_days"": 28}",2,20461203,e0c45fe42976e540764e8ac1846e96f67751f24468f1e6687df6eac60cb61f21,16936.73,2257.58,24819.91,28809.02,0.0,16.49,47135.03,224586,319215,23424,0,TIME_LIMIT,False,BASELINE_FALLBACK,True,ROLLING_HORIZON_WINDOW_SOLVE_FAILED,50,50,150,0,0,0,False,71424,2004751,15214751,,True,,,52597,5627,46970,52508,89,0,False,0,[],[],,,,,,,534.31,SYNTHETIC_GENERATOR_AND_SYNTHETIC_ROAD_EDGES
tight_budget-200-20-seed20461203,TIGHT_BUDGET,S4_GEOGRAPHIC_ROLLING_7_21,200,20,,"{""commit_window_days"": 7, ""lookahead_days"": 21, ""planning_window_days"": 28}",3,20461203,e0c45fe42976e540764e8ac1846e96f67751f24468f1e6687df6eac60cb61f21,17084.98,2239.01,24881.13,28763.08,0.0,15.87,47056.4,224586,319215,23424,0,TIME_LIMIT,False,BASELINE_FALLBACK,True,ROLLING_HORIZON_WINDOW_SOLVE_FAILED,50,50,150,0,0,0,False,71424,2004751,15214751,,True,,,52597,5627,46970,52508,89,0,False,0,[],[],,,,,,,528.14,SYNTHETIC_GENERATOR_AND_SYNTHETIC_ROAD_EDGES
provider_shortage-200-20-seed20461204,PROVIDER_SHORTAGE,S3_ROLLING_HORIZON_7_21,200,20,,"{""commit_window_days"": 7, ""lookahead_days"": 21, ""planning_window_days"": 28}",1,20461204,5b2e4ecf7a5c69a547a8407dd13527a87e1890a3e370e536342408364b49fcca,11123.17,1133.43,13551.8,0.0,0.0,35.41,15348.26,74472,107776,23276,0,FEASIBLE,False,ROLLING_HORIZON,False,,81,80,120,0,0,0,False,190882,5356909,44566909,,True,,,26187,5672,20515,25956,231,0,False,0,"[{""committed_round_count"": 23, ""fallback_used"": false, ""heuristic_candidate_pruning_used"": false, ""pruned_hard_compatible_pair_count"": 0, ""solver_status"": ""FEASIBLE"", ""strategy_used"": ""BASELINE_DECOMPOSED""}, {""committed_round_count"": 18, ""fallback_used"": false, ""heuristic_candidate_pruning_used"": false, ""pruned_hard_compatible_pair_count"": 0, ""solver_status"": ""FEASIBLE"", ""strategy_used"": ""BASELINE_DECOMPOSED""}, {""committed_round_count"": 7, ""fallback_used"": false, ""heuristic_candidate_pruning_used"": false, ""pruned_hard_compatible_pair_count"": 0, ""solver_status"": ""FEASIBLE"", ""strategy_used"": ""BASELINE_DECOMPOSED""}, {""committed_round_count"": 33, ""fallback_used"": false, ""heuristic_candidate_pruning_used"": false, ""pruned_hard_compatible_pair_count"": 0, ""solver_status"": ""FEASIBLE"", ""strategy_used"": ""BASELINE_DECOMPOSED""}]",[],,,0.6,0.8070175438596491,,0.6,0.01,SYNTHETIC_GENERATOR_AND_SYNTHETIC_ROAD_EDGES
provider_shortage-200-20-seed20461204,PROVIDER_SHORTAGE,S3_ROLLING_HORIZON_7_21,200,20,,"{""commit_window_days"": 7, ""lookahead_days"": 21, ""planning_window_days"": 28}",2,20461204,5b2e4ecf7a5c69a547a8407dd13527a87e1890a3e370e536342408364b49fcca,11144.34,1135.58,13585.37,0.0,0.0,39.95,15361.04,74472,107776,23276,0,FEASIBLE,False,ROLLING_HORIZON,False,,81,80,120,0,0,0,False,190882,5356909,44566909,,True,,,26187,5672,20515,25956,231,0,False,0,"[{""committed_round_count"": 23, ""fallback_used"": false, ""heuristic_candidate_pruning_used"": false, ""pruned_hard_compatible_pair_count"": 0, ""solver_status"": ""FEASIBLE"", ""strategy_used"": ""BASELINE_DECOMPOSED""}, {""committed_round_count"": 18, ""fallback_used"": false, ""heuristic_candidate_pruning_used"": false, ""pruned_hard_compatible_pair_count"": 0, ""solver_status"": ""FEASIBLE"", ""strategy_used"": ""BASELINE_DECOMPOSED""}, {""committed_round_count"": 7, ""fallback_used"": false, ""heuristic_candidate_pruning_used"": false, ""pruned_hard_compatible_pair_count"": 0, ""solver_status"": ""FEASIBLE"", ""strategy_used"": ""BASELINE_DECOMPOSED""}, {""committed_round_count"": 33, ""fallback_used"": false, ""heuristic_candidate_pruning_used"": false, ""pruned_hard_compatible_pair_count"": 0, ""solver_status"": ""FEASIBLE"", ""strategy_used"": ""BASELINE_DECOMPOSED""}]",[],,,0.6,0.8070175438596491,,0.6,0.02,SYNTHETIC_GENERATOR_AND_SYNTHETIC_ROAD_EDGES
provider_shortage-200-20-seed20461204,PROVIDER_SHORTAGE,S3_ROLLING_HORIZON_7_21,200,20,,"{""commit_window_days"": 7, ""lookahead_days"": 21, ""planning_window_days"": 28}",3,20461204,5b2e4ecf7a5c69a547a8407dd13527a87e1890a3e370e536342408364b49fcca,11116.3,1137.63,13557.98,0.0,0.0,35.97,15354.3,74472,107776,23276,0,FEASIBLE,False,ROLLING_HORIZON,False,,81,80,120,0,0,0,False,190882,5356909,44566909,,True,,,26187,5672,20515,25956,231,0,False,0,"[{""committed_round_count"": 23, ""fallback_used"": false, ""heuristic_candidate_pruning_used"": false, ""pruned_hard_compatible_pair_count"": 0, ""solver_status"": ""FEASIBLE"", ""strategy_used"": ""BASELINE_DECOMPOSED""}, {""committed_round_count"": 18, ""fallback_used"": false, ""heuristic_candidate_pruning_used"": false, ""pruned_hard_compatible_pair_count"": 0, ""solver_status"": ""FEASIBLE"", ""strategy_used"": ""BASELINE_DECOMPOSED""}, {""committed_round_count"": 7, ""fallback_used"": false, ""heuristic_candidate_pruning_used"": false, ""pruned_hard_compatible_pair_count"": 0, ""solver_status"": ""FEASIBLE"", ""strategy_used"": ""BASELINE_DECOMPOSED""}, {""committed_round_count"": 33, ""fallback_used"": false, ""heuristic_candidate_pruning_used"": false, ""pruned_hard_compatible_pair_count"": 0, ""solver_status"": ""FEASIBLE"", ""strategy_used"": ""BASELINE_DECOMPOSED""}]",[],,,0.6,0.8070175438596491,,0.6,0.01,SYNTHETIC_GENERATOR_AND_SYNTHETIC_ROAD_EDGES
provider_shortage-200-20-seed20461204,PROVIDER_SHORTAGE,S4_GEOGRAPHIC_ROLLING_7_21,200,20,13,"{""commit_window_days"": 7, ""lookahead_days"": 21, ""planning_window_days"": 28}",1,20461204,5b2e4ecf7a5c69a547a8407dd13527a87e1890a3e370e536342408364b49fcca,21742.25,2361.37,8321.33,32155.58,0.0,49.2,43732.23,185099,269056,23276,0,FEASIBLE,False,GEOGRAPHIC_ROLLING,True,GEOGRAPHIC_WINDOW_BASELINE_FALLBACK,81,80,120,0,0,0,False,155131,4353683,46568683,,True,,,57103,5866,51237,56786,317,0,False,0,"[{""committed_round_count"": 23, ""fallback_used"": true, ""heuristic_candidate_pruning_used"": false, ""pruned_hard_compatible_pair_count"": 0, ""solver_status"": ""FEASIBLE"", ""strategy_used"": ""BASELINE_FALLBACK""}, {""committed_round_count"": 16, ""fallback_used"": true, ""heuristic_candidate_pruning_used"": false, ""pruned_hard_compatible_pair_count"": 0, ""solver_status"": ""OPTIMAL"", ""strategy_used"": ""BASELINE_FALLBACK""}, {""committed_round_count"": 11, ""fallback_used"": true, ""heuristic_candidate_pruning_used"": false, ""pruned_hard_compatible_pair_count"": 0, ""solver_status"": ""OPTIMAL"", ""strategy_used"": ""BASELINE_FALLBACK""}, {""committed_round_count"": 31, ""fallback_used"": true, ""heuristic_candidate_pruning_used"": false, ""pruned_hard_compatible_pair_count"": 0, ""solver_status"": ""OPTIMAL"", ""strategy_used"": ""BASELINE_FALLBACK""}]",[],,0.6404494382022472,0.5675675675675675,0.8287292817679558,0.6404494382022472,0.5675675675675675,0.02,SYNTHETIC_GENERATOR_AND_SYNTHETIC_ROAD_EDGES
provider_shortage-200-20-seed20461204,PROVIDER_SHORTAGE,S4_GEOGRAPHIC_ROLLING_7_21,200,20,13,"{""commit_window_days"": 7, ""lookahead_days"": 21, ""planning_window_days"": 28}",2,20461204,5b2e4ecf7a5c69a547a8407dd13527a87e1890a3e370e536342408364b49fcca,21650.74,2300.98,8320.23,32128.64,0.0,53.4,43743.22,185099,269056,23276,0,FEASIBLE,False,GEOGRAPHIC_ROLLING,True,GEOGRAPHIC_WINDOW_BASELINE_FALLBACK,81,80,120,0,0,0,False,155131,4353683,46568683,,True,,,57103,5866,51237,56786,317,0,False,0,"[{""committed_round_count"": 23, ""fallback_used"": true, ""heuristic_candidate_pruning_used"": false, ""pruned_hard_compatible_pair_count"": 0, ""solver_status"": ""FEASIBLE"", ""strategy_used"": ""BASELINE_FALLBACK""}, {""committed_round_count"": 16, ""fallback_used"": true, ""heuristic_candidate_pruning_used"": false, ""pruned_hard_compatible_pair_count"": 0, ""solver_status"": ""OPTIMAL"", ""strategy_used"": ""BASELINE_FALLBACK""}, {""committed_round_count"": 11, ""fallback_used"": true, ""heuristic_candidate_pruning_used"": false, ""pruned_hard_compatible_pair_count"": 0, ""solver_status"": ""OPTIMAL"", ""strategy_used"": ""BASELINE_FALLBACK""}, {""committed_round_count"": 31, ""fallback_used"": true, ""heuristic_candidate_pruning_used"": false, ""pruned_hard_compatible_pair_count"": 0, ""solver_status"": ""OPTIMAL"", ""strategy_used"": ""BASELINE_FALLBACK""}]",[],,0.6404494382022472,0.5675675675675675,0.8287292817679558,0.6404494382022472,0.5675675675675675,0.02,SYNTHETIC_GENERATOR_AND_SYNTHETIC_ROAD_EDGES
provider_shortage-200-20-seed20461204,PROVIDER_SHORTAGE,S4_GEOGRAPHIC_ROLLING_7_21,200,20,13,"{""commit_window_days"": 7, ""lookahead_days"": 21, ""planning_window_days"": 28}",3,20461204,5b2e4ecf7a5c69a547a8407dd13527a87e1890a3e370e536342408364b49fcca,21664.04,2299.7,8308.02,32159.95,0.0,50.12,43716.54,185099,269056,23276,0,FEASIBLE,False,GEOGRAPHIC_ROLLING,True,GEOGRAPHIC_WINDOW_BASELINE_FALLBACK,81,80,120,0,0,0,False,155131,4353683,46568683,,True,,,57103,5866,51237,56786,317,0,False,0,"[{""committed_round_count"": 23, ""fallback_used"": true, ""heuristic_candidate_pruning_used"": false, ""pruned_hard_compatible_pair_count"": 0, ""solver_status"": ""FEASIBLE"", ""strategy_used"": ""BASELINE_FALLBACK""}, {""committed_round_count"": 16, ""fallback_used"": true, ""heuristic_candidate_pruning_used"": false, ""pruned_hard_compatible_pair_count"": 0, ""solver_status"": ""OPTIMAL"", ""strategy_used"": ""BASELINE_FALLBACK""}, {""committed_round_count"": 11, ""fallback_used"": true, ""heuristic_candidate_pruning_used"": false, ""pruned_hard_compatible_pair_count"": 0, ""solver_status"": ""OPTIMAL"", ""strategy_used"": ""BASELINE_FALLBACK""}, {""committed_round_count"": 31, ""fallback_used"": true, ""heuristic_candidate_pruning_used"": false, ""pruned_hard_compatible_pair_count"": 0, ""solver_status"": ""OPTIMAL"", ""strategy_used"": ""BASELINE_FALLBACK""}]",[],,0.6404494382022472,0.5675675675675675,0.8287292817679558,0.6404494382022472,0.5675675675675675,0.02,SYNTHETIC_GENERATOR_AND_SYNTHETIC_ROAD_EDGES
remote_areas-200-20-seed20461205,REMOTE_AREAS,S3_ROLLING_HORIZON_7_21,200,20,,"{""commit_window_days"": 7, ""lookahead_days"": 21, ""planning_window_days"": 28}",1,20461205,c6dfe79aac25bb789b6588932c81b5c447655fd72f47a0462c52d73e836b89ce,14514.64,837.94,21197.12,0.0,0.0,37.52,22776.74,62189,90584,16272,0,TIME_LIMIT,False,ROLLING_HORIZON,False,,187,125,75,0,0,0,False,181623,5096908,59381908,,True,,,26977,6015,20962,26738,239,0,False,0,"[{""committed_round_count"": 39, ""fallback_used"": false, ""heuristic_candidate_pruning_used"": false, ""pruned_hard_compatible_pair_count"": 0, ""solver_status"": ""TIME_LIMIT"", ""strategy_used"": ""BASELINE_DECOMPOSED""}, {""committed_round_count"": 67, ""fallback_used"": false, ""heuristic_candidate_pruning_used"": false, ""pruned_hard_compatible_pair_count"": 0, ""solver_status"": ""TIME_LIMIT"", ""strategy_used"": ""BASELINE_DECOMPOSED""}, {""committed_round_count"": 27, ""fallback_used"": false, ""heuristic_candidate_pruning_used"": false, ""pruned_hard_compatible_pair_count"": 0, ""solver_status"": ""TIME_LIMIT"", ""strategy_used"": ""BASELINE_DECOMPOSED""}, {""committed_round_count"": 54, ""fallback_used"": false, ""heuristic_candidate_pruning_used"": false, ""pruned_hard_compatible_pair_count"": 0, ""solver_status"": ""TIME_LIMIT"", ""strategy_used"": ""BASELINE_DECOMPOSED""}]",[],,,0.375,0.6115107913669064,,0.375,0.02,SYNTHETIC_GENERATOR_AND_SYNTHETIC_ROAD_EDGES
remote_areas-200-20-seed20461205,REMOTE_AREAS,S3_ROLLING_HORIZON_7_21,200,20,,"{""commit_window_days"": 7, ""lookahead_days"": 21, ""planning_window_days"": 28}",2,20461205,c6dfe79aac25bb789b6588932c81b5c447655fd72f47a0462c52d73e836b89ce,14651.4,837.73,21310.51,0.0,0.0,36.81,22892.32,62189,90584,16272,0,TIME_LIMIT,False,ROLLING_HORIZON,False,,187,125,75,0,0,0,False,181623,5096908,59381908,,True,,,26977,6015,20962,26738,239,0,False,0,"[{""committed_round_count"": 39, ""fallback_used"": false, ""heuristic_candidate_pruning_used"": false, ""pruned_hard_compatible_pair_count"": 0, ""solver_status"": ""TIME_LIMIT"", ""strategy_used"": ""BASELINE_DECOMPOSED""}, {""committed_round_count"": 67, ""fallback_used"": false, ""heuristic_candidate_pruning_used"": false, ""pruned_hard_compatible_pair_count"": 0, ""solver_status"": ""TIME_LIMIT"", ""strategy_used"": ""BASELINE_DECOMPOSED""}, {""committed_round_count"": 27, ""fallback_used"": false, ""heuristic_candidate_pruning_used"": false, ""pruned_hard_compatible_pair_count"": 0, ""solver_status"": ""TIME_LIMIT"", ""strategy_used"": ""BASELINE_DECOMPOSED""}, {""committed_round_count"": 54, ""fallback_used"": false, ""heuristic_candidate_pruning_used"": false, ""pruned_hard_compatible_pair_count"": 0, ""solver_status"": ""TIME_LIMIT"", ""strategy_used"": ""BASELINE_DECOMPOSED""}]",[],,,0.375,0.6115107913669064,,0.375,0.02,SYNTHETIC_GENERATOR_AND_SYNTHETIC_ROAD_EDGES
remote_areas-200-20-seed20461205,REMOTE_AREAS,S3_ROLLING_HORIZON_7_21,200,20,,"{""commit_window_days"": 7, ""lookahead_days"": 21, ""planning_window_days"": 28}",3,20461205,c6dfe79aac25bb789b6588932c81b5c447655fd72f47a0462c52d73e836b89ce,14572.84,844.48,21297.44,0.0,0.0,37.39,22877.69,62189,90584,16272,0,TIME_LIMIT,False,ROLLING_HORIZON,False,,187,125,75,0,0,0,False,181623,5096908,59381908,,True,,,26977,6015,20962,26738,239,0,False,0,"[{""committed_round_count"": 39, ""fallback_used"": false, ""heuristic_candidate_pruning_used"": false, ""pruned_hard_compatible_pair_count"": 0, ""solver_status"": ""TIME_LIMIT"", ""strategy_used"": ""BASELINE_DECOMPOSED""}, {""committed_round_count"": 67, ""fallback_used"": false, ""heuristic_candidate_pruning_used"": false, ""pruned_hard_compatible_pair_count"": 0, ""solver_status"": ""TIME_LIMIT"", ""strategy_used"": ""BASELINE_DECOMPOSED""}, {""committed_round_count"": 27, ""fallback_used"": false, ""heuristic_candidate_pruning_used"": false, ""pruned_hard_compatible_pair_count"": 0, ""solver_status"": ""TIME_LIMIT"", ""strategy_used"": ""BASELINE_DECOMPOSED""}, {""committed_round_count"": 54, ""fallback_used"": false, ""heuristic_candidate_pruning_used"": false, ""pruned_hard_compatible_pair_count"": 0, ""solver_status"": ""TIME_LIMIT"", ""strategy_used"": ""BASELINE_DECOMPOSED""}]",[],,,0.375,0.6115107913669064,,0.375,0.01,SYNTHETIC_GENERATOR_AND_SYNTHETIC_ROAD_EDGES
remote_areas-200-20-seed20461205,REMOTE_AREAS,S4_GEOGRAPHIC_ROLLING_7_21,200,20,22,"{""commit_window_days"": 7, ""lookahead_days"": 21, ""planning_window_days"": 28}",1,20461205,c6dfe79aac25bb789b6588932c81b5c447655fd72f47a0462c52d73e836b89ce,18798.31,1741.54,23789.4,25105.09,0.0,56.05,44937.85,141907,206340,16272,0,TIME_LIMIT,False,GEOGRAPHIC_ROLLING,True,GEOGRAPHIC_WINDOW_BASELINE_FALLBACK,187,132,68,0,0,0,False,208531,5852648,59482648,,True,,,53708,6581,47127,53340,368,0,False,0,"[{""committed_round_count"": 31, ""fallback_used"": false, ""heuristic_candidate_pruning_used"": false, ""pruned_hard_compatible_pair_count"": 0, ""solver_status"": ""TIME_LIMIT"", ""strategy_used"": ""GEOGRAPHIC_CLUSTER""}, {""committed_round_count"": 85, ""fallback_used"": true, ""heuristic_candidate_pruning_used"": false, ""pruned_hard_compatible_pair_count"": 0, ""solver_status"": ""TIME_LIMIT"", ""strategy_used"": ""BASELINE_FALLBACK""}, {""committed_round_count"": 51, ""fallback_used"": true, ""heuristic_candidate_pruning_used"": false, ""pruned_hard_compatible_pair_count"": 0, ""solver_status"": ""TIME_LIMIT"", ""strategy_used"": ""BASELINE_FALLBACK""}, {""committed_round_count"": 20, ""fallback_used"": false, ""heuristic_candidate_pruning_used"": false, ""pruned_hard_compatible_pair_count"": 0, ""solver_status"": ""FEASIBLE"", ""strategy_used"": ""GEOGRAPHIC_CLUSTER""}]",[],,0.15492957746478872,0.4418604651162791,0.8305084745762712,0.15492957746478872,0.4418604651162791,0.02,SYNTHETIC_GENERATOR_AND_SYNTHETIC_ROAD_EDGES
remote_areas-200-20-seed20461205,REMOTE_AREAS,S4_GEOGRAPHIC_ROLLING_7_21,200,20,22,"{""commit_window_days"": 7, ""lookahead_days"": 21, ""planning_window_days"": 28}",2,20461205,c6dfe79aac25bb789b6588932c81b5c447655fd72f47a0462c52d73e836b89ce,18837.43,1760.57,23784.33,25119.66,0.0,57.34,44976.15,141907,206340,16272,0,TIME_LIMIT,False,GEOGRAPHIC_ROLLING,True,GEOGRAPHIC_WINDOW_BASELINE_FALLBACK,187,132,68,0,0,0,False,208531,5852648,59482648,,True,,,53708,6581,47127,53340,368,0,False,0,"[{""committed_round_count"": 31, ""fallback_used"": false, ""heuristic_candidate_pruning_used"": false, ""pruned_hard_compatible_pair_count"": 0, ""solver_status"": ""TIME_LIMIT"", ""strategy_used"": ""GEOGRAPHIC_CLUSTER""}, {""committed_round_count"": 85, ""fallback_used"": true, ""heuristic_candidate_pruning_used"": false, ""pruned_hard_compatible_pair_count"": 0, ""solver_status"": ""TIME_LIMIT"", ""strategy_used"": ""BASELINE_FALLBACK""}, {""committed_round_count"": 51, ""fallback_used"": true, ""heuristic_candidate_pruning_used"": false, ""pruned_hard_compatible_pair_count"": 0, ""solver_status"": ""TIME_LIMIT"", ""strategy_used"": ""BASELINE_FALLBACK""}, {""committed_round_count"": 20, ""fallback_used"": false, ""heuristic_candidate_pruning_used"": false, ""pruned_hard_compatible_pair_count"": 0, ""solver_status"": ""FEASIBLE"", ""strategy_used"": ""GEOGRAPHIC_CLUSTER""}]",[],,0.15492957746478872,0.4418604651162791,0.8305084745762712,0.15492957746478872,0.4418604651162791,0.02,SYNTHETIC_GENERATOR_AND_SYNTHETIC_ROAD_EDGES
remote_areas-200-20-seed20461205,REMOTE_AREAS,S4_GEOGRAPHIC_ROLLING_7_21,200,20,22,"{""commit_window_days"": 7, ""lookahead_days"": 21, ""planning_window_days"": 28}",3,20461205,c6dfe79aac25bb789b6588932c81b5c447655fd72f47a0462c52d73e836b89ce,18645.93,1714.72,23827.17,25075.18,0.0,55.03,44931.86,141907,206340,16272,0,TIME_LIMIT,False,GEOGRAPHIC_ROLLING,True,GEOGRAPHIC_WINDOW_BASELINE_FALLBACK,187,132,68,0,0,0,False,208531,5852648,59482648,,True,,,53708,6581,47127,53340,368,0,False,0,"[{""committed_round_count"": 31, ""fallback_used"": false, ""heuristic_candidate_pruning_used"": false, ""pruned_hard_compatible_pair_count"": 0, ""solver_status"": ""TIME_LIMIT"", ""strategy_used"": ""GEOGRAPHIC_CLUSTER""}, {""committed_round_count"": 85, ""fallback_used"": true, ""heuristic_candidate_pruning_used"": false, ""pruned_hard_compatible_pair_count"": 0, ""solver_status"": ""TIME_LIMIT"", ""strategy_used"": ""BASELINE_FALLBACK""}, {""committed_round_count"": 51, ""fallback_used"": true, ""heuristic_candidate_pruning_used"": false, ""pruned_hard_compatible_pair_count"": 0, ""solver_status"": ""TIME_LIMIT"", ""strategy_used"": ""BASELINE_FALLBACK""}, {""committed_round_count"": 20, ""fallback_used"": false, ""heuristic_candidate_pruning_used"": false, ""pruned_hard_compatible_pair_count"": 0, ""solver_status"": ""FEASIBLE"", ""strategy_used"": ""GEOGRAPHIC_CLUSTER""}]",[],,0.15492957746478872,0.4418604651162791,0.8305084745762712,0.15492957746478872,0.4418604651162791,0.02,SYNTHETIC_GENERATOR_AND_SYNTHETIC_ROAD_EDGES
many_low_data-200-20-seed20461206,MANY_LOW_DATA,S3_ROLLING_HORIZON_7_21,200,20,,"{""commit_window_days"": 7, ""lookahead_days"": 21, ""planning_window_days"": 28}",1,20461206,fd01ac06913da01a27ff783d8ab622df6cc479c681177270cd158a431b900d1d,10190.05,607.12,10657.3,0.0,0.0,0.0,10131.02,55622,81947,23208,0,UNKNOWN,False,BASELINE_FALLBACK,True,ROLLING_HORIZON_WINDOW_SOLVE_FAILED,0,0,200,,,,False,0,0,0,,True,,,10668,5334,5334,10668,0,0,False,0,[],[],,,,,,,0.0,SYNTHETIC_GENERATOR_AND_SYNTHETIC_ROAD_EDGES
many_low_data-200-20-seed20461206,MANY_LOW_DATA,S3_ROLLING_HORIZON_7_21,200,20,,"{""commit_window_days"": 7, ""lookahead_days"": 21, ""planning_window_days"": 28}",2,20461206,fd01ac06913da01a27ff783d8ab622df6cc479c681177270cd158a431b900d1d,10144.76,637.36,10581.37,0.0,0.0,0.0,10098.33,55622,81947,23208,0,UNKNOWN,False,BASELINE_FALLBACK,True,ROLLING_HORIZON_WINDOW_SOLVE_FAILED,0,0,200,,,,False,0,0,0,,True,,,10668,5334,5334,10668,0,0,False,0,[],[],,,,,,,0.0,SYNTHETIC_GENERATOR_AND_SYNTHETIC_ROAD_EDGES
many_low_data-200-20-seed20461206,MANY_LOW_DATA,S3_ROLLING_HORIZON_7_21,200,20,,"{""commit_window_days"": 7, ""lookahead_days"": 21, ""planning_window_days"": 28}",3,20461206,fd01ac06913da01a27ff783d8ab622df6cc479c681177270cd158a431b900d1d,10176.14,604.57,10632.28,0.0,0.0,0.0,10078.12,55622,81947,23208,0,UNKNOWN,False,BASELINE_FALLBACK,True,ROLLING_HORIZON_WINDOW_SOLVE_FAILED,0,0,200,,,,False,0,0,0,,True,,,10668,5334,5334,10668,0,0,False,0,[],[],,,,,,,0.0,SYNTHETIC_GENERATOR_AND_SYNTHETIC_ROAD_EDGES
many_low_data-200-20-seed20461206,MANY_LOW_DATA,S4_GEOGRAPHIC_ROLLING_7_21,200,20,,"{""commit_window_days"": 7, ""lookahead_days"": 21, ""planning_window_days"": 28}",1,20461206,fd01ac06913da01a27ff783d8ab622df6cc479c681177270cd158a431b900d1d,13577.48,949.94,6287.22,9921.37,0.0,0.0,14885.23,78838,116633,23208,0,UNKNOWN,False,BASELINE_FALLBACK,True,ROLLING_HORIZON_WINDOW_SOLVE_FAILED,0,0,200,,,,False,0,0,0,,True,,,16002,5334,10668,16002,0,0,False,0,[],[],,,,,,,0.0,SYNTHETIC_GENERATOR_AND_SYNTHETIC_ROAD_EDGES
many_low_data-200-20-seed20461206,MANY_LOW_DATA,S4_GEOGRAPHIC_ROLLING_7_21,200,20,,"{""commit_window_days"": 7, ""lookahead_days"": 21, ""planning_window_days"": 28}",2,20461206,fd01ac06913da01a27ff783d8ab622df6cc479c681177270cd158a431b900d1d,13525.46,948.79,6277.1,9899.09,0.0,0.0,14849.89,78838,116633,23208,0,UNKNOWN,False,BASELINE_FALLBACK,True,ROLLING_HORIZON_WINDOW_SOLVE_FAILED,0,0,200,,,,False,0,0,0,,True,,,16002,5334,10668,16002,0,0,False,0,[],[],,,,,,,0.0,SYNTHETIC_GENERATOR_AND_SYNTHETIC_ROAD_EDGES
many_low_data-200-20-seed20461206,MANY_LOW_DATA,S4_GEOGRAPHIC_ROLLING_7_21,200,20,,"{""commit_window_days"": 7, ""lookahead_days"": 21, ""planning_window_days"": 28}",3,20461206,fd01ac06913da01a27ff783d8ab622df6cc479c681177270cd158a431b900d1d,13641.7,947.87,6298.86,9982.75,0.0,0.0,14954.59,78838,116633,23208,0,UNKNOWN,False,BASELINE_FALLBACK,True,ROLLING_HORIZON_WINDOW_SOLVE_FAILED,0,0,200,,,,False,0,0,0,,True,,,16002,5334,10668,16002,0,0,False,0,[],[],,,,,,,0.0,SYNTHETIC_GENERATOR_AND_SYNTHETIC_ROAD_EDGES
home_repair_mixed-200-20-seed20461207,HOME_REPAIR_MIXED,S3_ROLLING_HORIZON_7_21,200,20,,"{""commit_window_days"": 7, ""lookahead_days"": 21, ""planning_window_days"": 28}",1,20461207,a8c616af76ea821b9622aef9a5e0d11e6a58f18e0f1250c63d55fb8025eb881d,14044.51,852.87,15826.73,0.0,0.0,1.98,16709.44,134985,179969,22856,0,TIME_LIMIT,False,BASELINE_FALLBACK,True,ROLLING_HORIZON_WINDOW_SOLVE_FAILED,122,122,78,0,0,0,False,171418,4810465,42500465,,True,,,18414,5524,12890,18414,0,0,False,0,[],[],,,,,,,574.55,SYNTHETIC_GENERATOR_AND_SYNTHETIC_ROAD_EDGES
home_repair_mixed-200-20-seed20461207,HOME_REPAIR_MIXED,S3_ROLLING_HORIZON_7_21,200,20,,"{""commit_window_days"": 7, ""lookahead_days"": 21, ""planning_window_days"": 28}",2,20461207,a8c616af76ea821b9622aef9a5e0d11e6a58f18e0f1250c63d55fb8025eb881d,13994.97,844.23,15880.98,0.0,0.0,2.49,16734.64,134985,179969,22856,0,TIME_LIMIT,False,BASELINE_FALLBACK,True,ROLLING_HORIZON_WINDOW_SOLVE_FAILED,122,122,78,0,0,0,False,171418,4810465,42500465,,True,,,18414,5524,12890,18414,0,0,False,0,[],[],,,,,,,599.7,SYNTHETIC_GENERATOR_AND_SYNTHETIC_ROAD_EDGES
home_repair_mixed-200-20-seed20461207,HOME_REPAIR_MIXED,S3_ROLLING_HORIZON_7_21,200,20,,"{""commit_window_days"": 7, ""lookahead_days"": 21, ""planning_window_days"": 28}",3,20461207,a8c616af76ea821b9622aef9a5e0d11e6a58f18e0f1250c63d55fb8025eb881d,14065.5,853.67,15879.08,0.0,0.0,2.39,16741.32,134985,179969,22856,0,TIME_LIMIT,False,BASELINE_FALLBACK,True,ROLLING_HORIZON_WINDOW_SOLVE_FAILED,122,122,78,0,0,0,False,171418,4810465,42500465,,True,,,18414,5524,12890,18414,0,0,False,0,[],[],,,,,,,568.41,SYNTHETIC_GENERATOR_AND_SYNTHETIC_ROAD_EDGES
home_repair_mixed-200-20-seed20461207,HOME_REPAIR_MIXED,S4_GEOGRAPHIC_ROLLING_7_21,200,20,13,"{""commit_window_days"": 7, ""lookahead_days"": 21, ""planning_window_days"": 28}",1,20461207,a8c616af76ea821b9622aef9a5e0d11e6a58f18e0f1250c63d55fb8025eb881d,21314.38,2408.12,26974.07,31675.01,0.0,58.8,53621.63,228495,329695,22856,0,TIME_LIMIT,False,GEOGRAPHIC_ROLLING,True,GEOGRAPHIC_WINDOW_BASELINE_FALLBACK,181,132,68,0,0,0,False,227112,6372906,58777906,,True,,,62578,6780,55798,62224,354,0,False,0,"[{""committed_round_count"": 24, ""fallback_used"": false, ""heuristic_candidate_pruning_used"": false, ""pruned_hard_compatible_pair_count"": 0, ""solver_status"": ""TIME_LIMIT"", ""strategy_used"": ""GEOGRAPHIC_CLUSTER""}, {""committed_round_count"": 32, ""fallback_used"": true, ""heuristic_candidate_pruning_used"": false, ""pruned_hard_compatible_pair_count"": 0, ""solver_status"": ""TIME_LIMIT"", ""strategy_used"": ""BASELINE_FALLBACK""}, {""committed_round_count"": 75, ""fallback_used"": true, ""heuristic_candidate_pruning_used"": false, ""pruned_hard_compatible_pair_count"": 0, ""solver_status"": ""TIME_LIMIT"", ""strategy_used"": ""BASELINE_FALLBACK""}, {""committed_round_count"": 50, ""fallback_used"": true, ""heuristic_candidate_pruning_used"": false, ""pruned_hard_compatible_pair_count"": 0, ""solver_status"": ""TIME_LIMIT"", ""strategy_used"": ""BASELINE_FALLBACK""}]",[],,0.27472527472527475,0.3944954128440367,0.6855345911949685,0.27472527472527475,0.3944954128440367,0.03,SYNTHETIC_GENERATOR_AND_SYNTHETIC_ROAD_EDGES
home_repair_mixed-200-20-seed20461207,HOME_REPAIR_MIXED,S4_GEOGRAPHIC_ROLLING_7_21,200,20,13,"{""commit_window_days"": 7, ""lookahead_days"": 21, ""planning_window_days"": 28}",2,20461207,a8c616af76ea821b9622aef9a5e0d11e6a58f18e0f1250c63d55fb8025eb881d,21320.31,2413.12,26930.57,31555.54,0.0,57.04,53595.02,228495,329695,22856,0,TIME_LIMIT,False,GEOGRAPHIC_ROLLING,True,GEOGRAPHIC_WINDOW_BASELINE_FALLBACK,181,132,68,0,0,0,False,227112,6372906,58777906,,True,,,62578,6780,55798,62224,354,0,False,0,"[{""committed_round_count"": 24, ""fallback_used"": false, ""heuristic_candidate_pruning_used"": false, ""pruned_hard_compatible_pair_count"": 0, ""solver_status"": ""TIME_LIMIT"", ""strategy_used"": ""GEOGRAPHIC_CLUSTER""}, {""committed_round_count"": 32, ""fallback_used"": true, ""heuristic_candidate_pruning_used"": false, ""pruned_hard_compatible_pair_count"": 0, ""solver_status"": ""TIME_LIMIT"", ""strategy_used"": ""BASELINE_FALLBACK""}, {""committed_round_count"": 75, ""fallback_used"": true, ""heuristic_candidate_pruning_used"": false, ""pruned_hard_compatible_pair_count"": 0, ""solver_status"": ""TIME_LIMIT"", ""strategy_used"": ""BASELINE_FALLBACK""}, {""committed_round_count"": 50, ""fallback_used"": true, ""heuristic_candidate_pruning_used"": false, ""pruned_hard_compatible_pair_count"": 0, ""solver_status"": ""TIME_LIMIT"", ""strategy_used"": ""BASELINE_FALLBACK""}]",[],,0.27472527472527475,0.3944954128440367,0.6855345911949685,0.27472527472527475,0.3944954128440367,0.02,SYNTHETIC_GENERATOR_AND_SYNTHETIC_ROAD_EDGES
home_repair_mixed-200-20-seed20461207,HOME_REPAIR_MIXED,S4_GEOGRAPHIC_ROLLING_7_21,200,20,13,"{""commit_window_days"": 7, ""lookahead_days"": 21, ""planning_window_days"": 28}",3,20461207,a8c616af76ea821b9622aef9a5e0d11e6a58f18e0f1250c63d55fb8025eb881d,21222.58,2438.86,27146.27,31527.71,0.0,56.85,53658.66,228495,329695,22856,0,TIME_LIMIT,False,GEOGRAPHIC_ROLLING,True,GEOGRAPHIC_WINDOW_BASELINE_FALLBACK,181,132,68,0,0,0,False,227112,6372906,58777906,,True,,,62578,6780,55798,62224,354,0,False,0,"[{""committed_round_count"": 24, ""fallback_used"": false, ""heuristic_candidate_pruning_used"": false, ""pruned_hard_compatible_pair_count"": 0, ""solver_status"": ""TIME_LIMIT"", ""strategy_used"": ""GEOGRAPHIC_CLUSTER""}, {""committed_round_count"": 32, ""fallback_used"": true, ""heuristic_candidate_pruning_used"": false, ""pruned_hard_compatible_pair_count"": 0, ""solver_status"": ""TIME_LIMIT"", ""strategy_used"": ""BASELINE_FALLBACK""}, {""committed_round_count"": 75, ""fallback_used"": true, ""heuristic_candidate_pruning_used"": false, ""pruned_hard_compatible_pair_count"": 0, ""solver_status"": ""TIME_LIMIT"", ""strategy_used"": ""BASELINE_FALLBACK""}, {""committed_round_count"": 50, ""fallback_used"": true, ""heuristic_candidate_pruning_used"": false, ""pruned_hard_compatible_pair_count"": 0, ""solver_status"": ""TIME_LIMIT"", ""strategy_used"": ""BASELINE_FALLBACK""}]",[],,0.27472527472527475,0.3944954128440367,0.6855345911949685,0.27472527472527475,0.3944954128440367,0.03,SYNTHETIC_GENERATOR_AND_SYNTHETIC_ROAD_EDGES
mass_decline-200-20-seed20461208,MASS_DECLINE,S3_ROLLING_HORIZON_7_21,200,20,,"{""commit_window_days"": 7, ""lookahead_days"": 21, ""planning_window_days"": 28}",1,20461208,3558a8197a4c7e1f7bc2db3ac134bf5e13550314fae6b91cb06c38f02bf4c994,10562.07,807.02,13753.77,0.0,0.0,33.04,15458.7,29632,44812,4768,0,TIME_LIMIT,False,ROLLING_HORIZON,False,,61,60,140,0,0,0,False,96035,2695229,40395229,,True,,,27465,5935,21530,27260,205,0,False,0,"[{""committed_round_count"": 12, ""fallback_used"": false, ""heuristic_candidate_pruning_used"": false, ""pruned_hard_compatible_pair_count"": 0, ""solver_status"": ""FEASIBLE"", ""strategy_used"": ""BASELINE_DECOMPOSED""}, {""committed_round_count"": 22, ""fallback_used"": false, ""heuristic_candidate_pruning_used"": false, ""pruned_hard_compatible_pair_count"": 0, ""solver_status"": ""TIME_LIMIT"", ""strategy_used"": ""BASELINE_DECOMPOSED""}, {""committed_round_count"": 8, ""fallback_used"": false, ""heuristic_candidate_pruning_used"": false, ""pruned_hard_compatible_pair_count"": 0, ""solver_status"": ""FEASIBLE"", ""strategy_used"": ""BASELINE_DECOMPOSED""}, {""committed_round_count"": 19, ""fallback_used"": false, ""heuristic_candidate_pruning_used"": false, ""pruned_hard_compatible_pair_count"": 0, ""solver_status"": ""FEASIBLE"", ""strategy_used"": ""BASELINE_DECOMPOSED""}]",[],,,0.7,0.8901734104046243,,0.7,0.02,SYNTHETIC_GENERATOR_AND_SYNTHETIC_ROAD_EDGES
mass_decline-200-20-seed20461208,MASS_DECLINE,S3_ROLLING_HORIZON_7_21,200,20,,"{""commit_window_days"": 7, ""lookahead_days"": 21, ""planning_window_days"": 28}",2,20461208,3558a8197a4c7e1f7bc2db3ac134bf5e13550314fae6b91cb06c38f02bf4c994,10401.95,800.44,13611.27,0.0,0.0,33.62,15341.97,29632,44812,4768,0,TIME_LIMIT,False,ROLLING_HORIZON,False,,61,60,140,0,0,0,False,96035,2695229,40395229,,True,,,27465,5935,21530,27260,205,0,False,0,"[{""committed_round_count"": 12, ""fallback_used"": false, ""heuristic_candidate_pruning_used"": false, ""pruned_hard_compatible_pair_count"": 0, ""solver_status"": ""FEASIBLE"", ""strategy_used"": ""BASELINE_DECOMPOSED""}, {""committed_round_count"": 22, ""fallback_used"": false, ""heuristic_candidate_pruning_used"": false, ""pruned_hard_compatible_pair_count"": 0, ""solver_status"": ""TIME_LIMIT"", ""strategy_used"": ""BASELINE_DECOMPOSED""}, {""committed_round_count"": 8, ""fallback_used"": false, ""heuristic_candidate_pruning_used"": false, ""pruned_hard_compatible_pair_count"": 0, ""solver_status"": ""FEASIBLE"", ""strategy_used"": ""BASELINE_DECOMPOSED""}, {""committed_round_count"": 19, ""fallback_used"": false, ""heuristic_candidate_pruning_used"": false, ""pruned_hard_compatible_pair_count"": 0, ""solver_status"": ""FEASIBLE"", ""strategy_used"": ""BASELINE_DECOMPOSED""}]",[],,,0.7,0.8901734104046243,,0.7,0.01,SYNTHETIC_GENERATOR_AND_SYNTHETIC_ROAD_EDGES
mass_decline-200-20-seed20461208,MASS_DECLINE,S3_ROLLING_HORIZON_7_21,200,20,,"{""commit_window_days"": 7, ""lookahead_days"": 21, ""planning_window_days"": 28}",3,20461208,3558a8197a4c7e1f7bc2db3ac134bf5e13550314fae6b91cb06c38f02bf4c994,10394.55,809.89,13574.82,0.0,0.0,34.05,15277.29,29632,44812,4768,0,TIME_LIMIT,False,ROLLING_HORIZON,False,,61,60,140,0,0,0,False,96035,2695229,40395229,,True,,,27465,5935,21530,27260,205,0,False,0,"[{""committed_round_count"": 12, ""fallback_used"": false, ""heuristic_candidate_pruning_used"": false, ""pruned_hard_compatible_pair_count"": 0, ""solver_status"": ""FEASIBLE"", ""strategy_used"": ""BASELINE_DECOMPOSED""}, {""committed_round_count"": 22, ""fallback_used"": false, ""heuristic_candidate_pruning_used"": false, ""pruned_hard_compatible_pair_count"": 0, ""solver_status"": ""TIME_LIMIT"", ""strategy_used"": ""BASELINE_DECOMPOSED""}, {""committed_round_count"": 8, ""fallback_used"": false, ""heuristic_candidate_pruning_used"": false, ""pruned_hard_compatible_pair_count"": 0, ""solver_status"": ""FEASIBLE"", ""strategy_used"": ""BASELINE_DECOMPOSED""}, {""committed_round_count"": 19, ""fallback_used"": false, ""heuristic_candidate_pruning_used"": false, ""pruned_hard_compatible_pair_count"": 0, ""solver_status"": ""FEASIBLE"", ""strategy_used"": ""BASELINE_DECOMPOSED""}]",[],,,0.7,0.8901734104046243,,0.7,0.02,SYNTHETIC_GENERATOR_AND_SYNTHETIC_ROAD_EDGES
mass_decline-200-20-seed20461208,MASS_DECLINE,S4_GEOGRAPHIC_ROLLING_7_21,200,20,13,"{""commit_window_days"": 7, ""lookahead_days"": 21, ""planning_window_days"": 28}",1,20461208,3558a8197a4c7e1f7bc2db3ac134bf5e13550314fae6b91cb06c38f02bf4c994,8161.48,1605.01,23491.68,26731.95,0.0,33.37,44141.93,69745,104727,4768,0,TIME_LIMIT,False,GEOGRAPHIC_ROLLING,True,GEOGRAPHIC_WINDOW_BASELINE_FALLBACK,60,59,141,0,0,0,False,103356,2900749,38145749,,True,,,53969,6180,47789,53772,197,0,False,0,"[{""committed_round_count"": 22, ""fallback_used"": false, ""heuristic_candidate_pruning_used"": false, ""pruned_hard_compatible_pair_count"": 0, ""solver_status"": ""TIME_LIMIT"", ""strategy_used"": ""GEOGRAPHIC_CLUSTER""}, {""committed_round_count"": 12, ""fallback_used"": true, ""heuristic_candidate_pruning_used"": false, ""pruned_hard_compatible_pair_count"": 0, ""solver_status"": ""FEASIBLE"", ""strategy_used"": ""BASELINE_FALLBACK""}, {""committed_round_count"": 5, ""fallback_used"": false, ""heuristic_candidate_pruning_used"": false, ""pruned_hard_compatible_pair_count"": 0, ""solver_status"": ""TIME_LIMIT"", ""strategy_used"": ""GEOGRAPHIC_CLUSTER""}, {""committed_round_count"": 21, ""fallback_used"": false, ""heuristic_candidate_pruning_used"": false, ""pruned_hard_compatible_pair_count"": 0, ""solver_status"": ""TIME_LIMIT"", ""strategy_used"": ""GEOGRAPHIC_CLUSTER""}]",[],,0.6842105263157895,0.7238095238095238,0.8820224719101124,0.6842105263157895,0.7238095238095238,0.02,SYNTHETIC_GENERATOR_AND_SYNTHETIC_ROAD_EDGES
mass_decline-200-20-seed20461208,MASS_DECLINE,S4_GEOGRAPHIC_ROLLING_7_21,200,20,13,"{""commit_window_days"": 7, ""lookahead_days"": 21, ""planning_window_days"": 28}",2,20461208,3558a8197a4c7e1f7bc2db3ac134bf5e13550314fae6b91cb06c38f02bf4c994,8115.15,1604.31,23430.45,26593.91,0.0,32.84,43953.16,69745,104727,4768,0,TIME_LIMIT,False,GEOGRAPHIC_ROLLING,True,GEOGRAPHIC_WINDOW_BASELINE_FALLBACK,60,59,141,0,0,0,False,103356,2900749,38145749,,True,,,53969,6180,47789,53772,197,0,False,0,"[{""committed_round_count"": 22, ""fallback_used"": false, ""heuristic_candidate_pruning_used"": false, ""pruned_hard_compatible_pair_count"": 0, ""solver_status"": ""TIME_LIMIT"", ""strategy_used"": ""GEOGRAPHIC_CLUSTER""}, {""committed_round_count"": 12, ""fallback_used"": true, ""heuristic_candidate_pruning_used"": false, ""pruned_hard_compatible_pair_count"": 0, ""solver_status"": ""FEASIBLE"", ""strategy_used"": ""BASELINE_FALLBACK""}, {""committed_round_count"": 5, ""fallback_used"": false, ""heuristic_candidate_pruning_used"": false, ""pruned_hard_compatible_pair_count"": 0, ""solver_status"": ""TIME_LIMIT"", ""strategy_used"": ""GEOGRAPHIC_CLUSTER""}, {""committed_round_count"": 21, ""fallback_used"": false, ""heuristic_candidate_pruning_used"": false, ""pruned_hard_compatible_pair_count"": 0, ""solver_status"": ""TIME_LIMIT"", ""strategy_used"": ""GEOGRAPHIC_CLUSTER""}]",[],,0.6842105263157895,0.7238095238095238,0.8820224719101124,0.6842105263157895,0.7238095238095238,0.02,SYNTHETIC_GENERATOR_AND_SYNTHETIC_ROAD_EDGES
mass_decline-200-20-seed20461208,MASS_DECLINE,S4_GEOGRAPHIC_ROLLING_7_21,200,20,13,"{""commit_window_days"": 7, ""lookahead_days"": 21, ""planning_window_days"": 28}",3,20461208,3558a8197a4c7e1f7bc2db3ac134bf5e13550314fae6b91cb06c38f02bf4c994,8073.6,1605.58,23342.05,26615.99,0.0,31.5,43921.1,69745,104727,4768,0,TIME_LIMIT,False,GEOGRAPHIC_ROLLING,True,GEOGRAPHIC_WINDOW_BASELINE_FALLBACK,60,59,141,0,0,0,False,103356,2900749,38145749,,True,,,53969,6180,47789,53772,197,0,False,0,"[{""committed_round_count"": 22, ""fallback_used"": false, ""heuristic_candidate_pruning_used"": false, ""pruned_hard_compatible_pair_count"": 0, ""solver_status"": ""TIME_LIMIT"", ""strategy_used"": ""GEOGRAPHIC_CLUSTER""}, {""committed_round_count"": 12, ""fallback_used"": true, ""heuristic_candidate_pruning_used"": false, ""pruned_hard_compatible_pair_count"": 0, ""solver_status"": ""FEASIBLE"", ""strategy_used"": ""BASELINE_FALLBACK""}, {""committed_round_count"": 5, ""fallback_used"": false, ""heuristic_candidate_pruning_used"": false, ""pruned_hard_compatible_pair_count"": 0, ""solver_status"": ""TIME_LIMIT"", ""strategy_used"": ""GEOGRAPHIC_CLUSTER""}, {""committed_round_count"": 21, ""fallback_used"": false, ""heuristic_candidate_pruning_used"": false, ""pruned_hard_compatible_pair_count"": 0, ""solver_status"": ""TIME_LIMIT"", ""strategy_used"": ""GEOGRAPHIC_CLUSTER""}]",[],,0.6842105263157895,0.7238095238095238,0.8820224719101124,0.6842105263157895,0.7238095238095238,0.02,SYNTHETIC_GENERATOR_AND_SYNTHETIC_ROAD_EDGES
