scenario_id,scenario,strategy,areas,providers,cluster_count,horizon_config,repeat,seed,input_fingerprint,model_build_ms,preprocess_ms,solve_ms,reconciliation_ms,schedule_ms,route_ms,total_ms,variables,constraints,candidate_edges,route_arcs,solver_status,optimality_proven,strategy_used,fallback_used,fallback_reason,service_rounds,covered_areas,zero_service_areas,underserved_points_covered,underserved_points_total,long_unserved_areas_served,minimum_coverage_met,travel_time,travel_cost,total_cost,budget_gap,invariant_valid,invariant_violations,geographic_global_checks,route_matrix_pair_lookup_count,route_matrix_pair_lookup_unique_count,route_matrix_pair_lookup_repeated_count,route_matrix_cache_hits,route_matrix_cache_misses,external_map_api_requests,heuristic_candidate_pruning_used,pruned_hard_compatible_pair_count,rolling_window_summaries,rolling_quality_regressions,rolling_attempt_quality,rolling_boundary_zero_service_rate,rolling_non_boundary_zero_service_rate,rolling_late_horizon_zero_service_rate,boundary_zero_service_rate,non_boundary_zero_service_rate,diagnostics_ms,input_provenance
normal-16-3-seed20277032,NORMAL,S0_MONOLITHIC,16,3,,FULL_MONTH,1,20277032,97c5d595af0f438ff498eaa33ab42e0f4750ccb9938c09644d2fedd7253ccaa8,78.87,6.67,2500.78,0.0,0.0,4.21,5172.17,5977,8648,292,3344,TIME_LIMIT,False,BASELINE_MONOLITHIC,False,,14,14,2,0,0,0,False,28582,802252,4637252,,True,,,7013,303,6710,7002,11,0,False,0,[],[],,,,,,,2587.0,SYNTHETIC_GENERATOR_AND_SYNTHETIC_ROAD_EDGES
normal-16-3-seed20277032,NORMAL,S0_MONOLITHIC,16,3,,FULL_MONTH,2,20277032,97c5d595af0f438ff498eaa33ab42e0f4750ccb9938c09644d2fedd7253ccaa8,75.57,6.57,2500.16,0.0,0.0,1.76,5163.26,5977,8648,292,3344,TIME_LIMIT,False,BASELINE_MONOLITHIC,False,,14,14,2,0,0,0,False,28582,802252,4637252,,True,,,7013,303,6710,7002,11,0,False,0,[],[],,,,,,,2583.64,SYNTHETIC_GENERATOR_AND_SYNTHETIC_ROAD_EDGES
normal-16-3-seed20277032,NORMAL,S0_MONOLITHIC,16,3,,FULL_MONTH,3,20277032,97c5d595af0f438ff498eaa33ab42e0f4750ccb9938c09644d2fedd7253ccaa8,76.46,6.79,2500.37,0.0,0.0,2.24,5164.86,5977,8648,292,3344,TIME_LIMIT,False,BASELINE_MONOLITHIC,False,,14,14,2,0,0,0,False,28582,802252,4637252,,True,,,7013,303,6710,7002,11,0,False,0,[],[],,,,,,,2583.81,SYNTHETIC_GENERATOR_AND_SYNTHETIC_ROAD_EDGES
normal-16-3-seed20277032,NORMAL,S1_V5_BASELINE,16,3,,FULL_MONTH,1,20277032,97c5d595af0f438ff498eaa33ab42e0f4750ccb9938c09644d2fedd7253ccaa8,1649.73,7.47,1666.52,0.0,0.0,3.5,3449.85,1046,1628,292,0,OPTIMAL,True,BASELINE_DECOMPOSED,False,,15,15,1,0,0,0,False,26873,754226,4669226,,True,,,325,120,205,306,19,0,False,0,[],[],,,,,,,1767.26,SYNTHETIC_GENERATOR_AND_SYNTHETIC_ROAD_EDGES
normal-16-3-seed20277032,NORMAL,S1_V5_BASELINE,16,3,,FULL_MONTH,2,20277032,97c5d595af0f438ff498eaa33ab42e0f4750ccb9938c09644d2fedd7253ccaa8,1641.74,6.52,1658.58,0.0,0.0,3.67,3435.43,1046,1628,292,0,OPTIMAL,True,BASELINE_DECOMPOSED,False,,15,15,1,0,0,0,False,26873,754226,4669226,,True,,,325,120,205,306,19,0,False,0,[],[],,,,,,,1760.94,SYNTHETIC_GENERATOR_AND_SYNTHETIC_ROAD_EDGES
normal-16-3-seed20277032,NORMAL,S1_V5_BASELINE,16,3,,FULL_MONTH,3,20277032,97c5d595af0f438ff498eaa33ab42e0f4750ccb9938c09644d2fedd7253ccaa8,1660.71,6.9,1676.26,0.0,0.0,3.82,3454.88,1046,1628,292,0,OPTIMAL,True,BASELINE_DECOMPOSED,False,,15,15,1,0,0,0,False,26873,754226,4669226,,True,,,325,120,205,306,19,0,False,0,[],[],,,,,,,1761.42,SYNTHETIC_GENERATOR_AND_SYNTHETIC_ROAD_EDGES
normal-16-3-seed20277032,NORMAL,S2_GEOGRAPHIC_CLUSTER,16,3,1,FULL_MONTH,1,20277032,97c5d595af0f438ff498eaa33ab42e0f4750ccb9938c09644d2fedd7253ccaa8,22.68,10.22,3885.96,1104.18,0.0,3.96,4823.84,2092,3225,292,0,TIME_LIMIT,False,GEOGRAPHIC_CLUSTER,False,,13,13,3,0,0,0,False,24018,674106,4754106,,True,,"{""budget"": true, ""minimum_coverage_reported_truthfully"": true, ""provider_capacity"": true, ""provider_monthly_compensation"": true, ""route_feasibility"": true, ""schedule_overlap_and_daily_hours"": true, ""service_compatibility"": true}",382,110,272,362,20,0,False,0,[],[],,,,,0.0,0.1875,1757.06,SYNTHETIC_GENERATOR_AND_SYNTHETIC_ROAD_EDGES
normal-16-3-seed20277032,NORMAL,S2_GEOGRAPHIC_CLUSTER,16,3,1,FULL_MONTH,2,20277032,97c5d595af0f438ff498eaa33ab42e0f4750ccb9938c09644d2fedd7253ccaa8,23.66,11.11,3872.28,1109.26,0.0,3.97,4821.46,2092,3225,292,0,TIME_LIMIT,False,GEOGRAPHIC_CLUSTER,False,,13,13,3,0,0,0,False,24018,674106,4754106,,True,,"{""budget"": true, ""minimum_coverage_reported_truthfully"": true, ""provider_capacity"": true, ""provider_monthly_compensation"": true, ""route_feasibility"": true, ""schedule_overlap_and_daily_hours"": true, ""service_compatibility"": true}",382,110,272,362,20,0,False,0,[],[],,,,,0.0,0.1875,1756.12,SYNTHETIC_GENERATOR_AND_SYNTHETIC_ROAD_EDGES
normal-16-3-seed20277032,NORMAL,S2_GEOGRAPHIC_CLUSTER,16,3,1,FULL_MONTH,3,20277032,97c5d595af0f438ff498eaa33ab42e0f4750ccb9938c09644d2fedd7253ccaa8,23.9,10.5,3876.06,1109.29,0.0,4.45,4829.96,2092,3225,292,0,TIME_LIMIT,False,GEOGRAPHIC_CLUSTER,False,,13,13,3,0,0,0,False,24018,674106,4754106,,True,,"{""budget"": true, ""minimum_coverage_reported_truthfully"": true, ""provider_capacity"": true, ""provider_monthly_compensation"": true, ""route_feasibility"": true, ""schedule_overlap_and_daily_hours"": true, ""service_compatibility"": true}",382,110,272,362,20,0,False,0,[],[],,,,,0.0,0.1875,1762.22,SYNTHETIC_GENERATOR_AND_SYNTHETIC_ROAD_EDGES
normal-16-3-seed20277032,NORMAL,S3_ROLLING_HORIZON_7_21,16,3,,"{""commit_window_days"": 7, ""lookahead_days"": 21, ""planning_window_days"": 28}",1,20277032,97c5d595af0f438ff498eaa33ab42e0f4750ccb9938c09644d2fedd7253ccaa8,6243.21,11.73,4758.0,0.0,0.0,12.28,4796.16,4505,6936,292,0,OPTIMAL,True,BASELINE_FALLBACK,True,ROLLING_QUALITY_BELOW_FULL_LOOKAHEAD,15,15,1,0,0,0,False,26873,754226,4669226,,True,,,707,143,564,672,35,0,False,0,"[{""committed_round_count"": 3, ""fallback_used"": false, ""heuristic_candidate_pruning_used"": false, ""pruned_hard_compatible_pair_count"": 0, ""solver_status"": ""OPTIMAL"", ""strategy_used"": ""BASELINE_DECOMPOSED""}, {""committed_round_count"": 5, ""fallback_used"": false, ""heuristic_candidate_pruning_used"": false, ""pruned_hard_compatible_pair_count"": 0, ""solver_status"": ""FEASIBLE"", ""strategy_used"": ""BASELINE_DECOMPOSED""}, {""committed_round_count"": 2, ""fallback_used"": false, ""heuristic_candidate_pruning_used"": false, ""pruned_hard_compatible_pair_count"": 0, ""solver_status"": ""FEASIBLE"", ""strategy_used"": ""BASELINE_DECOMPOSED""}, {""committed_round_count"": 5, ""fallback_used"": false, ""heuristic_candidate_pruning_used"": false, ""pruned_hard_compatible_pair_count"": 0, ""solver_status"": ""OPTIMAL"", ""strategy_used"": ""BASELINE_DECOMPOSED""}]","[""COVERED_AREA_COUNT_BELOW_FULL_LOOKAHEAD""]","{""boundary_zero_service_rate"": null, ""covered_areas"": 10, ""late_horizon_zero_service_rate"": 0.6428571428571429, ""minimum_coverage_met"": false, ""non_boundary_zero_service_rate"": 0.375, ""service_rounds"": 15, ""underserved_points_covered"": 0}",,,,,,0.03,SYNTHETIC_GENERATOR_AND_SYNTHETIC_ROAD_EDGES
normal-16-3-seed20277032,NORMAL,S3_ROLLING_HORIZON_7_21,16,3,,"{""commit_window_days"": 7, ""lookahead_days"": 21, ""planning_window_days"": 28}",2,20277032,97c5d595af0f438ff498eaa33ab42e0f4750ccb9938c09644d2fedd7253ccaa8,6221.9,11.89,4738.53,0.0,0.0,7.58,4772.92,4505,6936,292,0,OPTIMAL,True,BASELINE_FALLBACK,True,ROLLING_QUALITY_BELOW_FULL_LOOKAHEAD,15,15,1,0,0,0,False,26873,754226,4669226,,True,,,707,143,564,672,35,0,False,0,"[{""committed_round_count"": 3, ""fallback_used"": false, ""heuristic_candidate_pruning_used"": false, ""pruned_hard_compatible_pair_count"": 0, ""solver_status"": ""OPTIMAL"", ""strategy_used"": ""BASELINE_DECOMPOSED""}, {""committed_round_count"": 5, ""fallback_used"": false, ""heuristic_candidate_pruning_used"": false, ""pruned_hard_compatible_pair_count"": 0, ""solver_status"": ""FEASIBLE"", ""strategy_used"": ""BASELINE_DECOMPOSED""}, {""committed_round_count"": 2, ""fallback_used"": false, ""heuristic_candidate_pruning_used"": false, ""pruned_hard_compatible_pair_count"": 0, ""solver_status"": ""FEASIBLE"", ""strategy_used"": ""BASELINE_DECOMPOSED""}, {""committed_round_count"": 5, ""fallback_used"": false, ""heuristic_candidate_pruning_used"": false, ""pruned_hard_compatible_pair_count"": 0, ""solver_status"": ""OPTIMAL"", ""strategy_used"": ""BASELINE_DECOMPOSED""}]","[""COVERED_AREA_COUNT_BELOW_FULL_LOOKAHEAD""]","{""boundary_zero_service_rate"": null, ""covered_areas"": 10, ""late_horizon_zero_service_rate"": 0.6428571428571429, ""minimum_coverage_met"": false, ""non_boundary_zero_service_rate"": 0.375, ""service_rounds"": 15, ""underserved_points_covered"": 0}",,,,,,0.01,SYNTHETIC_GENERATOR_AND_SYNTHETIC_ROAD_EDGES
normal-16-3-seed20277032,NORMAL,S3_ROLLING_HORIZON_7_21,16,3,,"{""commit_window_days"": 7, ""lookahead_days"": 21, ""planning_window_days"": 28}",3,20277032,97c5d595af0f438ff498eaa33ab42e0f4750ccb9938c09644d2fedd7253ccaa8,6232.16,11.95,4743.76,0.0,0.0,7.12,4777.64,4505,6936,292,0,OPTIMAL,True,BASELINE_FALLBACK,True,ROLLING_QUALITY_BELOW_FULL_LOOKAHEAD,15,15,1,0,0,0,False,26873,754226,4669226,,True,,,707,143,564,672,35,0,False,0,"[{""committed_round_count"": 3, ""fallback_used"": false, ""heuristic_candidate_pruning_used"": false, ""pruned_hard_compatible_pair_count"": 0, ""solver_status"": ""OPTIMAL"", ""strategy_used"": ""BASELINE_DECOMPOSED""}, {""committed_round_count"": 5, ""fallback_used"": false, ""heuristic_candidate_pruning_used"": false, ""pruned_hard_compatible_pair_count"": 0, ""solver_status"": ""FEASIBLE"", ""strategy_used"": ""BASELINE_DECOMPOSED""}, {""committed_round_count"": 2, ""fallback_used"": false, ""heuristic_candidate_pruning_used"": false, ""pruned_hard_compatible_pair_count"": 0, ""solver_status"": ""FEASIBLE"", ""strategy_used"": ""BASELINE_DECOMPOSED""}, {""committed_round_count"": 5, ""fallback_used"": false, ""heuristic_candidate_pruning_used"": false, ""pruned_hard_compatible_pair_count"": 0, ""solver_status"": ""OPTIMAL"", ""strategy_used"": ""BASELINE_DECOMPOSED""}]","[""COVERED_AREA_COUNT_BELOW_FULL_LOOKAHEAD""]","{""boundary_zero_service_rate"": null, ""covered_areas"": 10, ""late_horizon_zero_service_rate"": 0.6428571428571429, ""minimum_coverage_met"": false, ""non_boundary_zero_service_rate"": 0.375, ""service_rounds"": 15, ""underserved_points_covered"": 0}",,,,,,0.01,SYNTHETIC_GENERATOR_AND_SYNTHETIC_ROAD_EDGES
normal-16-3-seed20277032,NORMAL,S4_GEOGRAPHIC_ROLLING_7_21,16,3,1,"{""commit_window_days"": 7, ""lookahead_days"": 21, ""planning_window_days"": 28}",1,20277032,97c5d595af0f438ff498eaa33ab42e0f4750ccb9938c09644d2fedd7253ccaa8,4990.47,26.41,13368.88,5891.63,0.0,11.25,14430.49,8164,12530,292,0,OPTIMAL,True,BASELINE_FALLBACK,True,ROLLING_QUALITY_BELOW_FULL_LOOKAHEAD,15,15,1,0,0,0,False,26873,754226,4669226,,True,,,1289,167,1122,1234,55,0,False,0,"[{""committed_round_count"": 2, ""fallback_used"": false, ""heuristic_candidate_pruning_used"": false, ""pruned_hard_compatible_pair_count"": 0, ""solver_status"": ""TIME_LIMIT"", ""strategy_used"": ""GEOGRAPHIC_CLUSTER""}, {""committed_round_count"": 3, ""fallback_used"": false, ""heuristic_candidate_pruning_used"": false, ""pruned_hard_compatible_pair_count"": 0, ""solver_status"": ""TIME_LIMIT"", ""strategy_used"": ""GEOGRAPHIC_CLUSTER""}, {""committed_round_count"": 4, ""fallback_used"": false, ""heuristic_candidate_pruning_used"": false, ""pruned_hard_compatible_pair_count"": 0, ""solver_status"": ""TIME_LIMIT"", ""strategy_used"": ""GEOGRAPHIC_CLUSTER""}, {""committed_round_count"": 5, ""fallback_used"": false, ""heuristic_candidate_pruning_used"": false, ""pruned_hard_compatible_pair_count"": 0, ""solver_status"": ""FEASIBLE"", ""strategy_used"": ""GEOGRAPHIC_CLUSTER""}]","[""COVERED_AREA_COUNT_BELOW_FULL_LOOKAHEAD""]","{""boundary_zero_service_rate"": null, ""covered_areas"": 12, ""late_horizon_zero_service_rate"": 0.6153846153846154, ""minimum_coverage_met"": false, ""non_boundary_zero_service_rate"": 0.25, ""service_rounds"": 14, ""underserved_points_covered"": 0}",,,,,,1759.72,SYNTHETIC_GENERATOR_AND_SYNTHETIC_ROAD_EDGES
normal-16-3-seed20277032,NORMAL,S4_GEOGRAPHIC_ROLLING_7_21,16,3,1,"{""commit_window_days"": 7, ""lookahead_days"": 21, ""planning_window_days"": 28}",2,20277032,97c5d595af0f438ff498eaa33ab42e0f4750ccb9938c09644d2fedd7253ccaa8,5041.61,26.99,13346.41,5936.23,0.0,11.57,14458.41,8164,12530,292,0,OPTIMAL,True,BASELINE_FALLBACK,True,ROLLING_QUALITY_BELOW_FULL_LOOKAHEAD,15,15,1,0,0,0,False,26873,754226,4669226,,True,,,1289,167,1122,1234,55,0,False,0,"[{""committed_round_count"": 2, ""fallback_used"": false, ""heuristic_candidate_pruning_used"": false, ""pruned_hard_compatible_pair_count"": 0, ""solver_status"": ""TIME_LIMIT"", ""strategy_used"": ""GEOGRAPHIC_CLUSTER""}, {""committed_round_count"": 3, ""fallback_used"": false, ""heuristic_candidate_pruning_used"": false, ""pruned_hard_compatible_pair_count"": 0, ""solver_status"": ""TIME_LIMIT"", ""strategy_used"": ""GEOGRAPHIC_CLUSTER""}, {""committed_round_count"": 4, ""fallback_used"": false, ""heuristic_candidate_pruning_used"": false, ""pruned_hard_compatible_pair_count"": 0, ""solver_status"": ""TIME_LIMIT"", ""strategy_used"": ""GEOGRAPHIC_CLUSTER""}, {""committed_round_count"": 5, ""fallback_used"": false, ""heuristic_candidate_pruning_used"": false, ""pruned_hard_compatible_pair_count"": 0, ""solver_status"": ""FEASIBLE"", ""strategy_used"": ""GEOGRAPHIC_CLUSTER""}]","[""COVERED_AREA_COUNT_BELOW_FULL_LOOKAHEAD""]","{""boundary_zero_service_rate"": null, ""covered_areas"": 12, ""late_horizon_zero_service_rate"": 0.6153846153846154, ""minimum_coverage_met"": false, ""non_boundary_zero_service_rate"": 0.25, ""service_rounds"": 14, ""underserved_points_covered"": 0}",,,,,,1753.5,SYNTHETIC_GENERATOR_AND_SYNTHETIC_ROAD_EDGES
normal-16-3-seed20277032,NORMAL,S4_GEOGRAPHIC_ROLLING_7_21,16,3,1,"{""commit_window_days"": 7, ""lookahead_days"": 21, ""planning_window_days"": 28}",3,20277032,97c5d595af0f438ff498eaa33ab42e0f4750ccb9938c09644d2fedd7253ccaa8,5007.4,38.94,13364.56,5878.36,0.0,10.62,14432.22,8164,12530,292,0,OPTIMAL,True,BASELINE_FALLBACK,True,ROLLING_QUALITY_BELOW_FULL_LOOKAHEAD,15,15,1,0,0,0,False,26873,754226,4669226,,True,,,1289,167,1122,1234,55,0,False,0,"[{""committed_round_count"": 2, ""fallback_used"": false, ""heuristic_candidate_pruning_used"": false, ""pruned_hard_compatible_pair_count"": 0, ""solver_status"": ""TIME_LIMIT"", ""strategy_used"": ""GEOGRAPHIC_CLUSTER""}, {""committed_round_count"": 3, ""fallback_used"": false, ""heuristic_candidate_pruning_used"": false, ""pruned_hard_compatible_pair_count"": 0, ""solver_status"": ""TIME_LIMIT"", ""strategy_used"": ""GEOGRAPHIC_CLUSTER""}, {""committed_round_count"": 4, ""fallback_used"": false, ""heuristic_candidate_pruning_used"": false, ""pruned_hard_compatible_pair_count"": 0, ""solver_status"": ""TIME_LIMIT"", ""strategy_used"": ""GEOGRAPHIC_CLUSTER""}, {""committed_round_count"": 5, ""fallback_used"": false, ""heuristic_candidate_pruning_used"": false, ""pruned_hard_compatible_pair_count"": 0, ""solver_status"": ""FEASIBLE"", ""strategy_used"": ""GEOGRAPHIC_CLUSTER""}]","[""COVERED_AREA_COUNT_BELOW_FULL_LOOKAHEAD""]","{""boundary_zero_service_rate"": null, ""covered_areas"": 12, ""late_horizon_zero_service_rate"": 0.6153846153846154, ""minimum_coverage_met"": false, ""non_boundary_zero_service_rate"": 0.25, ""service_rounds"": 14, ""underserved_points_covered"": 0}",,,,,,1762.81,SYNTHETIC_GENERATOR_AND_SYNTHETIC_ROAD_EDGES
tight_budget-16-3-seed20277033,TIGHT_BUDGET,S0_MONOLITHIC,16,3,,FULL_MONTH,1,20277033,8d7efdbde497cd76d4ad68f5c19afaaf4322e0988899490e3f9f1a9925d38ff6,81.23,3.22,1895.47,0.0,0.0,0.0,1979.03,6217,8952,300,3520,UNKNOWN,False,BASELINE_MONOLITHIC,False,,0,0,16,,,,False,0,0,0,,True,,,3584,304,3280,3584,0,0,False,0,[],[],,,,,,,0.0,SYNTHETIC_GENERATOR_AND_SYNTHETIC_ROAD_EDGES
tight_budget-16-3-seed20277033,TIGHT_BUDGET,S0_MONOLITHIC,16,3,,FULL_MONTH,2,20277033,8d7efdbde497cd76d4ad68f5c19afaaf4322e0988899490e3f9f1a9925d38ff6,77.53,3.37,1892.7,0.0,0.0,0.0,1972.46,6217,8952,300,3520,UNKNOWN,False,BASELINE_MONOLITHIC,False,,0,0,16,,,,False,0,0,0,,True,,,3584,304,3280,3584,0,0,False,0,[],[],,,,,,,0.0,SYNTHETIC_GENERATOR_AND_SYNTHETIC_ROAD_EDGES
tight_budget-16-3-seed20277033,TIGHT_BUDGET,S0_MONOLITHIC,16,3,,FULL_MONTH,3,20277033,8d7efdbde497cd76d4ad68f5c19afaaf4322e0988899490e3f9f1a9925d38ff6,80.7,3.42,1889.41,0.0,0.0,0.0,1972.85,6217,8952,300,3520,UNKNOWN,False,BASELINE_MONOLITHIC,False,,0,0,16,,,,False,0,0,0,,True,,,3584,304,3280,3584,0,0,False,0,[],[],,,,,,,0.0,SYNTHETIC_GENERATOR_AND_SYNTHETIC_ROAD_EDGES
tight_budget-16-3-seed20277033,TIGHT_BUDGET,S1_V5_BASELINE,16,3,,FULL_MONTH,1,20277033,8d7efdbde497cd76d4ad68f5c19afaaf4322e0988899490e3f9f1a9925d38ff6,934.41,6.95,936.01,0.0,0.0,3.57,2744.18,573,890,300,0,OPTIMAL,True,BASELINE_DECOMPOSED,False,,4,4,12,0,0,0,False,8108,227557,1227557,,True,,,267,119,148,248,19,0,False,0,[],[],,,,,,,1798.45,SYNTHETIC_GENERATOR_AND_SYNTHETIC_ROAD_EDGES
tight_budget-16-3-seed20277033,TIGHT_BUDGET,S1_V5_BASELINE,16,3,,FULL_MONTH,2,20277033,8d7efdbde497cd76d4ad68f5c19afaaf4322e0988899490e3f9f1a9925d38ff6,931.81,6.74,933.49,0.0,0.0,3.47,2743.61,573,890,300,0,OPTIMAL,True,BASELINE_DECOMPOSED,False,,4,4,12,0,0,0,False,8108,227557,1227557,,True,,,267,119,148,248,19,0,False,0,[],[],,,,,,,1800.34,SYNTHETIC_GENERATOR_AND_SYNTHETIC_ROAD_EDGES
tight_budget-16-3-seed20277033,TIGHT_BUDGET,S1_V5_BASELINE,16,3,,FULL_MONTH,3,20277033,8d7efdbde497cd76d4ad68f5c19afaaf4322e0988899490e3f9f1a9925d38ff6,938.42,6.72,939.81,0.0,0.0,3.57,2754.49,573,890,300,0,OPTIMAL,True,BASELINE_DECOMPOSED,False,,4,4,12,0,0,0,False,8108,227557,1227557,,True,,,267,119,148,248,19,0,False,0,[],[],,,,,,,1804.66,SYNTHETIC_GENERATOR_AND_SYNTHETIC_ROAD_EDGES
tight_budget-16-3-seed20277033,TIGHT_BUDGET,S2_GEOGRAPHIC_CLUSTER,16,3,1,FULL_MONTH,1,20277033,8d7efdbde497cd76d4ad68f5c19afaaf4322e0988899490e3f9f1a9925d38ff6,14.52,10.76,46.22,293.12,0.0,3.47,2127.21,1146,1772,300,0,FEASIBLE,False,GEOGRAPHIC_CLUSTER,False,,4,4,12,0,0,0,False,8051,225942,1225942,,True,,"{""budget"": true, ""minimum_coverage_reported_truthfully"": true, ""provider_capacity"": true, ""provider_monthly_compensation"": true, ""route_feasibility"": true, ""schedule_overlap_and_daily_hours"": true, ""service_compatibility"": true}",348,121,227,330,18,0,False,0,[],[],,,,,0.0,0.75,1797.0,SYNTHETIC_GENERATOR_AND_SYNTHETIC_ROAD_EDGES
tight_budget-16-3-seed20277033,TIGHT_BUDGET,S2_GEOGRAPHIC_CLUSTER,16,3,1,FULL_MONTH,2,20277033,8d7efdbde497cd76d4ad68f5c19afaaf4322e0988899490e3f9f1a9925d38ff6,14.38,11.75,44.14,292.14,0.0,3.3,2128.58,1146,1772,300,0,FEASIBLE,False,GEOGRAPHIC_CLUSTER,False,,4,4,12,0,0,0,False,8051,225942,1225942,,True,,"{""budget"": true, ""minimum_coverage_reported_truthfully"": true, ""provider_capacity"": true, ""provider_monthly_compensation"": true, ""route_feasibility"": true, ""schedule_overlap_and_daily_hours"": true, ""service_compatibility"": true}",348,121,227,330,18,0,False,0,[],[],,,,,0.0,0.75,1800.82,SYNTHETIC_GENERATOR_AND_SYNTHETIC_ROAD_EDGES
tight_budget-16-3-seed20277033,TIGHT_BUDGET,S2_GEOGRAPHIC_CLUSTER,16,3,1,FULL_MONTH,3,20277033,8d7efdbde497cd76d4ad68f5c19afaaf4322e0988899490e3f9f1a9925d38ff6,13.78,10.4,45.42,297.38,0.0,3.68,2131.45,1146,1772,300,0,FEASIBLE,False,GEOGRAPHIC_CLUSTER,False,,4,4,12,0,0,0,False,8051,225942,1225942,,True,,"{""budget"": true, ""minimum_coverage_reported_truthfully"": true, ""provider_capacity"": true, ""provider_monthly_compensation"": true, ""route_feasibility"": true, ""schedule_overlap_and_daily_hours"": true, ""service_compatibility"": true}",348,121,227,330,18,0,False,0,[],[],,,,,0.0,0.75,1797.86,SYNTHETIC_GENERATOR_AND_SYNTHETIC_ROAD_EDGES
tight_budget-16-3-seed20277033,TIGHT_BUDGET,S3_ROLLING_HORIZON_7_21,16,3,,"{""commit_window_days"": 7, ""lookahead_days"": 21, ""planning_window_days"": 28}",1,20277033,8d7efdbde497cd76d4ad68f5c19afaaf4322e0988899490e3f9f1a9925d38ff6,2841.85,12.21,1899.61,0.0,0.0,1.73,1945.55,4599,6871,300,0,OPTIMAL,True,BASELINE_FALLBACK,True,ROLLING_QUALITY_BELOW_FULL_LOOKAHEAD,4,4,12,0,0,0,False,8108,227557,1227557,,True,,,388,78,310,380,8,0,False,0,"[{""committed_round_count"": 1, ""fallback_used"": false, ""heuristic_candidate_pruning_used"": false, ""pruned_hard_compatible_pair_count"": 0, ""solver_status"": ""OPTIMAL"", ""strategy_used"": ""BASELINE_DECOMPOSED""}, {""committed_round_count"": 0, ""fallback_used"": false, ""heuristic_candidate_pruning_used"": false, ""pruned_hard_compatible_pair_count"": 0, ""solver_status"": ""OPTIMAL"", ""strategy_used"": ""BASELINE_DECOMPOSED""}, {""committed_round_count"": 0, ""fallback_used"": false, ""heuristic_candidate_pruning_used"": false, ""pruned_hard_compatible_pair_count"": 0, ""solver_status"": ""OPTIMAL"", ""strategy_used"": ""BASELINE_DECOMPOSED""}, {""committed_round_count"": 0, ""fallback_used"": false, ""heuristic_candidate_pruning_used"": false, ""pruned_hard_compatible_pair_count"": 0, ""solver_status"": ""OPTIMAL"", ""strategy_used"": ""BASELINE_DECOMPOSED""}]","[""COVERED_AREA_COUNT_BELOW_FULL_LOOKAHEAD"", ""SERVICE_ROUNDS_BELOW_FULL_LOOKAHEAD_BY_OVER_10_PERCENT""]","{""boundary_zero_service_rate"": null, ""covered_areas"": 1, ""late_horizon_zero_service_rate"": 1.0, ""minimum_coverage_met"": false, ""non_boundary_zero_service_rate"": 0.9375, ""service_rounds"": 1, ""underserved_points_covered"": 0}",,,,,,0.01,SYNTHETIC_GENERATOR_AND_SYNTHETIC_ROAD_EDGES
tight_budget-16-3-seed20277033,TIGHT_BUDGET,S3_ROLLING_HORIZON_7_21,16,3,,"{""commit_window_days"": 7, ""lookahead_days"": 21, ""planning_window_days"": 28}",2,20277033,8d7efdbde497cd76d4ad68f5c19afaaf4322e0988899490e3f9f1a9925d38ff6,2849.07,12.12,1910.25,0.0,0.0,1.91,1957.22,4599,6871,300,0,OPTIMAL,True,BASELINE_FALLBACK,True,ROLLING_QUALITY_BELOW_FULL_LOOKAHEAD,4,4,12,0,0,0,False,8108,227557,1227557,,True,,,388,78,310,380,8,0,False,0,"[{""committed_round_count"": 1, ""fallback_used"": false, ""heuristic_candidate_pruning_used"": false, ""pruned_hard_compatible_pair_count"": 0, ""solver_status"": ""OPTIMAL"", ""strategy_used"": ""BASELINE_DECOMPOSED""}, {""committed_round_count"": 0, ""fallback_used"": false, ""heuristic_candidate_pruning_used"": false, ""pruned_hard_compatible_pair_count"": 0, ""solver_status"": ""OPTIMAL"", ""strategy_used"": ""BASELINE_DECOMPOSED""}, {""committed_round_count"": 0, ""fallback_used"": false, ""heuristic_candidate_pruning_used"": false, ""pruned_hard_compatible_pair_count"": 0, ""solver_status"": ""OPTIMAL"", ""strategy_used"": ""BASELINE_DECOMPOSED""}, {""committed_round_count"": 0, ""fallback_used"": false, ""heuristic_candidate_pruning_used"": false, ""pruned_hard_compatible_pair_count"": 0, ""solver_status"": ""OPTIMAL"", ""strategy_used"": ""BASELINE_DECOMPOSED""}]","[""COVERED_AREA_COUNT_BELOW_FULL_LOOKAHEAD"", ""SERVICE_ROUNDS_BELOW_FULL_LOOKAHEAD_BY_OVER_10_PERCENT""]","{""boundary_zero_service_rate"": null, ""covered_areas"": 1, ""late_horizon_zero_service_rate"": 1.0, ""minimum_coverage_met"": false, ""non_boundary_zero_service_rate"": 0.9375, ""service_rounds"": 1, ""underserved_points_covered"": 0}",,,,,,0.01,SYNTHETIC_GENERATOR_AND_SYNTHETIC_ROAD_EDGES
tight_budget-16-3-seed20277033,TIGHT_BUDGET,S3_ROLLING_HORIZON_7_21,16,3,,"{""commit_window_days"": 7, ""lookahead_days"": 21, ""planning_window_days"": 28}",3,20277033,8d7efdbde497cd76d4ad68f5c19afaaf4322e0988899490e3f9f1a9925d38ff6,2843.48,12.38,1899.23,0.0,0.0,1.86,1945.81,4599,6871,300,0,OPTIMAL,True,BASELINE_FALLBACK,True,ROLLING_QUALITY_BELOW_FULL_LOOKAHEAD,4,4,12,0,0,0,False,8108,227557,1227557,,True,,,388,78,310,380,8,0,False,0,"[{""committed_round_count"": 1, ""fallback_used"": false, ""heuristic_candidate_pruning_used"": false, ""pruned_hard_compatible_pair_count"": 0, ""solver_status"": ""OPTIMAL"", ""strategy_used"": ""BASELINE_DECOMPOSED""}, {""committed_round_count"": 0, ""fallback_used"": false, ""heuristic_candidate_pruning_used"": false, ""pruned_hard_compatible_pair_count"": 0, ""solver_status"": ""OPTIMAL"", ""strategy_used"": ""BASELINE_DECOMPOSED""}, {""committed_round_count"": 0, ""fallback_used"": false, ""heuristic_candidate_pruning_used"": false, ""pruned_hard_compatible_pair_count"": 0, ""solver_status"": ""OPTIMAL"", ""strategy_used"": ""BASELINE_DECOMPOSED""}, {""committed_round_count"": 0, ""fallback_used"": false, ""heuristic_candidate_pruning_used"": false, ""pruned_hard_compatible_pair_count"": 0, ""solver_status"": ""OPTIMAL"", ""strategy_used"": ""BASELINE_DECOMPOSED""}]","[""COVERED_AREA_COUNT_BELOW_FULL_LOOKAHEAD"", ""SERVICE_ROUNDS_BELOW_FULL_LOOKAHEAD_BY_OVER_10_PERCENT""]","{""boundary_zero_service_rate"": null, ""covered_areas"": 1, ""late_horizon_zero_service_rate"": 1.0, ""minimum_coverage_met"": false, ""non_boundary_zero_service_rate"": 0.9375, ""service_rounds"": 1, ""underserved_points_covered"": 0}",,,,,,0.01,SYNTHETIC_GENERATOR_AND_SYNTHETIC_ROAD_EDGES
tight_budget-16-3-seed20277033,TIGHT_BUDGET,S4_GEOGRAPHIC_ROLLING_7_21,16,3,1,"{""commit_window_days"": 7, ""lookahead_days"": 21, ""planning_window_days"": 28}",1,20277033,8d7efdbde497cd76d4ad68f5c19afaaf4322e0988899490e3f9f1a9925d38ff6,2887.8,29.09,94.14,2188.76,0.0,5.28,4112.17,9051,13506,300,0,OPTIMAL,True,BASELINE_FALLBACK,True,ROLLING_QUALITY_BELOW_FULL_LOOKAHEAD,4,4,12,0,0,0,False,8108,227557,1227557,,True,,,892,121,771,866,26,0,False,0,"[{""committed_round_count"": 2, ""fallback_used"": false, ""heuristic_candidate_pruning_used"": false, ""pruned_hard_compatible_pair_count"": 0, ""solver_status"": ""FEASIBLE"", ""strategy_used"": ""GEOGRAPHIC_CLUSTER""}, {""committed_round_count"": 0, ""fallback_used"": true, ""heuristic_candidate_pruning_used"": false, ""pruned_hard_compatible_pair_count"": 0, ""solver_status"": ""OPTIMAL"", ""strategy_used"": ""BASELINE_FALLBACK""}, {""committed_round_count"": 0, ""fallback_used"": true, ""heuristic_candidate_pruning_used"": false, ""pruned_hard_compatible_pair_count"": 0, ""solver_status"": ""OPTIMAL"", ""strategy_used"": ""BASELINE_FALLBACK""}, {""committed_round_count"": 0, ""fallback_used"": true, ""heuristic_candidate_pruning_used"": false, ""pruned_hard_compatible_pair_count"": 0, ""solver_status"": ""OPTIMAL"", ""strategy_used"": ""BASELINE_FALLBACK""}]","[""COVERED_AREA_COUNT_BELOW_FULL_LOOKAHEAD"", ""SERVICE_ROUNDS_BELOW_FULL_LOOKAHEAD_BY_OVER_10_PERCENT""]","{""boundary_zero_service_rate"": null, ""covered_areas"": 2, ""late_horizon_zero_service_rate"": 1.0, ""minimum_coverage_met"": false, ""non_boundary_zero_service_rate"": 0.875, ""service_rounds"": 2, ""underserved_points_covered"": 0}",,,,,,1797.91,SYNTHETIC_GENERATOR_AND_SYNTHETIC_ROAD_EDGES
tight_budget-16-3-seed20277033,TIGHT_BUDGET,S4_GEOGRAPHIC_ROLLING_7_21,16,3,1,"{""commit_window_days"": 7, ""lookahead_days"": 21, ""planning_window_days"": 28}",2,20277033,8d7efdbde497cd76d4ad68f5c19afaaf4322e0988899490e3f9f1a9925d38ff6,2899.7,28.73,91.73,2180.58,0.0,5.73,4092.14,9051,13506,300,0,OPTIMAL,True,BASELINE_FALLBACK,True,ROLLING_QUALITY_BELOW_FULL_LOOKAHEAD,4,4,12,0,0,0,False,8108,227557,1227557,,True,,,892,121,771,866,26,0,False,0,"[{""committed_round_count"": 2, ""fallback_used"": false, ""heuristic_candidate_pruning_used"": false, ""pruned_hard_compatible_pair_count"": 0, ""solver_status"": ""FEASIBLE"", ""strategy_used"": ""GEOGRAPHIC_CLUSTER""}, {""committed_round_count"": 0, ""fallback_used"": true, ""heuristic_candidate_pruning_used"": false, ""pruned_hard_compatible_pair_count"": 0, ""solver_status"": ""OPTIMAL"", ""strategy_used"": ""BASELINE_FALLBACK""}, {""committed_round_count"": 0, ""fallback_used"": true, ""heuristic_candidate_pruning_used"": false, ""pruned_hard_compatible_pair_count"": 0, ""solver_status"": ""OPTIMAL"", ""strategy_used"": ""BASELINE_FALLBACK""}, {""committed_round_count"": 0, ""fallback_used"": true, ""heuristic_candidate_pruning_used"": false, ""pruned_hard_compatible_pair_count"": 0, ""solver_status"": ""OPTIMAL"", ""strategy_used"": ""BASELINE_FALLBACK""}]","[""COVERED_AREA_COUNT_BELOW_FULL_LOOKAHEAD"", ""SERVICE_ROUNDS_BELOW_FULL_LOOKAHEAD_BY_OVER_10_PERCENT""]","{""boundary_zero_service_rate"": null, ""covered_areas"": 2, ""late_horizon_zero_service_rate"": 1.0, ""minimum_coverage_met"": false, ""non_boundary_zero_service_rate"": 0.875, ""service_rounds"": 2, ""underserved_points_covered"": 0}",,,,,,1788.57,SYNTHETIC_GENERATOR_AND_SYNTHETIC_ROAD_EDGES
tight_budget-16-3-seed20277033,TIGHT_BUDGET,S4_GEOGRAPHIC_ROLLING_7_21,16,3,1,"{""commit_window_days"": 7, ""lookahead_days"": 21, ""planning_window_days"": 28}",3,20277033,8d7efdbde497cd76d4ad68f5c19afaaf4322e0988899490e3f9f1a9925d38ff6,2905.19,28.18,91.77,2186.42,0.0,5.16,4104.75,9051,13506,300,0,OPTIMAL,True,BASELINE_FALLBACK,True,ROLLING_QUALITY_BELOW_FULL_LOOKAHEAD,4,4,12,0,0,0,False,8108,227557,1227557,,True,,,892,121,771,866,26,0,False,0,"[{""committed_round_count"": 2, ""fallback_used"": false, ""heuristic_candidate_pruning_used"": false, ""pruned_hard_compatible_pair_count"": 0, ""solver_status"": ""FEASIBLE"", ""strategy_used"": ""GEOGRAPHIC_CLUSTER""}, {""committed_round_count"": 0, ""fallback_used"": true, ""heuristic_candidate_pruning_used"": false, ""pruned_hard_compatible_pair_count"": 0, ""solver_status"": ""OPTIMAL"", ""strategy_used"": ""BASELINE_FALLBACK""}, {""committed_round_count"": 0, ""fallback_used"": true, ""heuristic_candidate_pruning_used"": false, ""pruned_hard_compatible_pair_count"": 0, ""solver_status"": ""OPTIMAL"", ""strategy_used"": ""BASELINE_FALLBACK""}, {""committed_round_count"": 0, ""fallback_used"": true, ""heuristic_candidate_pruning_used"": false, ""pruned_hard_compatible_pair_count"": 0, ""solver_status"": ""OPTIMAL"", ""strategy_used"": ""BASELINE_FALLBACK""}]","[""COVERED_AREA_COUNT_BELOW_FULL_LOOKAHEAD"", ""SERVICE_ROUNDS_BELOW_FULL_LOOKAHEAD_BY_OVER_10_PERCENT""]","{""boundary_zero_service_rate"": null, ""covered_areas"": 2, ""late_horizon_zero_service_rate"": 1.0, ""minimum_coverage_met"": false, ""non_boundary_zero_service_rate"": 0.875, ""service_rounds"": 2, ""underserved_points_covered"": 0}",,,,,,1791.66,SYNTHETIC_GENERATOR_AND_SYNTHETIC_ROAD_EDGES
provider_shortage-16-3-seed20277034,PROVIDER_SHORTAGE,S0_MONOLITHIC,16,3,,FULL_MONTH,1,20277034,5065282cdf2f3d033ce02690f089349d1370509bed5ec9671848f5e891088d3b,79.57,7.05,2500.85,0.0,0.0,4.3,5174.21,6217,8952,300,3520,TIME_LIMIT,False,BASELINE_MONOLITHIC,False,,13,13,3,0,0,0,False,27697,777278,4777278,,True,,,7306,323,6983,7276,30,0,False,0,[],[],,,,,,,2588.64,SYNTHETIC_GENERATOR_AND_SYNTHETIC_ROAD_EDGES
provider_shortage-16-3-seed20277034,PROVIDER_SHORTAGE,S0_MONOLITHIC,16,3,,FULL_MONTH,2,20277034,5065282cdf2f3d033ce02690f089349d1370509bed5ec9671848f5e891088d3b,80.6,6.75,2500.59,0.0,0.0,4.18,5175.43,6217,8952,300,3520,TIME_LIMIT,False,BASELINE_MONOLITHIC,False,,13,13,3,0,0,0,False,27697,777278,4777278,,True,,,7306,323,6983,7276,30,0,False,0,[],[],,,,,,,2588.73,SYNTHETIC_GENERATOR_AND_SYNTHETIC_ROAD_EDGES
provider_shortage-16-3-seed20277034,PROVIDER_SHORTAGE,S0_MONOLITHIC,16,3,,FULL_MONTH,3,20277034,5065282cdf2f3d033ce02690f089349d1370509bed5ec9671848f5e891088d3b,80.09,7.68,2500.71,0.0,0.0,4.0,5171.94,6217,8952,300,3520,TIME_LIMIT,False,BASELINE_MONOLITHIC,False,,13,13,3,0,0,0,False,27697,777278,4777278,,True,,,7306,323,6983,7276,30,0,False,0,[],[],,,,,,,2585.81,SYNTHETIC_GENERATOR_AND_SYNTHETIC_ROAD_EDGES
provider_shortage-16-3-seed20277034,PROVIDER_SHORTAGE,S1_V5_BASELINE,16,3,,FULL_MONTH,1,20277034,5065282cdf2f3d033ce02690f089349d1370509bed5ec9671848f5e891088d3b,1049.41,6.7,2338.17,0.0,0.0,4.14,5016.08,1071,1662,300,0,TIME_LIMIT,False,BASELINE_DECOMPOSED,False,,12,12,4,0,0,0,False,21701,609108,4749108,,True,,,402,132,270,380,22,0,False,0,[],[],,,,,,,2649.22,SYNTHETIC_GENERATOR_AND_SYNTHETIC_ROAD_EDGES
provider_shortage-16-3-seed20277034,PROVIDER_SHORTAGE,S1_V5_BASELINE,16,3,,FULL_MONTH,2,20277034,5065282cdf2f3d033ce02690f089349d1370509bed5ec9671848f5e891088d3b,1053.43,6.78,2363.87,0.0,0.0,4.52,5045.36,1071,1662,300,0,TIME_LIMIT,False,BASELINE_DECOMPOSED,False,,12,12,4,0,0,0,False,21701,609108,4749108,,True,,,402,132,270,380,22,0,False,0,[],[],,,,,,,2652.64,SYNTHETIC_GENERATOR_AND_SYNTHETIC_ROAD_EDGES
provider_shortage-16-3-seed20277034,PROVIDER_SHORTAGE,S1_V5_BASELINE,16,3,,FULL_MONTH,3,20277034,5065282cdf2f3d033ce02690f089349d1370509bed5ec9671848f5e891088d3b,1054.68,7.03,2340.91,0.0,0.0,3.99,5019.14,1071,1662,300,0,TIME_LIMIT,False,BASELINE_DECOMPOSED,False,,12,12,4,0,0,0,False,21701,609108,4749108,,True,,,402,132,270,380,22,0,False,0,[],[],,,,,,,2648.76,SYNTHETIC_GENERATOR_AND_SYNTHETIC_ROAD_EDGES
provider_shortage-16-3-seed20277034,PROVIDER_SHORTAGE,S2_GEOGRAPHIC_CLUSTER,16,3,1,FULL_MONTH,1,20277034,5065282cdf2f3d033ce02690f089349d1370509bed5ec9671848f5e891088d3b,25.08,10.41,4129.64,482.04,0.0,5.58,5217.92,2142,3294,300,0,TIME_LIMIT,False,GEOGRAPHIC_CLUSTER,False,,12,12,4,0,0,0,False,21295,597687,4677687,,True,,"{""budget"": true, ""minimum_coverage_reported_truthfully"": true, ""provider_capacity"": true, ""provider_monthly_compensation"": true, ""route_feasibility"": true, ""schedule_overlap_and_daily_hours"": true, ""service_compatibility"": true}",486,142,344,456,30,0,False,0,[],[],,,,,0.0,0.25,2649.45,SYNTHETIC_GENERATOR_AND_SYNTHETIC_ROAD_EDGES
provider_shortage-16-3-seed20277034,PROVIDER_SHORTAGE,S2_GEOGRAPHIC_CLUSTER,16,3,1,FULL_MONTH,2,20277034,5065282cdf2f3d033ce02690f089349d1370509bed5ec9671848f5e891088d3b,24.64,10.85,4121.78,511.24,0.0,4.88,5248.93,2142,3294,300,0,TIME_LIMIT,False,GEOGRAPHIC_CLUSTER,False,,12,12,4,0,0,0,False,21295,597687,4677687,,True,,"{""budget"": true, ""minimum_coverage_reported_truthfully"": true, ""provider_capacity"": true, ""provider_monthly_compensation"": true, ""route_feasibility"": true, ""schedule_overlap_and_daily_hours"": true, ""service_compatibility"": true}",486,142,344,456,30,0,False,0,[],[],,,,,0.0,0.25,2655.34,SYNTHETIC_GENERATOR_AND_SYNTHETIC_ROAD_EDGES
provider_shortage-16-3-seed20277034,PROVIDER_SHORTAGE,S2_GEOGRAPHIC_CLUSTER,16,3,1,FULL_MONTH,3,20277034,5065282cdf2f3d033ce02690f089349d1370509bed5ec9671848f5e891088d3b,23.5,10.41,4111.2,482.15,0.0,24.46,5228.26,2142,3294,300,0,TIME_LIMIT,False,GEOGRAPHIC_CLUSTER,False,,12,12,4,0,0,0,False,21295,597687,4677687,,True,,"{""budget"": true, ""minimum_coverage_reported_truthfully"": true, ""provider_capacity"": true, ""provider_monthly_compensation"": true, ""route_feasibility"": true, ""schedule_overlap_and_daily_hours"": true, ""service_compatibility"": true}",486,142,344,456,30,0,False,0,[],[],,,,,0.0,0.25,2669.73,SYNTHETIC_GENERATOR_AND_SYNTHETIC_ROAD_EDGES
provider_shortage-16-3-seed20277034,PROVIDER_SHORTAGE,S3_ROLLING_HORIZON_7_21,16,3,,"{""commit_window_days"": 7, ""lookahead_days"": 21, ""planning_window_days"": 28}",1,20277034,5065282cdf2f3d033ce02690f089349d1370509bed5ec9671848f5e891088d3b,5310.79,12.58,10084.34,0.0,0.0,6.97,8883.66,4768,7386,300,0,TIME_LIMIT,False,BASELINE_FALLBACK,True,ROLLING_QUALITY_BELOW_FULL_LOOKAHEAD,12,12,4,0,0,0,False,21701,609108,4749108,,True,,,526,112,414,492,34,0,False,0,"[{""committed_round_count"": 1, ""fallback_used"": false, ""heuristic_candidate_pruning_used"": false, ""pruned_hard_compatible_pair_count"": 0, ""solver_status"": ""TIME_LIMIT"", ""strategy_used"": ""BASELINE_DECOMPOSED""}, {""committed_round_count"": 2, ""fallback_used"": false, ""heuristic_candidate_pruning_used"": false, ""pruned_hard_compatible_pair_count"": 0, ""solver_status"": ""TIME_LIMIT"", ""strategy_used"": ""BASELINE_DECOMPOSED""}, {""committed_round_count"": 2, ""fallback_used"": false, ""heuristic_candidate_pruning_used"": false, ""pruned_hard_compatible_pair_count"": 0, ""solver_status"": ""FEASIBLE"", ""strategy_used"": ""BASELINE_DECOMPOSED""}, {""committed_round_count"": 5, ""fallback_used"": false, ""heuristic_candidate_pruning_used"": false, ""pruned_hard_compatible_pair_count"": 0, ""solver_status"": ""FEASIBLE"", ""strategy_used"": ""BASELINE_DECOMPOSED""}]","[""COVERED_AREA_COUNT_BELOW_FULL_LOOKAHEAD""]","{""boundary_zero_service_rate"": null, ""covered_areas"": 8, ""late_horizon_zero_service_rate"": 0.6666666666666666, ""minimum_coverage_met"": false, ""non_boundary_zero_service_rate"": 0.5, ""service_rounds"": 10, ""underserved_points_covered"": 0}",,,,,,0.01,SYNTHETIC_GENERATOR_AND_SYNTHETIC_ROAD_EDGES
provider_shortage-16-3-seed20277034,PROVIDER_SHORTAGE,S3_ROLLING_HORIZON_7_21,16,3,,"{""commit_window_days"": 7, ""lookahead_days"": 21, ""planning_window_days"": 28}",2,20277034,5065282cdf2f3d033ce02690f089349d1370509bed5ec9671848f5e891088d3b,5272.87,12.77,10109.4,0.0,0.0,18.98,8919.37,4768,7386,300,0,TIME_LIMIT,False,BASELINE_FALLBACK,True,ROLLING_QUALITY_BELOW_FULL_LOOKAHEAD,12,12,4,0,0,0,False,21701,609108,4749108,,True,,,526,112,414,492,34,0,False,0,"[{""committed_round_count"": 1, ""fallback_used"": false, ""heuristic_candidate_pruning_used"": false, ""pruned_hard_compatible_pair_count"": 0, ""solver_status"": ""TIME_LIMIT"", ""strategy_used"": ""BASELINE_DECOMPOSED""}, {""committed_round_count"": 2, ""fallback_used"": false, ""heuristic_candidate_pruning_used"": false, ""pruned_hard_compatible_pair_count"": 0, ""solver_status"": ""TIME_LIMIT"", ""strategy_used"": ""BASELINE_DECOMPOSED""}, {""committed_round_count"": 2, ""fallback_used"": false, ""heuristic_candidate_pruning_used"": false, ""pruned_hard_compatible_pair_count"": 0, ""solver_status"": ""FEASIBLE"", ""strategy_used"": ""BASELINE_DECOMPOSED""}, {""committed_round_count"": 5, ""fallback_used"": false, ""heuristic_candidate_pruning_used"": false, ""pruned_hard_compatible_pair_count"": 0, ""solver_status"": ""FEASIBLE"", ""strategy_used"": ""BASELINE_DECOMPOSED""}]","[""COVERED_AREA_COUNT_BELOW_FULL_LOOKAHEAD""]","{""boundary_zero_service_rate"": null, ""covered_areas"": 8, ""late_horizon_zero_service_rate"": 0.6666666666666666, ""minimum_coverage_met"": false, ""non_boundary_zero_service_rate"": 0.5, ""service_rounds"": 10, ""underserved_points_covered"": 0}",,,,,,0.01,SYNTHETIC_GENERATOR_AND_SYNTHETIC_ROAD_EDGES
provider_shortage-16-3-seed20277034,PROVIDER_SHORTAGE,S3_ROLLING_HORIZON_7_21,16,3,,"{""commit_window_days"": 7, ""lookahead_days"": 21, ""planning_window_days"": 28}",3,20277034,5065282cdf2f3d033ce02690f089349d1370509bed5ec9671848f5e891088d3b,5260.23,12.2,9882.58,0.0,0.0,6.87,8684.73,4768,7386,300,0,TIME_LIMIT,False,BASELINE_FALLBACK,True,ROLLING_QUALITY_BELOW_FULL_LOOKAHEAD,12,12,4,0,0,0,False,21701,609108,4749108,,True,,,526,112,414,492,34,0,False,0,"[{""committed_round_count"": 1, ""fallback_used"": false, ""heuristic_candidate_pruning_used"": false, ""pruned_hard_compatible_pair_count"": 0, ""solver_status"": ""TIME_LIMIT"", ""strategy_used"": ""BASELINE_DECOMPOSED""}, {""committed_round_count"": 2, ""fallback_used"": false, ""heuristic_candidate_pruning_used"": false, ""pruned_hard_compatible_pair_count"": 0, ""solver_status"": ""TIME_LIMIT"", ""strategy_used"": ""BASELINE_DECOMPOSED""}, {""committed_round_count"": 2, ""fallback_used"": false, ""heuristic_candidate_pruning_used"": false, ""pruned_hard_compatible_pair_count"": 0, ""solver_status"": ""FEASIBLE"", ""strategy_used"": ""BASELINE_DECOMPOSED""}, {""committed_round_count"": 5, ""fallback_used"": false, ""heuristic_candidate_pruning_used"": false, ""pruned_hard_compatible_pair_count"": 0, ""solver_status"": ""FEASIBLE"", ""strategy_used"": ""BASELINE_DECOMPOSED""}]","[""COVERED_AREA_COUNT_BELOW_FULL_LOOKAHEAD""]","{""boundary_zero_service_rate"": null, ""covered_areas"": 8, ""late_horizon_zero_service_rate"": 0.6666666666666666, ""minimum_coverage_met"": false, ""non_boundary_zero_service_rate"": 0.5, ""service_rounds"": 10, ""underserved_points_covered"": 0}",,,,,,0.01,SYNTHETIC_GENERATOR_AND_SYNTHETIC_ROAD_EDGES
provider_shortage-16-3-seed20277034,PROVIDER_SHORTAGE,S4_GEOGRAPHIC_ROLLING_7_21,16,3,1,"{""commit_window_days"": 7, ""lookahead_days"": 21, ""planning_window_days"": 28}",1,20277034,5065282cdf2f3d033ce02690f089349d1370509bed5ec9671848f5e891088d3b,7432.79,33.02,9267.79,6147.56,0.0,14.18,14577.17,9517,14578,300,0,TIME_LIMIT,False,BASELINE_FALLBACK,True,ROLLING_QUALITY_BELOW_FULL_LOOKAHEAD,12,12,4,0,0,0,False,21701,609108,4749108,,True,,,1370,169,1201,1300,70,0,False,0,"[{""committed_round_count"": 4, ""fallback_used"": false, ""heuristic_candidate_pruning_used"": false, ""pruned_hard_compatible_pair_count"": 0, ""solver_status"": ""TIME_LIMIT"", ""strategy_used"": ""GEOGRAPHIC_CLUSTER""}, {""committed_round_count"": 1, ""fallback_used"": true, ""heuristic_candidate_pruning_used"": false, ""pruned_hard_compatible_pair_count"": 0, ""solver_status"": ""FEASIBLE"", ""strategy_used"": ""BASELINE_FALLBACK""}, {""committed_round_count"": 2, ""fallback_used"": false, ""heuristic_candidate_pruning_used"": false, ""pruned_hard_compatible_pair_count"": 0, ""solver_status"": ""FEASIBLE"", ""strategy_used"": ""GEOGRAPHIC_CLUSTER""}, {""committed_round_count"": 5, ""fallback_used"": true, ""heuristic_candidate_pruning_used"": false, ""pruned_hard_compatible_pair_count"": 0, ""solver_status"": ""FEASIBLE"", ""strategy_used"": ""BASELINE_FALLBACK""}]","[""COVERED_AREA_COUNT_BELOW_FULL_LOOKAHEAD""]","{""boundary_zero_service_rate"": null, ""covered_areas"": 11, ""late_horizon_zero_service_rate"": 0.6428571428571429, ""minimum_coverage_met"": false, ""non_boundary_zero_service_rate"": 0.3125, ""service_rounds"": 12, ""underserved_points_covered"": 0}",,,,,,2647.6,SYNTHETIC_GENERATOR_AND_SYNTHETIC_ROAD_EDGES
provider_shortage-16-3-seed20277034,PROVIDER_SHORTAGE,S4_GEOGRAPHIC_ROLLING_7_21,16,3,1,"{""commit_window_days"": 7, ""lookahead_days"": 21, ""planning_window_days"": 28}",2,20277034,5065282cdf2f3d033ce02690f089349d1370509bed5ec9671848f5e891088d3b,7395.6,33.3,9249.83,6123.52,0.0,14.15,14535.21,9517,14578,300,0,TIME_LIMIT,False,BASELINE_FALLBACK,True,ROLLING_QUALITY_BELOW_FULL_LOOKAHEAD,12,12,4,0,0,0,False,21701,609108,4749108,,True,,,1370,169,1201,1300,70,0,False,0,"[{""committed_round_count"": 4, ""fallback_used"": false, ""heuristic_candidate_pruning_used"": false, ""pruned_hard_compatible_pair_count"": 0, ""solver_status"": ""TIME_LIMIT"", ""strategy_used"": ""GEOGRAPHIC_CLUSTER""}, {""committed_round_count"": 1, ""fallback_used"": true, ""heuristic_candidate_pruning_used"": false, ""pruned_hard_compatible_pair_count"": 0, ""solver_status"": ""FEASIBLE"", ""strategy_used"": ""BASELINE_FALLBACK""}, {""committed_round_count"": 2, ""fallback_used"": false, ""heuristic_candidate_pruning_used"": false, ""pruned_hard_compatible_pair_count"": 0, ""solver_status"": ""FEASIBLE"", ""strategy_used"": ""GEOGRAPHIC_CLUSTER""}, {""committed_round_count"": 5, ""fallback_used"": true, ""heuristic_candidate_pruning_used"": false, ""pruned_hard_compatible_pair_count"": 0, ""solver_status"": ""FEASIBLE"", ""strategy_used"": ""BASELINE_FALLBACK""}]","[""COVERED_AREA_COUNT_BELOW_FULL_LOOKAHEAD""]","{""boundary_zero_service_rate"": null, ""covered_areas"": 11, ""late_horizon_zero_service_rate"": 0.6428571428571429, ""minimum_coverage_met"": false, ""non_boundary_zero_service_rate"": 0.3125, ""service_rounds"": 12, ""underserved_points_covered"": 0}",,,,,,2647.71,SYNTHETIC_GENERATOR_AND_SYNTHETIC_ROAD_EDGES
provider_shortage-16-3-seed20277034,PROVIDER_SHORTAGE,S4_GEOGRAPHIC_ROLLING_7_21,16,3,1,"{""commit_window_days"": 7, ""lookahead_days"": 21, ""planning_window_days"": 28}",3,20277034,5065282cdf2f3d033ce02690f089349d1370509bed5ec9671848f5e891088d3b,7510.06,33.01,9258.1,6239.46,0.0,15.63,14653.6,9517,14578,300,0,TIME_LIMIT,False,BASELINE_FALLBACK,True,ROLLING_QUALITY_BELOW_FULL_LOOKAHEAD,12,12,4,0,0,0,False,21701,609108,4749108,,True,,,1370,169,1201,1300,70,0,False,0,"[{""committed_round_count"": 4, ""fallback_used"": false, ""heuristic_candidate_pruning_used"": false, ""pruned_hard_compatible_pair_count"": 0, ""solver_status"": ""TIME_LIMIT"", ""strategy_used"": ""GEOGRAPHIC_CLUSTER""}, {""committed_round_count"": 1, ""fallback_used"": true, ""heuristic_candidate_pruning_used"": false, ""pruned_hard_compatible_pair_count"": 0, ""solver_status"": ""FEASIBLE"", ""strategy_used"": ""BASELINE_FALLBACK""}, {""committed_round_count"": 2, ""fallback_used"": false, ""heuristic_candidate_pruning_used"": false, ""pruned_hard_compatible_pair_count"": 0, ""solver_status"": ""FEASIBLE"", ""strategy_used"": ""GEOGRAPHIC_CLUSTER""}, {""committed_round_count"": 5, ""fallback_used"": true, ""heuristic_candidate_pruning_used"": false, ""pruned_hard_compatible_pair_count"": 0, ""solver_status"": ""FEASIBLE"", ""strategy_used"": ""BASELINE_FALLBACK""}]","[""COVERED_AREA_COUNT_BELOW_FULL_LOOKAHEAD""]","{""boundary_zero_service_rate"": null, ""covered_areas"": 11, ""late_horizon_zero_service_rate"": 0.6428571428571429, ""minimum_coverage_met"": false, ""non_boundary_zero_service_rate"": 0.3125, ""service_rounds"": 12, ""underserved_points_covered"": 0}",,,,,,2640.5,SYNTHETIC_GENERATOR_AND_SYNTHETIC_ROAD_EDGES
remote_areas-16-3-seed20277035,REMOTE_AREAS,S0_MONOLITHIC,16,3,,FULL_MONTH,1,20277035,b958914a4009948a7a5e44c896e4762e7fc0d648461ebb962daeb466a8cc000c,44.48,7.42,2501.04,0.0,0.0,2.41,3004.7,3722,5710,208,1760,TIME_LIMIT,False,BASELINE_MONOLITHIC,False,,13,11,5,0,0,0,False,22181,622576,4467576,,True,,,5655,187,5468,5638,17,0,False,0,[],[],,,,,,,454.04,SYNTHETIC_GENERATOR_AND_SYNTHETIC_ROAD_EDGES
remote_areas-16-3-seed20277035,REMOTE_AREAS,S0_MONOLITHIC,16,3,,FULL_MONTH,2,20277035,b958914a4009948a7a5e44c896e4762e7fc0d648461ebb962daeb466a8cc000c,45.29,7.19,2500.3,0.0,0.0,2.57,3020.67,3722,5710,208,1760,TIME_LIMIT,False,BASELINE_MONOLITHIC,False,,13,11,5,0,0,0,False,22181,622576,4467576,,True,,,5655,187,5468,5638,17,0,False,0,[],[],,,,,,,469.46,SYNTHETIC_GENERATOR_AND_SYNTHETIC_ROAD_EDGES
remote_areas-16-3-seed20277035,REMOTE_AREAS,S0_MONOLITHIC,16,3,,FULL_MONTH,3,20277035,b958914a4009948a7a5e44c896e4762e7fc0d648461ebb962daeb466a8cc000c,45.98,7.69,2500.67,0.0,0.0,2.36,3012.95,3722,5710,208,1760,TIME_LIMIT,False,BASELINE_MONOLITHIC,False,,13,11,5,0,0,0,False,22181,622576,4467576,,True,,,5655,187,5468,5638,17,0,False,0,[],[],,,,,,,461.08,SYNTHETIC_GENERATOR_AND_SYNTHETIC_ROAD_EDGES
remote_areas-16-3-seed20277035,REMOTE_AREAS,S1_V5_BASELINE,16,3,,FULL_MONTH,1,20277035,b958914a4009948a7a5e44c896e4762e7fc0d648461ebb962daeb466a8cc000c,1810.49,7.94,1823.89,0.0,0.0,0.92,1914.57,825,1305,208,0,OPTIMAL,True,BASELINE_DECOMPOSED,False,,11,11,5,0,0,0,False,28733,806375,4641375,,True,,,369,93,276,366,3,0,False,0,[],[],,,,,,,78.07,SYNTHETIC_GENERATOR_AND_SYNTHETIC_ROAD_EDGES
remote_areas-16-3-seed20277035,REMOTE_AREAS,S1_V5_BASELINE,16,3,,FULL_MONTH,2,20277035,b958914a4009948a7a5e44c896e4762e7fc0d648461ebb962daeb466a8cc000c,1791.1,7.67,1804.17,0.0,0.0,0.98,1894.99,825,1305,208,0,OPTIMAL,True,BASELINE_DECOMPOSED,False,,11,11,5,0,0,0,False,28733,806375,4641375,,True,,,369,93,276,366,3,0,False,0,[],[],,,,,,,78.59,SYNTHETIC_GENERATOR_AND_SYNTHETIC_ROAD_EDGES
remote_areas-16-3-seed20277035,REMOTE_AREAS,S1_V5_BASELINE,16,3,,FULL_MONTH,3,20277035,b958914a4009948a7a5e44c896e4762e7fc0d648461ebb962daeb466a8cc000c,1797.76,7.8,1811.03,0.0,0.0,1.29,1903.76,825,1305,208,0,OPTIMAL,True,BASELINE_DECOMPOSED,False,,11,11,5,0,0,0,False,28733,806375,4641375,,True,,,369,93,276,366,3,0,False,0,[],[],,,,,,,79.68,SYNTHETIC_GENERATOR_AND_SYNTHETIC_ROAD_EDGES
remote_areas-16-3-seed20277035,REMOTE_AREAS,S2_GEOGRAPHIC_CLUSTER,16,3,1,FULL_MONTH,1,20277035,b958914a4009948a7a5e44c896e4762e7fc0d648461ebb962daeb466a8cc000c,20.82,10.08,3671.88,654.02,0.0,1.18,2583.77,1650,2588,208,0,TIME_LIMIT,False,GEOGRAPHIC_CLUSTER,False,,9,9,7,0,0,0,False,19198,538754,4593754,,True,,"{""budget"": true, ""minimum_coverage_reported_truthfully"": true, ""provider_capacity"": true, ""provider_monthly_compensation"": true, ""route_feasibility"": true, ""schedule_overlap_and_daily_hours"": true, ""service_compatibility"": true}",389,99,290,384,5,0,False,0,[],[],,,,,1.0,0.35714285714285715,77.31,SYNTHETIC_GENERATOR_AND_SYNTHETIC_ROAD_EDGES
remote_areas-16-3-seed20277035,REMOTE_AREAS,S2_GEOGRAPHIC_CLUSTER,16,3,1,FULL_MONTH,2,20277035,b958914a4009948a7a5e44c896e4762e7fc0d648461ebb962daeb466a8cc000c,18.04,10.35,3651.58,658.36,0.0,1.15,2581.8,1650,2588,208,0,TIME_LIMIT,False,GEOGRAPHIC_CLUSTER,False,,9,9,7,0,0,0,False,19198,538754,4593754,,True,,"{""budget"": true, ""minimum_coverage_reported_truthfully"": true, ""provider_capacity"": true, ""provider_monthly_compensation"": true, ""route_feasibility"": true, ""schedule_overlap_and_daily_hours"": true, ""service_compatibility"": true}",389,99,290,384,5,0,False,0,[],[],,,,,1.0,0.35714285714285715,82.52,SYNTHETIC_GENERATOR_AND_SYNTHETIC_ROAD_EDGES
remote_areas-16-3-seed20277035,REMOTE_AREAS,S2_GEOGRAPHIC_CLUSTER,16,3,1,FULL_MONTH,3,20277035,b958914a4009948a7a5e44c896e4762e7fc0d648461ebb962daeb466a8cc000c,18.0,10.26,3665.92,650.94,0.0,1.14,2576.26,1650,2588,208,0,TIME_LIMIT,False,GEOGRAPHIC_CLUSTER,False,,9,9,7,0,0,0,False,19198,538754,4593754,,True,,"{""budget"": true, ""minimum_coverage_reported_truthfully"": true, ""provider_capacity"": true, ""provider_monthly_compensation"": true, ""route_feasibility"": true, ""schedule_overlap_and_daily_hours"": true, ""service_compatibility"": true}",389,99,290,384,5,0,False,0,[],[],,,,,1.0,0.35714285714285715,77.32,SYNTHETIC_GENERATOR_AND_SYNTHETIC_ROAD_EDGES
remote_areas-16-3-seed20277035,REMOTE_AREAS,S3_ROLLING_HORIZON_7_21,16,3,,"{""commit_window_days"": 7, ""lookahead_days"": 21, ""planning_window_days"": 28}",1,20277035,b958914a4009948a7a5e44c896e4762e7fc0d648461ebb962daeb466a8cc000c,6206.22,8.47,4598.01,0.0,0.0,4.05,4618.64,3542,5554,208,0,OPTIMAL,True,BASELINE_FALLBACK,True,ROLLING_QUALITY_BELOW_FULL_LOOKAHEAD,11,11,5,0,0,0,False,28733,806375,4641375,,True,,,497,91,406,482,15,0,False,0,"[{""committed_round_count"": 3, ""fallback_used"": false, ""heuristic_candidate_pruning_used"": false, ""pruned_hard_compatible_pair_count"": 0, ""solver_status"": ""OPTIMAL"", ""strategy_used"": ""BASELINE_DECOMPOSED""}, {""committed_round_count"": 4, ""fallback_used"": false, ""heuristic_candidate_pruning_used"": false, ""pruned_hard_compatible_pair_count"": 0, ""solver_status"": ""FEASIBLE"", ""strategy_used"": ""BASELINE_DECOMPOSED""}, {""committed_round_count"": 2, ""fallback_used"": false, ""heuristic_candidate_pruning_used"": false, ""pruned_hard_compatible_pair_count"": 0, ""solver_status"": ""OPTIMAL"", ""strategy_used"": ""BASELINE_DECOMPOSED""}, {""committed_round_count"": 0, ""fallback_used"": false, ""heuristic_candidate_pruning_used"": false, ""pruned_hard_compatible_pair_count"": 0, ""solver_status"": ""OPTIMAL"", ""strategy_used"": ""BASELINE_DECOMPOSED""}]","[""COVERED_AREA_COUNT_BELOW_FULL_LOOKAHEAD""]","{""boundary_zero_service_rate"": null, ""covered_areas"": 7, ""late_horizon_zero_service_rate"": 1.0, ""minimum_coverage_met"": false, ""non_boundary_zero_service_rate"": 0.5625, ""service_rounds"": 9, ""underserved_points_covered"": 0}",,,,,,0.01,SYNTHETIC_GENERATOR_AND_SYNTHETIC_ROAD_EDGES
remote_areas-16-3-seed20277035,REMOTE_AREAS,S3_ROLLING_HORIZON_7_21,16,3,,"{""commit_window_days"": 7, ""lookahead_days"": 21, ""planning_window_days"": 28}",2,20277035,b958914a4009948a7a5e44c896e4762e7fc0d648461ebb962daeb466a8cc000c,6145.26,8.57,4554.63,0.0,0.0,3.98,4576.95,3542,5554,208,0,OPTIMAL,True,BASELINE_FALLBACK,True,ROLLING_QUALITY_BELOW_FULL_LOOKAHEAD,11,11,5,0,0,0,False,28733,806375,4641375,,True,,,497,91,406,482,15,0,False,0,"[{""committed_round_count"": 3, ""fallback_used"": false, ""heuristic_candidate_pruning_used"": false, ""pruned_hard_compatible_pair_count"": 0, ""solver_status"": ""OPTIMAL"", ""strategy_used"": ""BASELINE_DECOMPOSED""}, {""committed_round_count"": 4, ""fallback_used"": false, ""heuristic_candidate_pruning_used"": false, ""pruned_hard_compatible_pair_count"": 0, ""solver_status"": ""FEASIBLE"", ""strategy_used"": ""BASELINE_DECOMPOSED""}, {""committed_round_count"": 2, ""fallback_used"": false, ""heuristic_candidate_pruning_used"": false, ""pruned_hard_compatible_pair_count"": 0, ""solver_status"": ""OPTIMAL"", ""strategy_used"": ""BASELINE_DECOMPOSED""}, {""committed_round_count"": 0, ""fallback_used"": false, ""heuristic_candidate_pruning_used"": false, ""pruned_hard_compatible_pair_count"": 0, ""solver_status"": ""OPTIMAL"", ""strategy_used"": ""BASELINE_DECOMPOSED""}]","[""COVERED_AREA_COUNT_BELOW_FULL_LOOKAHEAD""]","{""boundary_zero_service_rate"": null, ""covered_areas"": 7, ""late_horizon_zero_service_rate"": 1.0, ""minimum_coverage_met"": false, ""non_boundary_zero_service_rate"": 0.5625, ""service_rounds"": 9, ""underserved_points_covered"": 0}",,,,,,0.01,SYNTHETIC_GENERATOR_AND_SYNTHETIC_ROAD_EDGES
remote_areas-16-3-seed20277035,REMOTE_AREAS,S3_ROLLING_HORIZON_7_21,16,3,,"{""commit_window_days"": 7, ""lookahead_days"": 21, ""planning_window_days"": 28}",3,20277035,b958914a4009948a7a5e44c896e4762e7fc0d648461ebb962daeb466a8cc000c,6119.95,8.69,4544.47,0.0,0.0,4.12,4576.99,3542,5554,208,0,OPTIMAL,True,BASELINE_FALLBACK,True,ROLLING_QUALITY_BELOW_FULL_LOOKAHEAD,11,11,5,0,0,0,False,28733,806375,4641375,,True,,,497,91,406,482,15,0,False,0,"[{""committed_round_count"": 3, ""fallback_used"": false, ""heuristic_candidate_pruning_used"": false, ""pruned_hard_compatible_pair_count"": 0, ""solver_status"": ""OPTIMAL"", ""strategy_used"": ""BASELINE_DECOMPOSED""}, {""committed_round_count"": 4, ""fallback_used"": false, ""heuristic_candidate_pruning_used"": false, ""pruned_hard_compatible_pair_count"": 0, ""solver_status"": ""FEASIBLE"", ""strategy_used"": ""BASELINE_DECOMPOSED""}, {""committed_round_count"": 2, ""fallback_used"": false, ""heuristic_candidate_pruning_used"": false, ""pruned_hard_compatible_pair_count"": 0, ""solver_status"": ""OPTIMAL"", ""strategy_used"": ""BASELINE_DECOMPOSED""}, {""committed_round_count"": 0, ""fallback_used"": false, ""heuristic_candidate_pruning_used"": false, ""pruned_hard_compatible_pair_count"": 0, ""solver_status"": ""OPTIMAL"", ""strategy_used"": ""BASELINE_DECOMPOSED""}]","[""COVERED_AREA_COUNT_BELOW_FULL_LOOKAHEAD""]","{""boundary_zero_service_rate"": null, ""covered_areas"": 7, ""late_horizon_zero_service_rate"": 1.0, ""minimum_coverage_met"": false, ""non_boundary_zero_service_rate"": 0.5625, ""service_rounds"": 9, ""underserved_points_covered"": 0}",,,,,,0.01,SYNTHETIC_GENERATOR_AND_SYNTHETIC_ROAD_EDGES
remote_areas-16-3-seed20277035,REMOTE_AREAS,S4_GEOGRAPHIC_ROLLING_7_21,16,3,1,"{""commit_window_days"": 7, ""lookahead_days"": 21, ""planning_window_days"": 28}",1,20277035,b958914a4009948a7a5e44c896e4762e7fc0d648461ebb962daeb466a8cc000c,1848.12,15.93,12396.99,3525.19,0.0,6.66,9792.85,5503,8629,208,0,TIME_LIMIT,False,GEOGRAPHIC_ROLLING,False,,10,9,7,0,0,0,False,23360,655557,4715557,,True,,,887,114,773,858,29,0,False,0,"[{""committed_round_count"": 0, ""fallback_used"": false, ""heuristic_candidate_pruning_used"": false, ""pruned_hard_compatible_pair_count"": 0, ""solver_status"": ""TIME_LIMIT"", ""strategy_used"": ""GEOGRAPHIC_CLUSTER""}, {""committed_round_count"": 1, ""fallback_used"": false, ""heuristic_candidate_pruning_used"": false, ""pruned_hard_compatible_pair_count"": 0, ""solver_status"": ""TIME_LIMIT"", ""strategy_used"": ""GEOGRAPHIC_CLUSTER""}, {""committed_round_count"": 5, ""fallback_used"": false, ""heuristic_candidate_pruning_used"": false, ""pruned_hard_compatible_pair_count"": 0, ""solver_status"": ""TIME_LIMIT"", ""strategy_used"": ""GEOGRAPHIC_CLUSTER""}, {""committed_round_count"": 4, ""fallback_used"": false, ""heuristic_candidate_pruning_used"": false, ""pruned_hard_compatible_pair_count"": 0, ""solver_status"": ""FEASIBLE"", ""strategy_used"": ""GEOGRAPHIC_CLUSTER""}]",[],,1.0,0.35714285714285715,0.7333333333333333,1.0,0.35714285714285715,0.01,SYNTHETIC_GENERATOR_AND_SYNTHETIC_ROAD_EDGES
remote_areas-16-3-seed20277035,REMOTE_AREAS,S4_GEOGRAPHIC_ROLLING_7_21,16,3,1,"{""commit_window_days"": 7, ""lookahead_days"": 21, ""planning_window_days"": 28}",2,20277035,b958914a4009948a7a5e44c896e4762e7fc0d648461ebb962daeb466a8cc000c,1833.97,15.96,12384.15,3509.92,0.0,6.43,9770.42,5503,8629,208,0,TIME_LIMIT,False,GEOGRAPHIC_ROLLING,False,,10,9,7,0,0,0,False,23360,655557,4715557,,True,,,887,114,773,858,29,0,False,0,"[{""committed_round_count"": 0, ""fallback_used"": false, ""heuristic_candidate_pruning_used"": false, ""pruned_hard_compatible_pair_count"": 0, ""solver_status"": ""TIME_LIMIT"", ""strategy_used"": ""GEOGRAPHIC_CLUSTER""}, {""committed_round_count"": 1, ""fallback_used"": false, ""heuristic_candidate_pruning_used"": false, ""pruned_hard_compatible_pair_count"": 0, ""solver_status"": ""TIME_LIMIT"", ""strategy_used"": ""GEOGRAPHIC_CLUSTER""}, {""committed_round_count"": 5, ""fallback_used"": false, ""heuristic_candidate_pruning_used"": false, ""pruned_hard_compatible_pair_count"": 0, ""solver_status"": ""TIME_LIMIT"", ""strategy_used"": ""GEOGRAPHIC_CLUSTER""}, {""committed_round_count"": 4, ""fallback_used"": false, ""heuristic_candidate_pruning_used"": false, ""pruned_hard_compatible_pair_count"": 0, ""solver_status"": ""FEASIBLE"", ""strategy_used"": ""GEOGRAPHIC_CLUSTER""}]",[],,1.0,0.35714285714285715,0.7333333333333333,1.0,0.35714285714285715,0.01,SYNTHETIC_GENERATOR_AND_SYNTHETIC_ROAD_EDGES
remote_areas-16-3-seed20277035,REMOTE_AREAS,S4_GEOGRAPHIC_ROLLING_7_21,16,3,1,"{""commit_window_days"": 7, ""lookahead_days"": 21, ""planning_window_days"": 28}",3,20277035,b958914a4009948a7a5e44c896e4762e7fc0d648461ebb962daeb466a8cc000c,1846.42,15.99,12374.86,3525.86,0.0,6.78,9783.86,5503,8629,208,0,TIME_LIMIT,False,GEOGRAPHIC_ROLLING,False,,10,9,7,0,0,0,False,23360,655557,4715557,,True,,,887,114,773,858,29,0,False,0,"[{""committed_round_count"": 0, ""fallback_used"": false, ""heuristic_candidate_pruning_used"": false, ""pruned_hard_compatible_pair_count"": 0, ""solver_status"": ""TIME_LIMIT"", ""strategy_used"": ""GEOGRAPHIC_CLUSTER""}, {""committed_round_count"": 1, ""fallback_used"": false, ""heuristic_candidate_pruning_used"": false, ""pruned_hard_compatible_pair_count"": 0, ""solver_status"": ""TIME_LIMIT"", ""strategy_used"": ""GEOGRAPHIC_CLUSTER""}, {""committed_round_count"": 5, ""fallback_used"": false, ""heuristic_candidate_pruning_used"": false, ""pruned_hard_compatible_pair_count"": 0, ""solver_status"": ""TIME_LIMIT"", ""strategy_used"": ""GEOGRAPHIC_CLUSTER""}, {""committed_round_count"": 4, ""fallback_used"": false, ""heuristic_candidate_pruning_used"": false, ""pruned_hard_compatible_pair_count"": 0, ""solver_status"": ""FEASIBLE"", ""strategy_used"": ""GEOGRAPHIC_CLUSTER""}]",[],,1.0,0.35714285714285715,0.7333333333333333,1.0,0.35714285714285715,0.01,SYNTHETIC_GENERATOR_AND_SYNTHETIC_ROAD_EDGES
many_low_data-16-3-seed20277036,MANY_LOW_DATA,S0_MONOLITHIC,16,3,,FULL_MONTH,1,20277036,2b9d77143906e77e18e353d67c943c023f71f6ef9034ed8f11d7d0056d552bf8,78.49,7.27,2500.33,0.0,0.0,2.62,5184.83,6217,8952,300,3520,TIME_LIMIT,False,BASELINE_MONOLITHIC,False,,11,11,5,0,0,0,False,21700,609000,4389000,,True,,,7272,318,6954,7256,16,0,False,0,[],[],,,,,,,2602.19,SYNTHETIC_GENERATOR_AND_SYNTHETIC_ROAD_EDGES
many_low_data-16-3-seed20277036,MANY_LOW_DATA,S0_MONOLITHIC,16,3,,FULL_MONTH,2,20277036,2b9d77143906e77e18e353d67c943c023f71f6ef9034ed8f11d7d0056d552bf8,78.13,7.17,2500.82,0.0,0.0,3.24,5169.8,6217,8952,300,3520,TIME_LIMIT,False,BASELINE_MONOLITHIC,False,,11,11,5,0,0,0,False,21700,609000,4389000,,True,,,7272,318,6954,7256,16,0,False,0,[],[],,,,,,,2586.36,SYNTHETIC_GENERATOR_AND_SYNTHETIC_ROAD_EDGES
many_low_data-16-3-seed20277036,MANY_LOW_DATA,S0_MONOLITHIC,16,3,,FULL_MONTH,3,20277036,2b9d77143906e77e18e353d67c943c023f71f6ef9034ed8f11d7d0056d552bf8,77.95,7.08,2500.3,0.0,0.0,2.81,5170.52,6217,8952,300,3520,TIME_LIMIT,False,BASELINE_MONOLITHIC,False,,11,11,5,0,0,0,False,21700,609000,4389000,,True,,,7272,318,6954,7256,16,0,False,0,[],[],,,,,,,2588.26,SYNTHETIC_GENERATOR_AND_SYNTHETIC_ROAD_EDGES
many_low_data-16-3-seed20277036,MANY_LOW_DATA,S1_V5_BASELINE,16,3,,FULL_MONTH,1,20277036,2b9d77143906e77e18e353d67c943c023f71f6ef9034ed8f11d7d0056d552bf8,1216.39,6.64,1229.9,0.0,0.0,4.15,3318.67,1031,1603,300,0,OPTIMAL,True,BASELINE_DECOMPOSED,False,,14,14,2,0,0,0,False,26969,756843,4651843,,True,,,490,141,349,466,24,0,False,0,[],[],,,,,,,2072.69,SYNTHETIC_GENERATOR_AND_SYNTHETIC_ROAD_EDGES
many_low_data-16-3-seed20277036,MANY_LOW_DATA,S1_V5_BASELINE,16,3,,FULL_MONTH,2,20277036,2b9d77143906e77e18e353d67c943c023f71f6ef9034ed8f11d7d0056d552bf8,1164.04,6.87,1177.6,0.0,0.0,4.3,3265.42,1031,1603,300,0,OPTIMAL,True,BASELINE_DECOMPOSED,False,,14,14,2,0,0,0,False,26969,756843,4651843,,True,,,490,141,349,466,24,0,False,0,[],[],,,,,,,2071.26,SYNTHETIC_GENERATOR_AND_SYNTHETIC_ROAD_EDGES
many_low_data-16-3-seed20277036,MANY_LOW_DATA,S1_V5_BASELINE,16,3,,FULL_MONTH,3,20277036,2b9d77143906e77e18e353d67c943c023f71f6ef9034ed8f11d7d0056d552bf8,1204.81,6.96,1217.25,0.0,0.0,5.12,3300.87,1031,1603,300,0,OPTIMAL,True,BASELINE_DECOMPOSED,False,,14,14,2,0,0,0,False,26969,756843,4651843,,True,,,490,141,349,466,24,0,False,0,[],[],,,,,,,2066.85,SYNTHETIC_GENERATOR_AND_SYNTHETIC_ROAD_EDGES
many_low_data-16-3-seed20277036,MANY_LOW_DATA,S2_GEOGRAPHIC_CLUSTER,16,3,1,FULL_MONTH,1,20277036,2b9d77143906e77e18e353d67c943c023f71f6ef9034ed8f11d7d0056d552bf8,24.36,10.21,4356.66,1076.61,0.0,2.67,5351.66,2062,3177,300,0,TIME_LIMIT,False,GEOGRAPHIC_CLUSTER,False,,12,12,4,0,0,0,False,24154,677836,4797836,,True,,"{""budget"": true, ""minimum_coverage_reported_truthfully"": true, ""provider_capacity"": true, ""provider_monthly_compensation"": true, ""route_feasibility"": true, ""schedule_overlap_and_daily_hours"": true, ""service_compatibility"": true}",508,128,380,494,14,0,False,0,[],[],,,,,0.0,0.25,2077.95,SYNTHETIC_GENERATOR_AND_SYNTHETIC_ROAD_EDGES
many_low_data-16-3-seed20277036,MANY_LOW_DATA,S2_GEOGRAPHIC_CLUSTER,16,3,1,FULL_MONTH,2,20277036,2b9d77143906e77e18e353d67c943c023f71f6ef9034ed8f11d7d0056d552bf8,24.08,11.07,4365.2,1067.15,0.0,2.97,5336.11,2062,3177,300,0,TIME_LIMIT,False,GEOGRAPHIC_CLUSTER,False,,12,12,4,0,0,0,False,24154,677836,4797836,,True,,"{""budget"": true, ""minimum_coverage_reported_truthfully"": true, ""provider_capacity"": true, ""provider_monthly_compensation"": true, ""route_feasibility"": true, ""schedule_overlap_and_daily_hours"": true, ""service_compatibility"": true}",508,128,380,494,14,0,False,0,[],[],,,,,0.0,0.25,2067.23,SYNTHETIC_GENERATOR_AND_SYNTHETIC_ROAD_EDGES
many_low_data-16-3-seed20277036,MANY_LOW_DATA,S2_GEOGRAPHIC_CLUSTER,16,3,1,FULL_MONTH,3,20277036,2b9d77143906e77e18e353d67c943c023f71f6ef9034ed8f11d7d0056d552bf8,22.84,10.47,4384.38,1072.7,0.0,2.78,5356.87,2062,3177,300,0,TIME_LIMIT,False,GEOGRAPHIC_CLUSTER,False,,12,12,4,0,0,0,False,24154,677836,4797836,,True,,"{""budget"": true, ""minimum_coverage_reported_truthfully"": true, ""provider_capacity"": true, ""provider_monthly_compensation"": true, ""route_feasibility"": true, ""schedule_overlap_and_daily_hours"": true, ""service_compatibility"": true}",508,128,380,494,14,0,False,0,[],[],,,,,0.0,0.25,2073.95,SYNTHETIC_GENERATOR_AND_SYNTHETIC_ROAD_EDGES
many_low_data-16-3-seed20277036,MANY_LOW_DATA,S3_ROLLING_HORIZON_7_21,16,3,,"{""commit_window_days"": 7, ""lookahead_days"": 21, ""planning_window_days"": 28}",1,20277036,2b9d77143906e77e18e353d67c943c023f71f6ef9034ed8f11d7d0056d552bf8,4650.77,11.66,3579.28,0.0,0.0,7.67,3610.61,4438,6747,300,0,OPTIMAL,True,BASELINE_FALLBACK,True,ROLLING_QUALITY_BELOW_FULL_LOOKAHEAD,14,14,2,0,0,0,False,26969,756843,4651843,,True,,,660,128,532,622,38,0,False,0,"[{""committed_round_count"": 4, ""fallback_used"": false, ""heuristic_candidate_pruning_used"": false, ""pruned_hard_compatible_pair_count"": 0, ""solver_status"": ""OPTIMAL"", ""strategy_used"": ""BASELINE_DECOMPOSED""}, {""committed_round_count"": 6, ""fallback_used"": false, ""heuristic_candidate_pruning_used"": false, ""pruned_hard_compatible_pair_count"": 0, ""solver_status"": ""FEASIBLE"", ""strategy_used"": ""BASELINE_DECOMPOSED""}, {""committed_round_count"": 1, ""fallback_used"": false, ""heuristic_candidate_pruning_used"": false, ""pruned_hard_compatible_pair_count"": 0, ""solver_status"": ""OPTIMAL"", ""strategy_used"": ""BASELINE_DECOMPOSED""}, {""committed_round_count"": 5, ""fallback_used"": false, ""heuristic_candidate_pruning_used"": false, ""pruned_hard_compatible_pair_count"": 0, ""solver_status"": ""OPTIMAL"", ""strategy_used"": ""BASELINE_DECOMPOSED""}]","[""COVERED_AREA_COUNT_BELOW_FULL_LOOKAHEAD""]","{""boundary_zero_service_rate"": null, ""covered_areas"": 9, ""late_horizon_zero_service_rate"": 0.6153846153846154, ""minimum_coverage_met"": false, ""non_boundary_zero_service_rate"": 0.4375, ""service_rounds"": 16, ""underserved_points_covered"": 0}",,,,,,0.01,SYNTHETIC_GENERATOR_AND_SYNTHETIC_ROAD_EDGES
many_low_data-16-3-seed20277036,MANY_LOW_DATA,S3_ROLLING_HORIZON_7_21,16,3,,"{""commit_window_days"": 7, ""lookahead_days"": 21, ""planning_window_days"": 28}",2,20277036,2b9d77143906e77e18e353d67c943c023f71f6ef9034ed8f11d7d0056d552bf8,4633.85,12.54,3581.6,0.0,0.0,7.25,3613.4,4438,6747,300,0,OPTIMAL,True,BASELINE_FALLBACK,True,ROLLING_QUALITY_BELOW_FULL_LOOKAHEAD,14,14,2,0,0,0,False,26969,756843,4651843,,True,,,660,128,532,622,38,0,False,0,"[{""committed_round_count"": 4, ""fallback_used"": false, ""heuristic_candidate_pruning_used"": false, ""pruned_hard_compatible_pair_count"": 0, ""solver_status"": ""OPTIMAL"", ""strategy_used"": ""BASELINE_DECOMPOSED""}, {""committed_round_count"": 6, ""fallback_used"": false, ""heuristic_candidate_pruning_used"": false, ""pruned_hard_compatible_pair_count"": 0, ""solver_status"": ""FEASIBLE"", ""strategy_used"": ""BASELINE_DECOMPOSED""}, {""committed_round_count"": 1, ""fallback_used"": false, ""heuristic_candidate_pruning_used"": false, ""pruned_hard_compatible_pair_count"": 0, ""solver_status"": ""OPTIMAL"", ""strategy_used"": ""BASELINE_DECOMPOSED""}, {""committed_round_count"": 5, ""fallback_used"": false, ""heuristic_candidate_pruning_used"": false, ""pruned_hard_compatible_pair_count"": 0, ""solver_status"": ""OPTIMAL"", ""strategy_used"": ""BASELINE_DECOMPOSED""}]","[""COVERED_AREA_COUNT_BELOW_FULL_LOOKAHEAD""]","{""boundary_zero_service_rate"": null, ""covered_areas"": 9, ""late_horizon_zero_service_rate"": 0.6153846153846154, ""minimum_coverage_met"": false, ""non_boundary_zero_service_rate"": 0.4375, ""service_rounds"": 16, ""underserved_points_covered"": 0}",,,,,,0.01,SYNTHETIC_GENERATOR_AND_SYNTHETIC_ROAD_EDGES
many_low_data-16-3-seed20277036,MANY_LOW_DATA,S3_ROLLING_HORIZON_7_21,16,3,,"{""commit_window_days"": 7, ""lookahead_days"": 21, ""planning_window_days"": 28}",3,20277036,2b9d77143906e77e18e353d67c943c023f71f6ef9034ed8f11d7d0056d552bf8,4603.09,12.05,3555.02,0.0,0.0,7.3,3584.35,4438,6747,300,0,OPTIMAL,True,BASELINE_FALLBACK,True,ROLLING_QUALITY_BELOW_FULL_LOOKAHEAD,14,14,2,0,0,0,False,26969,756843,4651843,,True,,,660,128,532,622,38,0,False,0,"[{""committed_round_count"": 4, ""fallback_used"": false, ""heuristic_candidate_pruning_used"": false, ""pruned_hard_compatible_pair_count"": 0, ""solver_status"": ""OPTIMAL"", ""strategy_used"": ""BASELINE_DECOMPOSED""}, {""committed_round_count"": 6, ""fallback_used"": false, ""heuristic_candidate_pruning_used"": false, ""pruned_hard_compatible_pair_count"": 0, ""solver_status"": ""FEASIBLE"", ""strategy_used"": ""BASELINE_DECOMPOSED""}, {""committed_round_count"": 1, ""fallback_used"": false, ""heuristic_candidate_pruning_used"": false, ""pruned_hard_compatible_pair_count"": 0, ""solver_status"": ""OPTIMAL"", ""strategy_used"": ""BASELINE_DECOMPOSED""}, {""committed_round_count"": 5, ""fallback_used"": false, ""heuristic_candidate_pruning_used"": false, ""pruned_hard_compatible_pair_count"": 0, ""solver_status"": ""OPTIMAL"", ""strategy_used"": ""BASELINE_DECOMPOSED""}]","[""COVERED_AREA_COUNT_BELOW_FULL_LOOKAHEAD""]","{""boundary_zero_service_rate"": null, ""covered_areas"": 9, ""late_horizon_zero_service_rate"": 0.6153846153846154, ""minimum_coverage_met"": false, ""non_boundary_zero_service_rate"": 0.4375, ""service_rounds"": 16, ""underserved_points_covered"": 0}",,,,,,0.01,SYNTHETIC_GENERATOR_AND_SYNTHETIC_ROAD_EDGES
many_low_data-16-3-seed20277036,MANY_LOW_DATA,S4_GEOGRAPHIC_ROLLING_7_21,16,3,1,"{""commit_window_days"": 7, ""lookahead_days"": 21, ""planning_window_days"": 28}",1,20277036,2b9d77143906e77e18e353d67c943c023f71f6ef9034ed8f11d7d0056d552bf8,6713.78,30.38,6459.99,5836.06,0.0,11.31,12023.33,8749,13172,300,0,OPTIMAL,True,BASELINE_FALLBACK,True,ROLLING_QUALITY_BELOW_FULL_LOOKAHEAD,14,14,2,0,0,0,False,26969,756843,4651843,,True,,,1511,170,1341,1460,51,0,False,0,"[{""committed_round_count"": 6, ""fallback_used"": false, ""heuristic_candidate_pruning_used"": false, ""pruned_hard_compatible_pair_count"": 0, ""solver_status"": ""TIME_LIMIT"", ""strategy_used"": ""GEOGRAPHIC_CLUSTER""}, {""committed_round_count"": 3, ""fallback_used"": true, ""heuristic_candidate_pruning_used"": false, ""pruned_hard_compatible_pair_count"": 0, ""solver_status"": ""FEASIBLE"", ""strategy_used"": ""BASELINE_FALLBACK""}, {""committed_round_count"": 3, ""fallback_used"": false, ""heuristic_candidate_pruning_used"": false, ""pruned_hard_compatible_pair_count"": 0, ""solver_status"": ""FEASIBLE"", ""strategy_used"": ""GEOGRAPHIC_CLUSTER""}, {""committed_round_count"": 0, ""fallback_used"": true, ""heuristic_candidate_pruning_used"": false, ""pruned_hard_compatible_pair_count"": 0, ""solver_status"": ""OPTIMAL"", ""strategy_used"": ""BASELINE_FALLBACK""}]","[""COVERED_AREA_COUNT_BELOW_FULL_LOOKAHEAD""]","{""boundary_zero_service_rate"": null, ""covered_areas"": 9, ""late_horizon_zero_service_rate"": 1.0, ""minimum_coverage_met"": false, ""non_boundary_zero_service_rate"": 0.4375, ""service_rounds"": 12, ""underserved_points_covered"": 0}",,,,,,2059.49,SYNTHETIC_GENERATOR_AND_SYNTHETIC_ROAD_EDGES
many_low_data-16-3-seed20277036,MANY_LOW_DATA,S4_GEOGRAPHIC_ROLLING_7_21,16,3,1,"{""commit_window_days"": 7, ""lookahead_days"": 21, ""planning_window_days"": 28}",2,20277036,2b9d77143906e77e18e353d67c943c023f71f6ef9034ed8f11d7d0056d552bf8,6718.95,29.45,6413.73,5828.22,0.0,10.47,11986.78,8749,13172,300,0,OPTIMAL,True,BASELINE_FALLBACK,True,ROLLING_QUALITY_BELOW_FULL_LOOKAHEAD,14,14,2,0,0,0,False,26969,756843,4651843,,True,,,1511,170,1341,1460,51,0,False,0,"[{""committed_round_count"": 6, ""fallback_used"": false, ""heuristic_candidate_pruning_used"": false, ""pruned_hard_compatible_pair_count"": 0, ""solver_status"": ""TIME_LIMIT"", ""strategy_used"": ""GEOGRAPHIC_CLUSTER""}, {""committed_round_count"": 3, ""fallback_used"": true, ""heuristic_candidate_pruning_used"": false, ""pruned_hard_compatible_pair_count"": 0, ""solver_status"": ""FEASIBLE"", ""strategy_used"": ""BASELINE_FALLBACK""}, {""committed_round_count"": 3, ""fallback_used"": false, ""heuristic_candidate_pruning_used"": false, ""pruned_hard_compatible_pair_count"": 0, ""solver_status"": ""FEASIBLE"", ""strategy_used"": ""GEOGRAPHIC_CLUSTER""}, {""committed_round_count"": 0, ""fallback_used"": true, ""heuristic_candidate_pruning_used"": false, ""pruned_hard_compatible_pair_count"": 0, ""solver_status"": ""OPTIMAL"", ""strategy_used"": ""BASELINE_FALLBACK""}]","[""COVERED_AREA_COUNT_BELOW_FULL_LOOKAHEAD""]","{""boundary_zero_service_rate"": null, ""covered_areas"": 9, ""late_horizon_zero_service_rate"": 1.0, ""minimum_coverage_met"": false, ""non_boundary_zero_service_rate"": 0.4375, ""service_rounds"": 12, ""underserved_points_covered"": 0}",,,,,,2053.7,SYNTHETIC_GENERATOR_AND_SYNTHETIC_ROAD_EDGES
many_low_data-16-3-seed20277036,MANY_LOW_DATA,S4_GEOGRAPHIC_ROLLING_7_21,16,3,1,"{""commit_window_days"": 7, ""lookahead_days"": 21, ""planning_window_days"": 28}",3,20277036,2b9d77143906e77e18e353d67c943c023f71f6ef9034ed8f11d7d0056d552bf8,6748.93,28.93,6377.71,5818.45,0.0,11.4,11959.19,8749,13172,300,0,OPTIMAL,True,BASELINE_FALLBACK,True,ROLLING_QUALITY_BELOW_FULL_LOOKAHEAD,14,14,2,0,0,0,False,26969,756843,4651843,,True,,,1511,170,1341,1460,51,0,False,0,"[{""committed_round_count"": 6, ""fallback_used"": false, ""heuristic_candidate_pruning_used"": false, ""pruned_hard_compatible_pair_count"": 0, ""solver_status"": ""TIME_LIMIT"", ""strategy_used"": ""GEOGRAPHIC_CLUSTER""}, {""committed_round_count"": 3, ""fallback_used"": true, ""heuristic_candidate_pruning_used"": false, ""pruned_hard_compatible_pair_count"": 0, ""solver_status"": ""FEASIBLE"", ""strategy_used"": ""BASELINE_FALLBACK""}, {""committed_round_count"": 3, ""fallback_used"": false, ""heuristic_candidate_pruning_used"": false, ""pruned_hard_compatible_pair_count"": 0, ""solver_status"": ""FEASIBLE"", ""strategy_used"": ""GEOGRAPHIC_CLUSTER""}, {""committed_round_count"": 0, ""fallback_used"": true, ""heuristic_candidate_pruning_used"": false, ""pruned_hard_compatible_pair_count"": 0, ""solver_status"": ""OPTIMAL"", ""strategy_used"": ""BASELINE_FALLBACK""}]","[""COVERED_AREA_COUNT_BELOW_FULL_LOOKAHEAD""]","{""boundary_zero_service_rate"": null, ""covered_areas"": 9, ""late_horizon_zero_service_rate"": 1.0, ""minimum_coverage_met"": false, ""non_boundary_zero_service_rate"": 0.4375, ""service_rounds"": 12, ""underserved_points_covered"": 0}",,,,,,2059.17,SYNTHETIC_GENERATOR_AND_SYNTHETIC_ROAD_EDGES
home_repair_mixed-16-3-seed20277037,HOME_REPAIR_MIXED,S0_MONOLITHIC,16,3,,FULL_MONTH,1,20277037,f8c61f7af3aae1d31f2994683399f34025dc8b7a767fc3eb33f3450dc4cc9904,75.3,7.6,2501.03,0.0,0.0,4.97,5168.27,5969,8544,280,3432,TIME_LIMIT,False,BASELINE_MONOLITHIC,False,,14,13,3,0,0,0,False,25840,725240,4790240,,True,,,7160,323,6837,7130,30,0,False,0,[],[],,,,,,,2586.21,SYNTHETIC_GENERATOR_AND_SYNTHETIC_ROAD_EDGES
home_repair_mixed-16-3-seed20277037,HOME_REPAIR_MIXED,S0_MONOLITHIC,16,3,,FULL_MONTH,2,20277037,f8c61f7af3aae1d31f2994683399f34025dc8b7a767fc3eb33f3450dc4cc9904,75.21,6.76,2500.71,0.0,0.0,4.44,5164.94,5969,8544,280,3432,TIME_LIMIT,False,BASELINE_MONOLITHIC,False,,14,13,3,0,0,0,False,25840,725240,4790240,,True,,,7160,323,6837,7130,30,0,False,0,[],[],,,,,,,2583.24,SYNTHETIC_GENERATOR_AND_SYNTHETIC_ROAD_EDGES
home_repair_mixed-16-3-seed20277037,HOME_REPAIR_MIXED,S0_MONOLITHIC,16,3,,FULL_MONTH,3,20277037,f8c61f7af3aae1d31f2994683399f34025dc8b7a767fc3eb33f3450dc4cc9904,76.6,6.91,2500.95,0.0,0.0,4.33,5165.03,5969,8544,280,3432,TIME_LIMIT,False,BASELINE_MONOLITHIC,False,,14,13,3,0,0,0,False,25840,725240,4790240,,True,,,7160,323,6837,7130,30,0,False,0,[],[],,,,,,,2581.22,SYNTHETIC_GENERATOR_AND_SYNTHETIC_ROAD_EDGES
home_repair_mixed-16-3-seed20277037,HOME_REPAIR_MIXED,S1_V5_BASELINE,16,3,,FULL_MONTH,1,20277037,f8c61f7af3aae1d31f2994683399f34025dc8b7a767fc3eb33f3450dc4cc9904,1017.15,6.68,1026.8,0.0,0.0,3.6,3251.44,967,1516,280,0,OPTIMAL,True,BASELINE_DECOMPOSED,False,,13,13,3,0,0,0,False,24201,679250,4704250,,True,,,270,118,152,250,20,0,False,0,[],[],,,,,,,2208.92,SYNTHETIC_GENERATOR_AND_SYNTHETIC_ROAD_EDGES
home_repair_mixed-16-3-seed20277037,HOME_REPAIR_MIXED,S1_V5_BASELINE,16,3,,FULL_MONTH,2,20277037,f8c61f7af3aae1d31f2994683399f34025dc8b7a767fc3eb33f3450dc4cc9904,1013.76,6.47,1023.97,0.0,0.0,3.45,3255.99,967,1516,280,0,OPTIMAL,True,BASELINE_DECOMPOSED,False,,13,13,3,0,0,0,False,24201,679250,4704250,,True,,,270,118,152,250,20,0,False,0,[],[],,,,,,,2217.59,SYNTHETIC_GENERATOR_AND_SYNTHETIC_ROAD_EDGES
home_repair_mixed-16-3-seed20277037,HOME_REPAIR_MIXED,S1_V5_BASELINE,16,3,,FULL_MONTH,3,20277037,f8c61f7af3aae1d31f2994683399f34025dc8b7a767fc3eb33f3450dc4cc9904,1045.71,6.63,1056.3,0.0,0.0,3.5,3281.33,967,1516,280,0,OPTIMAL,True,BASELINE_DECOMPOSED,False,,13,13,3,0,0,0,False,24201,679250,4704250,,True,,,270,118,152,250,20,0,False,0,[],[],,,,,,,2210.45,SYNTHETIC_GENERATOR_AND_SYNTHETIC_ROAD_EDGES
home_repair_mixed-16-3-seed20277037,HOME_REPAIR_MIXED,S2_GEOGRAPHIC_CLUSTER,16,3,1,FULL_MONTH,1,20277037,f8c61f7af3aae1d31f2994683399f34025dc8b7a767fc3eb33f3450dc4cc9904,23.32,10.32,4448.98,263.41,0.0,3.93,4714.89,1934,3006,280,0,TIME_LIMIT,False,GEOGRAPHIC_CLUSTER,False,,13,13,3,0,0,0,False,23118,648863,4673863,,True,,"{""budget"": true, ""minimum_coverage_reported_truthfully"": true, ""provider_capacity"": true, ""provider_monthly_compensation"": true, ""route_feasibility"": true, ""schedule_overlap_and_daily_hours"": true, ""service_compatibility"": true}",327,116,211,308,19,0,False,0,[],[],,,,,0.0,0.1875,2207.93,SYNTHETIC_GENERATOR_AND_SYNTHETIC_ROAD_EDGES
home_repair_mixed-16-3-seed20277037,HOME_REPAIR_MIXED,S2_GEOGRAPHIC_CLUSTER,16,3,1,FULL_MONTH,2,20277037,f8c61f7af3aae1d31f2994683399f34025dc8b7a767fc3eb33f3450dc4cc9904,21.36,9.89,4439.38,271.31,0.0,3.45,4722.71,1934,3006,280,0,TIME_LIMIT,False,GEOGRAPHIC_CLUSTER,False,,13,13,3,0,0,0,False,23118,648863,4673863,,True,,"{""budget"": true, ""minimum_coverage_reported_truthfully"": true, ""provider_capacity"": true, ""provider_monthly_compensation"": true, ""route_feasibility"": true, ""schedule_overlap_and_daily_hours"": true, ""service_compatibility"": true}",327,116,211,308,19,0,False,0,[],[],,,,,0.0,0.1875,2213.74,SYNTHETIC_GENERATOR_AND_SYNTHETIC_ROAD_EDGES
home_repair_mixed-16-3-seed20277037,HOME_REPAIR_MIXED,S2_GEOGRAPHIC_CLUSTER,16,3,1,FULL_MONTH,3,20277037,f8c61f7af3aae1d31f2994683399f34025dc8b7a767fc3eb33f3450dc4cc9904,20.44,10.04,4423.86,277.58,0.0,3.33,4712.51,1934,3006,280,0,TIME_LIMIT,False,GEOGRAPHIC_CLUSTER,False,,13,13,3,0,0,0,False,23118,648863,4673863,,True,,"{""budget"": true, ""minimum_coverage_reported_truthfully"": true, ""provider_capacity"": true, ""provider_monthly_compensation"": true, ""route_feasibility"": true, ""schedule_overlap_and_daily_hours"": true, ""service_compatibility"": true}",327,116,211,308,19,0,False,0,[],[],,,,,0.0,0.1875,2205.47,SYNTHETIC_GENERATOR_AND_SYNTHETIC_ROAD_EDGES
home_repair_mixed-16-3-seed20277037,HOME_REPAIR_MIXED,S3_ROLLING_HORIZON_7_21,16,3,,"{""commit_window_days"": 7, ""lookahead_days"": 21, ""planning_window_days"": 28}",1,20277037,f8c61f7af3aae1d31f2994683399f34025dc8b7a767fc3eb33f3450dc4cc9904,3209.73,11.2,2385.38,0.0,0.0,5.91,2426.08,4006,6214,280,0,OPTIMAL,True,BASELINE_FALLBACK,True,ROLLING_QUALITY_BELOW_FULL_LOOKAHEAD,13,13,3,0,0,0,False,24201,679250,4704250,,True,,,467,108,359,438,29,0,False,0,"[{""committed_round_count"": 3, ""fallback_used"": false, ""heuristic_candidate_pruning_used"": false, ""pruned_hard_compatible_pair_count"": 0, ""solver_status"": ""OPTIMAL"", ""strategy_used"": ""BASELINE_DECOMPOSED""}, {""committed_round_count"": 4, ""fallback_used"": false, ""heuristic_candidate_pruning_used"": false, ""pruned_hard_compatible_pair_count"": 0, ""solver_status"": ""FEASIBLE"", ""strategy_used"": ""BASELINE_DECOMPOSED""}, {""committed_round_count"": 2, ""fallback_used"": false, ""heuristic_candidate_pruning_used"": false, ""pruned_hard_compatible_pair_count"": 0, ""solver_status"": ""FEASIBLE"", ""strategy_used"": ""BASELINE_DECOMPOSED""}, {""committed_round_count"": 2, ""fallback_used"": false, ""heuristic_candidate_pruning_used"": false, ""pruned_hard_compatible_pair_count"": 0, ""solver_status"": ""OPTIMAL"", ""strategy_used"": ""BASELINE_DECOMPOSED""}]","[""COVERED_AREA_COUNT_BELOW_FULL_LOOKAHEAD""]","{""boundary_zero_service_rate"": null, ""covered_areas"": 8, ""late_horizon_zero_service_rate"": 0.8, ""minimum_coverage_met"": false, ""non_boundary_zero_service_rate"": 0.5, ""service_rounds"": 11, ""underserved_points_covered"": 0}",,,,,,0.01,SYNTHETIC_GENERATOR_AND_SYNTHETIC_ROAD_EDGES
home_repair_mixed-16-3-seed20277037,HOME_REPAIR_MIXED,S3_ROLLING_HORIZON_7_21,16,3,,"{""commit_window_days"": 7, ""lookahead_days"": 21, ""planning_window_days"": 28}",2,20277037,f8c61f7af3aae1d31f2994683399f34025dc8b7a767fc3eb33f3450dc4cc9904,3249.86,11.38,2411.77,0.0,0.0,5.97,2453.06,4006,6214,280,0,OPTIMAL,True,BASELINE_FALLBACK,True,ROLLING_QUALITY_BELOW_FULL_LOOKAHEAD,13,13,3,0,0,0,False,24201,679250,4704250,,True,,,467,108,359,438,29,0,False,0,"[{""committed_round_count"": 3, ""fallback_used"": false, ""heuristic_candidate_pruning_used"": false, ""pruned_hard_compatible_pair_count"": 0, ""solver_status"": ""OPTIMAL"", ""strategy_used"": ""BASELINE_DECOMPOSED""}, {""committed_round_count"": 4, ""fallback_used"": false, ""heuristic_candidate_pruning_used"": false, ""pruned_hard_compatible_pair_count"": 0, ""solver_status"": ""FEASIBLE"", ""strategy_used"": ""BASELINE_DECOMPOSED""}, {""committed_round_count"": 2, ""fallback_used"": false, ""heuristic_candidate_pruning_used"": false, ""pruned_hard_compatible_pair_count"": 0, ""solver_status"": ""FEASIBLE"", ""strategy_used"": ""BASELINE_DECOMPOSED""}, {""committed_round_count"": 2, ""fallback_used"": false, ""heuristic_candidate_pruning_used"": false, ""pruned_hard_compatible_pair_count"": 0, ""solver_status"": ""OPTIMAL"", ""strategy_used"": ""BASELINE_DECOMPOSED""}]","[""COVERED_AREA_COUNT_BELOW_FULL_LOOKAHEAD""]","{""boundary_zero_service_rate"": null, ""covered_areas"": 8, ""late_horizon_zero_service_rate"": 0.8, ""minimum_coverage_met"": false, ""non_boundary_zero_service_rate"": 0.5, ""service_rounds"": 11, ""underserved_points_covered"": 0}",,,,,,0.01,SYNTHETIC_GENERATOR_AND_SYNTHETIC_ROAD_EDGES
home_repair_mixed-16-3-seed20277037,HOME_REPAIR_MIXED,S3_ROLLING_HORIZON_7_21,16,3,,"{""commit_window_days"": 7, ""lookahead_days"": 21, ""planning_window_days"": 28}",3,20277037,f8c61f7af3aae1d31f2994683399f34025dc8b7a767fc3eb33f3450dc4cc9904,3185.64,11.21,2375.32,0.0,0.0,6.24,2415.25,4006,6214,280,0,OPTIMAL,True,BASELINE_FALLBACK,True,ROLLING_QUALITY_BELOW_FULL_LOOKAHEAD,13,13,3,0,0,0,False,24201,679250,4704250,,True,,,467,108,359,438,29,0,False,0,"[{""committed_round_count"": 3, ""fallback_used"": false, ""heuristic_candidate_pruning_used"": false, ""pruned_hard_compatible_pair_count"": 0, ""solver_status"": ""OPTIMAL"", ""strategy_used"": ""BASELINE_DECOMPOSED""}, {""committed_round_count"": 4, ""fallback_used"": false, ""heuristic_candidate_pruning_used"": false, ""pruned_hard_compatible_pair_count"": 0, ""solver_status"": ""FEASIBLE"", ""strategy_used"": ""BASELINE_DECOMPOSED""}, {""committed_round_count"": 2, ""fallback_used"": false, ""heuristic_candidate_pruning_used"": false, ""pruned_hard_compatible_pair_count"": 0, ""solver_status"": ""FEASIBLE"", ""strategy_used"": ""BASELINE_DECOMPOSED""}, {""committed_round_count"": 2, ""fallback_used"": false, ""heuristic_candidate_pruning_used"": false, ""pruned_hard_compatible_pair_count"": 0, ""solver_status"": ""OPTIMAL"", ""strategy_used"": ""BASELINE_DECOMPOSED""}]","[""COVERED_AREA_COUNT_BELOW_FULL_LOOKAHEAD""]","{""boundary_zero_service_rate"": null, ""covered_areas"": 8, ""late_horizon_zero_service_rate"": 0.8, ""minimum_coverage_met"": false, ""non_boundary_zero_service_rate"": 0.5, ""service_rounds"": 11, ""underserved_points_covered"": 0}",,,,,,0.01,SYNTHETIC_GENERATOR_AND_SYNTHETIC_ROAD_EDGES
home_repair_mixed-16-3-seed20277037,HOME_REPAIR_MIXED,S4_GEOGRAPHIC_ROLLING_7_21,16,3,1,"{""commit_window_days"": 7, ""lookahead_days"": 21, ""planning_window_days"": 28}",1,20277037,f8c61f7af3aae1d31f2994683399f34025dc8b7a767fc3eb33f3450dc4cc9904,9502.01,29.95,5836.33,6292.16,0.0,13.89,12072.04,8430,12917,280,0,OPTIMAL,True,BASELINE_FALLBACK,True,ROLLING_QUALITY_BELOW_FULL_LOOKAHEAD,13,13,3,0,0,0,False,24201,679250,4704250,,True,,,1300,154,1146,1234,66,0,False,0,"[{""committed_round_count"": 4, ""fallback_used"": false, ""heuristic_candidate_pruning_used"": false, ""pruned_hard_compatible_pair_count"": 0, ""solver_status"": ""TIME_LIMIT"", ""strategy_used"": ""GEOGRAPHIC_CLUSTER""}, {""committed_round_count"": 2, ""fallback_used"": true, ""heuristic_candidate_pruning_used"": false, ""pruned_hard_compatible_pair_count"": 0, ""solver_status"": ""FEASIBLE"", ""strategy_used"": ""BASELINE_FALLBACK""}, {""committed_round_count"": 4, ""fallback_used"": true, ""heuristic_candidate_pruning_used"": false, ""pruned_hard_compatible_pair_count"": 0, ""solver_status"": ""FEASIBLE"", ""strategy_used"": ""BASELINE_FALLBACK""}, {""committed_round_count"": 2, ""fallback_used"": true, ""heuristic_candidate_pruning_used"": false, ""pruned_hard_compatible_pair_count"": 0, ""solver_status"": ""FEASIBLE"", ""strategy_used"": ""BASELINE_FALLBACK""}]","[""COVERED_AREA_COUNT_BELOW_FULL_LOOKAHEAD""]","{""boundary_zero_service_rate"": null, ""covered_areas"": 10, ""late_horizon_zero_service_rate"": 0.8, ""minimum_coverage_met"": false, ""non_boundary_zero_service_rate"": 0.375, ""service_rounds"": 12, ""underserved_points_covered"": 0}",,,,,,2202.97,SYNTHETIC_GENERATOR_AND_SYNTHETIC_ROAD_EDGES
home_repair_mixed-16-3-seed20277037,HOME_REPAIR_MIXED,S4_GEOGRAPHIC_ROLLING_7_21,16,3,1,"{""commit_window_days"": 7, ""lookahead_days"": 21, ""planning_window_days"": 28}",2,20277037,f8c61f7af3aae1d31f2994683399f34025dc8b7a767fc3eb33f3450dc4cc9904,9568.37,31.34,5818.71,6320.97,0.0,14.39,12092.79,8430,12917,280,0,OPTIMAL,True,BASELINE_FALLBACK,True,ROLLING_QUALITY_BELOW_FULL_LOOKAHEAD,13,13,3,0,0,0,False,24201,679250,4704250,,True,,,1300,154,1146,1234,66,0,False,0,"[{""committed_round_count"": 4, ""fallback_used"": false, ""heuristic_candidate_pruning_used"": false, ""pruned_hard_compatible_pair_count"": 0, ""solver_status"": ""TIME_LIMIT"", ""strategy_used"": ""GEOGRAPHIC_CLUSTER""}, {""committed_round_count"": 2, ""fallback_used"": true, ""heuristic_candidate_pruning_used"": false, ""pruned_hard_compatible_pair_count"": 0, ""solver_status"": ""FEASIBLE"", ""strategy_used"": ""BASELINE_FALLBACK""}, {""committed_round_count"": 4, ""fallback_used"": true, ""heuristic_candidate_pruning_used"": false, ""pruned_hard_compatible_pair_count"": 0, ""solver_status"": ""FEASIBLE"", ""strategy_used"": ""BASELINE_FALLBACK""}, {""committed_round_count"": 2, ""fallback_used"": true, ""heuristic_candidate_pruning_used"": false, ""pruned_hard_compatible_pair_count"": 0, ""solver_status"": ""FEASIBLE"", ""strategy_used"": ""BASELINE_FALLBACK""}]","[""COVERED_AREA_COUNT_BELOW_FULL_LOOKAHEAD""]","{""boundary_zero_service_rate"": null, ""covered_areas"": 10, ""late_horizon_zero_service_rate"": 0.8, ""minimum_coverage_met"": false, ""non_boundary_zero_service_rate"": 0.375, ""service_rounds"": 12, ""underserved_points_covered"": 0}",,,,,,2201.51,SYNTHETIC_GENERATOR_AND_SYNTHETIC_ROAD_EDGES
home_repair_mixed-16-3-seed20277037,HOME_REPAIR_MIXED,S4_GEOGRAPHIC_ROLLING_7_21,16,3,1,"{""commit_window_days"": 7, ""lookahead_days"": 21, ""planning_window_days"": 28}",3,20277037,f8c61f7af3aae1d31f2994683399f34025dc8b7a767fc3eb33f3450dc4cc9904,9474.71,42.04,5838.96,6249.0,0.0,13.62,12032.09,8430,12917,280,0,OPTIMAL,True,BASELINE_FALLBACK,True,ROLLING_QUALITY_BELOW_FULL_LOOKAHEAD,13,13,3,0,0,0,False,24201,679250,4704250,,True,,,1300,154,1146,1234,66,0,False,0,"[{""committed_round_count"": 4, ""fallback_used"": false, ""heuristic_candidate_pruning_used"": false, ""pruned_hard_compatible_pair_count"": 0, ""solver_status"": ""TIME_LIMIT"", ""strategy_used"": ""GEOGRAPHIC_CLUSTER""}, {""committed_round_count"": 2, ""fallback_used"": true, ""heuristic_candidate_pruning_used"": false, ""pruned_hard_compatible_pair_count"": 0, ""solver_status"": ""FEASIBLE"", ""strategy_used"": ""BASELINE_FALLBACK""}, {""committed_round_count"": 4, ""fallback_used"": true, ""heuristic_candidate_pruning_used"": false, ""pruned_hard_compatible_pair_count"": 0, ""solver_status"": ""FEASIBLE"", ""strategy_used"": ""BASELINE_FALLBACK""}, {""committed_round_count"": 2, ""fallback_used"": true, ""heuristic_candidate_pruning_used"": false, ""pruned_hard_compatible_pair_count"": 0, ""solver_status"": ""FEASIBLE"", ""strategy_used"": ""BASELINE_FALLBACK""}]","[""COVERED_AREA_COUNT_BELOW_FULL_LOOKAHEAD""]","{""boundary_zero_service_rate"": null, ""covered_areas"": 10, ""late_horizon_zero_service_rate"": 0.8, ""minimum_coverage_met"": false, ""non_boundary_zero_service_rate"": 0.375, ""service_rounds"": 12, ""underserved_points_covered"": 0}",,,,,,2193.24,SYNTHETIC_GENERATOR_AND_SYNTHETIC_ROAD_EDGES
mass_decline-16-3-seed20277038,MASS_DECLINE,S0_MONOLITHIC,16,3,,FULL_MONTH,1,20277038,2635992a9d347593c649b150b2d4f311fe18900efebf39b5da0cde42af817e10,37.37,8.09,2500.56,0.0,0.0,2.91,2860.81,2820,4063,132,1584,TIME_LIMIT,False,BASELINE_MONOLITHIC,False,,11,11,5,0,0,0,False,13092,367435,4432435,,True,,,5076,185,4891,5054,22,0,False,0,[],[],,,,,,,319.06,SYNTHETIC_GENERATOR_AND_SYNTHETIC_ROAD_EDGES
mass_decline-16-3-seed20277038,MASS_DECLINE,S0_MONOLITHIC,16,3,,FULL_MONTH,2,20277038,2635992a9d347593c649b150b2d4f311fe18900efebf39b5da0cde42af817e10,36.09,7.63,2500.46,0.0,0.0,2.73,2858.87,2820,4063,132,1584,TIME_LIMIT,False,BASELINE_MONOLITHIC,False,,11,11,5,0,0,0,False,13092,367435,4432435,,True,,,5076,185,4891,5054,22,0,False,0,[],[],,,,,,,318.69,SYNTHETIC_GENERATOR_AND_SYNTHETIC_ROAD_EDGES
mass_decline-16-3-seed20277038,MASS_DECLINE,S0_MONOLITHIC,16,3,,FULL_MONTH,3,20277038,2635992a9d347593c649b150b2d4f311fe18900efebf39b5da0cde42af817e10,36.62,7.67,2498.3,0.0,0.0,2.76,2871.41,2820,4063,132,1584,TIME_LIMIT,False,BASELINE_MONOLITHIC,False,,11,11,5,0,0,0,False,13092,367435,4432435,,True,,,5076,185,4891,5054,22,0,False,0,[],[],,,,,,,332.73,SYNTHETIC_GENERATOR_AND_SYNTHETIC_ROAD_EDGES
mass_decline-16-3-seed20277038,MASS_DECLINE,S1_V5_BASELINE,16,3,,FULL_MONTH,1,20277038,2635992a9d347593c649b150b2d4f311fe18900efebf39b5da0cde42af817e10,16.35,8.35,30.98,0.0,0.0,3.91,98.28,895,1355,132,0,OPTIMAL,True,BASELINE_DECOMPOSED,False,,11,11,5,0,0,0,False,18163,509720,4574720,,True,,,271,107,164,252,19,0,False,0,[],[],,,,,,,52.61,SYNTHETIC_GENERATOR_AND_SYNTHETIC_ROAD_EDGES
mass_decline-16-3-seed20277038,MASS_DECLINE,S1_V5_BASELINE,16,3,,FULL_MONTH,2,20277038,2635992a9d347593c649b150b2d4f311fe18900efebf39b5da0cde42af817e10,16.26,8.58,30.39,0.0,0.0,4.22,98.06,895,1355,132,0,OPTIMAL,True,BASELINE_DECOMPOSED,False,,11,11,5,0,0,0,False,18163,509720,4574720,,True,,,271,107,164,252,19,0,False,0,[],[],,,,,,,53.0,SYNTHETIC_GENERATOR_AND_SYNTHETIC_ROAD_EDGES
mass_decline-16-3-seed20277038,MASS_DECLINE,S1_V5_BASELINE,16,3,,FULL_MONTH,3,20277038,2635992a9d347593c649b150b2d4f311fe18900efebf39b5da0cde42af817e10,17.14,8.27,31.26,0.0,0.0,3.99,96.9,895,1355,132,0,OPTIMAL,True,BASELINE_DECOMPOSED,False,,11,11,5,0,0,0,False,18163,509720,4574720,,True,,,271,107,164,252,19,0,False,0,[],[],,,,,,,50.57,SYNTHETIC_GENERATOR_AND_SYNTHETIC_ROAD_EDGES
mass_decline-16-3-seed20277038,MASS_DECLINE,S2_GEOGRAPHIC_CLUSTER,16,3,1,FULL_MONTH,1,20277038,2635992a9d347593c649b150b2d4f311fe18900efebf39b5da0cde42af817e10,20.6,10.49,313.66,10.19,0.0,4.8,236.15,1790,2688,132,0,FEASIBLE,False,GEOGRAPHIC_CLUSTER,False,,11,11,5,0,0,0,False,17791,499280,4564280,,True,,"{""budget"": true, ""minimum_coverage_reported_truthfully"": true, ""provider_capacity"": true, ""provider_monthly_compensation"": true, ""route_feasibility"": true, ""schedule_overlap_and_daily_hours"": true, ""service_compatibility"": true}",340,103,237,318,22,0,False,0,[],[],,,,,0.0,0.3125,51.13,SYNTHETIC_GENERATOR_AND_SYNTHETIC_ROAD_EDGES
mass_decline-16-3-seed20277038,MASS_DECLINE,S2_GEOGRAPHIC_CLUSTER,16,3,1,FULL_MONTH,2,20277038,2635992a9d347593c649b150b2d4f311fe18900efebf39b5da0cde42af817e10,20.74,10.12,313.22,10.0,0.0,4.24,233.58,1790,2688,132,0,FEASIBLE,False,GEOGRAPHIC_CLUSTER,False,,11,11,5,0,0,0,False,17791,499280,4564280,,True,,"{""budget"": true, ""minimum_coverage_reported_truthfully"": true, ""provider_capacity"": true, ""provider_monthly_compensation"": true, ""route_feasibility"": true, ""schedule_overlap_and_daily_hours"": true, ""service_compatibility"": true}",340,103,237,318,22,0,False,0,[],[],,,,,0.0,0.3125,49.05,SYNTHETIC_GENERATOR_AND_SYNTHETIC_ROAD_EDGES
mass_decline-16-3-seed20277038,MASS_DECLINE,S2_GEOGRAPHIC_CLUSTER,16,3,1,FULL_MONTH,3,20277038,2635992a9d347593c649b150b2d4f311fe18900efebf39b5da0cde42af817e10,21.0,12.07,310.62,10.31,0.0,4.3,238.13,1790,2688,132,0,FEASIBLE,False,GEOGRAPHIC_CLUSTER,False,,11,11,5,0,0,0,False,17791,499280,4564280,,True,,"{""budget"": true, ""minimum_coverage_reported_truthfully"": true, ""provider_capacity"": true, ""provider_monthly_compensation"": true, ""route_feasibility"": true, ""schedule_overlap_and_daily_hours"": true, ""service_compatibility"": true}",340,103,237,318,22,0,False,0,[],[],,,,,0.0,0.3125,55.11,SYNTHETIC_GENERATOR_AND_SYNTHETIC_ROAD_EDGES
mass_decline-16-3-seed20277038,MASS_DECLINE,S3_ROLLING_HORIZON_7_21,16,3,,"{""commit_window_days"": 7, ""lookahead_days"": 21, ""planning_window_days"": 28}",1,20277038,2635992a9d347593c649b150b2d4f311fe18900efebf39b5da0cde42af817e10,59.87,9.05,107.08,0.0,0.0,7.4,160.24,3232,4811,132,0,FEASIBLE,False,ROLLING_HORIZON,False,,11,11,5,0,0,0,False,19263,540583,4605583,,True,,,499,121,378,460,39,0,False,0,"[{""committed_round_count"": 1, ""fallback_used"": false, ""heuristic_candidate_pruning_used"": false, ""pruned_hard_compatible_pair_count"": 0, ""solver_status"": ""OPTIMAL"", ""strategy_used"": ""BASELINE_DECOMPOSED""}, {""committed_round_count"": 1, ""fallback_used"": false, ""heuristic_candidate_pruning_used"": false, ""pruned_hard_compatible_pair_count"": 0, ""solver_status"": ""OPTIMAL"", ""strategy_used"": ""BASELINE_DECOMPOSED""}, {""committed_round_count"": 2, ""fallback_used"": false, ""heuristic_candidate_pruning_used"": false, ""pruned_hard_compatible_pair_count"": 0, ""solver_status"": ""OPTIMAL"", ""strategy_used"": ""BASELINE_DECOMPOSED""}, {""committed_round_count"": 7, ""fallback_used"": false, ""heuristic_candidate_pruning_used"": false, ""pruned_hard_compatible_pair_count"": 0, ""solver_status"": ""OPTIMAL"", ""strategy_used"": ""BASELINE_DECOMPOSED""}]",[],,,0.3125,0.4166666666666667,,0.3125,0.01,SYNTHETIC_GENERATOR_AND_SYNTHETIC_ROAD_EDGES
mass_decline-16-3-seed20277038,MASS_DECLINE,S3_ROLLING_HORIZON_7_21,16,3,,"{""commit_window_days"": 7, ""lookahead_days"": 21, ""planning_window_days"": 28}",2,20277038,2635992a9d347593c649b150b2d4f311fe18900efebf39b5da0cde42af817e10,59.35,9.3,104.88,0.0,0.0,7.34,157.29,3232,4811,132,0,FEASIBLE,False,ROLLING_HORIZON,False,,11,11,5,0,0,0,False,19263,540583,4605583,,True,,,499,121,378,460,39,0,False,0,"[{""committed_round_count"": 1, ""fallback_used"": false, ""heuristic_candidate_pruning_used"": false, ""pruned_hard_compatible_pair_count"": 0, ""solver_status"": ""OPTIMAL"", ""strategy_used"": ""BASELINE_DECOMPOSED""}, {""committed_round_count"": 1, ""fallback_used"": false, ""heuristic_candidate_pruning_used"": false, ""pruned_hard_compatible_pair_count"": 0, ""solver_status"": ""OPTIMAL"", ""strategy_used"": ""BASELINE_DECOMPOSED""}, {""committed_round_count"": 2, ""fallback_used"": false, ""heuristic_candidate_pruning_used"": false, ""pruned_hard_compatible_pair_count"": 0, ""solver_status"": ""OPTIMAL"", ""strategy_used"": ""BASELINE_DECOMPOSED""}, {""committed_round_count"": 7, ""fallback_used"": false, ""heuristic_candidate_pruning_used"": false, ""pruned_hard_compatible_pair_count"": 0, ""solver_status"": ""OPTIMAL"", ""strategy_used"": ""BASELINE_DECOMPOSED""}]",[],,,0.3125,0.4166666666666667,,0.3125,0.01,SYNTHETIC_GENERATOR_AND_SYNTHETIC_ROAD_EDGES
mass_decline-16-3-seed20277038,MASS_DECLINE,S3_ROLLING_HORIZON_7_21,16,3,,"{""commit_window_days"": 7, ""lookahead_days"": 21, ""planning_window_days"": 28}",3,20277038,2635992a9d347593c649b150b2d4f311fe18900efebf39b5da0cde42af817e10,60.14,9.05,105.87,0.0,0.0,8.03,160.28,3232,4811,132,0,FEASIBLE,False,ROLLING_HORIZON,False,,11,11,5,0,0,0,False,19263,540583,4605583,,True,,,499,121,378,460,39,0,False,0,"[{""committed_round_count"": 1, ""fallback_used"": false, ""heuristic_candidate_pruning_used"": false, ""pruned_hard_compatible_pair_count"": 0, ""solver_status"": ""OPTIMAL"", ""strategy_used"": ""BASELINE_DECOMPOSED""}, {""committed_round_count"": 1, ""fallback_used"": false, ""heuristic_candidate_pruning_used"": false, ""pruned_hard_compatible_pair_count"": 0, ""solver_status"": ""OPTIMAL"", ""strategy_used"": ""BASELINE_DECOMPOSED""}, {""committed_round_count"": 2, ""fallback_used"": false, ""heuristic_candidate_pruning_used"": false, ""pruned_hard_compatible_pair_count"": 0, ""solver_status"": ""OPTIMAL"", ""strategy_used"": ""BASELINE_DECOMPOSED""}, {""committed_round_count"": 7, ""fallback_used"": false, ""heuristic_candidate_pruning_used"": false, ""pruned_hard_compatible_pair_count"": 0, ""solver_status"": ""OPTIMAL"", ""strategy_used"": ""BASELINE_DECOMPOSED""}]",[],,,0.3125,0.4166666666666667,,0.3125,0.01,SYNTHETIC_GENERATOR_AND_SYNTHETIC_ROAD_EDGES
mass_decline-16-3-seed20277038,MASS_DECLINE,S4_GEOGRAPHIC_ROLLING_7_21,16,3,3,"{""commit_window_days"": 7, ""lookahead_days"": 21, ""planning_window_days"": 28}",1,20277038,2635992a9d347593c649b150b2d4f311fe18900efebf39b5da0cde42af817e10,88.71,21.6,452.55,40.9,0.0,8.22,391.86,6231,9285,132,0,OPTIMAL,True,BASELINE_FALLBACK,True,ROLLING_QUALITY_BELOW_FULL_LOOKAHEAD,11,11,5,0,0,0,False,18163,509720,4574720,,True,,,775,124,651,732,43,0,False,0,"[{""committed_round_count"": 4, ""fallback_used"": false, ""heuristic_candidate_pruning_used"": false, ""pruned_hard_compatible_pair_count"": 0, ""solver_status"": ""FEASIBLE"", ""strategy_used"": ""GEOGRAPHIC_CLUSTER""}, {""committed_round_count"": 4, ""fallback_used"": false, ""heuristic_candidate_pruning_used"": false, ""pruned_hard_compatible_pair_count"": 0, ""solver_status"": ""FEASIBLE"", ""strategy_used"": ""GEOGRAPHIC_CLUSTER""}, {""committed_round_count"": 2, ""fallback_used"": false, ""heuristic_candidate_pruning_used"": false, ""pruned_hard_compatible_pair_count"": 0, ""solver_status"": ""FEASIBLE"", ""strategy_used"": ""GEOGRAPHIC_CLUSTER""}, {""committed_round_count"": 0, ""fallback_used"": true, ""heuristic_candidate_pruning_used"": false, ""pruned_hard_compatible_pair_count"": 0, ""solver_status"": ""OPTIMAL"", ""strategy_used"": ""BASELINE_FALLBACK""}]","[""COVERED_AREA_COUNT_BELOW_FULL_LOOKAHEAD""]","{""boundary_zero_service_rate"": null, ""covered_areas"": 10, ""late_horizon_zero_service_rate"": 1.0, ""minimum_coverage_met"": false, ""non_boundary_zero_service_rate"": 0.375, ""service_rounds"": 10, ""underserved_points_covered"": 0}",,,,,,49.44,SYNTHETIC_GENERATOR_AND_SYNTHETIC_ROAD_EDGES
mass_decline-16-3-seed20277038,MASS_DECLINE,S4_GEOGRAPHIC_ROLLING_7_21,16,3,3,"{""commit_window_days"": 7, ""lookahead_days"": 21, ""planning_window_days"": 28}",2,20277038,2635992a9d347593c649b150b2d4f311fe18900efebf39b5da0cde42af817e10,90.85,21.98,447.37,41.79,0.0,8.51,391.2,6231,9285,132,0,OPTIMAL,True,BASELINE_FALLBACK,True,ROLLING_QUALITY_BELOW_FULL_LOOKAHEAD,11,11,5,0,0,0,False,18163,509720,4574720,,True,,,775,124,651,732,43,0,False,0,"[{""committed_round_count"": 4, ""fallback_used"": false, ""heuristic_candidate_pruning_used"": false, ""pruned_hard_compatible_pair_count"": 0, ""solver_status"": ""FEASIBLE"", ""strategy_used"": ""GEOGRAPHIC_CLUSTER""}, {""committed_round_count"": 4, ""fallback_used"": false, ""heuristic_candidate_pruning_used"": false, ""pruned_hard_compatible_pair_count"": 0, ""solver_status"": ""FEASIBLE"", ""strategy_used"": ""GEOGRAPHIC_CLUSTER""}, {""committed_round_count"": 2, ""fallback_used"": false, ""heuristic_candidate_pruning_used"": false, ""pruned_hard_compatible_pair_count"": 0, ""solver_status"": ""FEASIBLE"", ""strategy_used"": ""GEOGRAPHIC_CLUSTER""}, {""committed_round_count"": 0, ""fallback_used"": true, ""heuristic_candidate_pruning_used"": false, ""pruned_hard_compatible_pair_count"": 0, ""solver_status"": ""OPTIMAL"", ""strategy_used"": ""BASELINE_FALLBACK""}]","[""COVERED_AREA_COUNT_BELOW_FULL_LOOKAHEAD""]","{""boundary_zero_service_rate"": null, ""covered_areas"": 10, ""late_horizon_zero_service_rate"": 1.0, ""minimum_coverage_met"": false, ""non_boundary_zero_service_rate"": 0.375, ""service_rounds"": 10, ""underserved_points_covered"": 0}",,,,,,50.79,SYNTHETIC_GENERATOR_AND_SYNTHETIC_ROAD_EDGES
mass_decline-16-3-seed20277038,MASS_DECLINE,S4_GEOGRAPHIC_ROLLING_7_21,16,3,3,"{""commit_window_days"": 7, ""lookahead_days"": 21, ""planning_window_days"": 28}",3,20277038,2635992a9d347593c649b150b2d4f311fe18900efebf39b5da0cde42af817e10,92.54,23.28,450.1,40.42,0.0,9.14,396.37,6231,9285,132,0,OPTIMAL,True,BASELINE_FALLBACK,True,ROLLING_QUALITY_BELOW_FULL_LOOKAHEAD,11,11,5,0,0,0,False,18163,509720,4574720,,True,,,775,124,651,732,43,0,False,0,"[{""committed_round_count"": 4, ""fallback_used"": false, ""heuristic_candidate_pruning_used"": false, ""pruned_hard_compatible_pair_count"": 0, ""solver_status"": ""FEASIBLE"", ""strategy_used"": ""GEOGRAPHIC_CLUSTER""}, {""committed_round_count"": 4, ""fallback_used"": false, ""heuristic_candidate_pruning_used"": false, ""pruned_hard_compatible_pair_count"": 0, ""solver_status"": ""FEASIBLE"", ""strategy_used"": ""GEOGRAPHIC_CLUSTER""}, {""committed_round_count"": 2, ""fallback_used"": false, ""heuristic_candidate_pruning_used"": false, ""pruned_hard_compatible_pair_count"": 0, ""solver_status"": ""FEASIBLE"", ""strategy_used"": ""GEOGRAPHIC_CLUSTER""}, {""committed_round_count"": 0, ""fallback_used"": true, ""heuristic_candidate_pruning_used"": false, ""pruned_hard_compatible_pair_count"": 0, ""solver_status"": ""OPTIMAL"", ""strategy_used"": ""BASELINE_FALLBACK""}]","[""COVERED_AREA_COUNT_BELOW_FULL_LOOKAHEAD""]","{""boundary_zero_service_rate"": null, ""covered_areas"": 10, ""late_horizon_zero_service_rate"": 1.0, ""minimum_coverage_met"": false, ""non_boundary_zero_service_rate"": 0.375, ""service_rounds"": 10, ""underserved_points_covered"": 0}",,,,,,52.23,SYNTHETIC_GENERATOR_AND_SYNTHETIC_ROAD_EDGES
normal-30-5-seed20291052,NORMAL,S0_MONOLITHIC,30,5,,FULL_MONTH,1,20291052,57fd2652ced2007ac4001a3f0c8177ec6a1ac3a94ecebec923c09ecfe746be68,372.18,10.08,1584.36,0.0,0.0,0.0,1965.92,26003,33596,880,18480,UNKNOWN,False,BASELINE_MONOLITHIC,False,,0,0,30,,,,False,0,0,0,,True,,,18680,1070,17610,18680,0,0,False,0,[],[],,,,,,,0.0,SYNTHETIC_GENERATOR_AND_SYNTHETIC_ROAD_EDGES
normal-30-5-seed20291052,NORMAL,S0_MONOLITHIC,30,5,,FULL_MONTH,2,20291052,57fd2652ced2007ac4001a3f0c8177ec6a1ac3a94ecebec923c09ecfe746be68,359.39,10.53,1585.94,0.0,0.0,0.0,1955.15,26003,33596,880,18480,UNKNOWN,False,BASELINE_MONOLITHIC,False,,0,0,30,,,,False,0,0,0,,True,,,18680,1070,17610,18680,0,0,False,0,[],[],,,,,,,0.0,SYNTHETIC_GENERATOR_AND_SYNTHETIC_ROAD_EDGES
normal-30-5-seed20291052,NORMAL,S0_MONOLITHIC,30,5,,FULL_MONTH,3,20291052,57fd2652ced2007ac4001a3f0c8177ec6a1ac3a94ecebec923c09ecfe746be68,359.42,10.05,1569.6,0.0,0.0,0.0,1939.82,26003,33596,880,18480,UNKNOWN,False,BASELINE_MONOLITHIC,False,,0,0,30,,,,False,0,0,0,,True,,,18680,1070,17610,18680,0,0,False,0,[],[],,,,,,,0.0,SYNTHETIC_GENERATOR_AND_SYNTHETIC_ROAD_EDGES
normal-30-5-seed20291052,NORMAL,S1_V5_BASELINE,30,5,,FULL_MONTH,1,20291052,57fd2652ced2007ac4001a3f0c8177ec6a1ac3a94ecebec923c09ecfe746be68,2451.02,10.72,4479.18,0.0,0.0,3.46,4516.57,2651,4079,880,0,TIME_LIMIT,False,BASELINE_DECOMPOSED,False,,28,28,2,0,0,0,False,44990,1262652,8727652,,True,,,400,280,120,380,20,0,False,0,[],[],,,,,,,590.62,SYNTHETIC_GENERATOR_AND_SYNTHETIC_ROAD_EDGES
normal-30-5-seed20291052,NORMAL,S1_V5_BASELINE,30,5,,FULL_MONTH,2,20291052,57fd2652ced2007ac4001a3f0c8177ec6a1ac3a94ecebec923c09ecfe746be68,2449.32,10.23,4477.29,0.0,0.0,4.3,4514.2,2651,4079,880,0,TIME_LIMIT,False,BASELINE_DECOMPOSED,False,,28,28,2,0,0,0,False,44990,1262652,8727652,,True,,,400,280,120,380,20,0,False,0,[],[],,,,,,,587.99,SYNTHETIC_GENERATOR_AND_SYNTHETIC_ROAD_EDGES
normal-30-5-seed20291052,NORMAL,S1_V5_BASELINE,30,5,,FULL_MONTH,3,20291052,57fd2652ced2007ac4001a3f0c8177ec6a1ac3a94ecebec923c09ecfe746be68,2498.93,10.43,4560.69,0.0,0.0,3.25,4595.59,2651,4079,880,0,TIME_LIMIT,False,BASELINE_DECOMPOSED,False,,28,28,2,0,0,0,False,44990,1262652,8727652,,True,,,400,280,120,380,20,0,False,0,[],[],,,,,,,616.67,SYNTHETIC_GENERATOR_AND_SYNTHETIC_ROAD_EDGES
normal-30-5-seed20291052,NORMAL,S2_GEOGRAPHIC_CLUSTER,30,5,2,FULL_MONTH,1,20291052,57fd2652ced2007ac4001a3f0c8177ec6a1ac3a94ecebec923c09ecfe746be68,54.52,20.56,4756.54,3112.25,0.0,1.96,5538.48,5312,8117,880,0,TIME_LIMIT,False,GEOGRAPHIC_CLUSTER,False,,19,19,11,0,0,0,False,29443,826387,8681387,,True,,"{""budget"": true, ""minimum_coverage_reported_truthfully"": true, ""provider_capacity"": true, ""provider_monthly_compensation"": true, ""route_feasibility"": true, ""schedule_overlap_and_daily_hours"": true, ""service_compatibility"": true}",575,249,326,564,11,0,False,0,[],[],,,,,0.125,0.45454545454545453,586.85,SYNTHETIC_GENERATOR_AND_SYNTHETIC_ROAD_EDGES
normal-30-5-seed20291052,NORMAL,S2_GEOGRAPHIC_CLUSTER,30,5,2,FULL_MONTH,2,20291052,57fd2652ced2007ac4001a3f0c8177ec6a1ac3a94ecebec923c09ecfe746be68,95.22,41.81,4810.02,3104.16,0.0,1.97,5577.56,5312,8117,880,0,TIME_LIMIT,False,GEOGRAPHIC_CLUSTER,False,,19,19,11,0,0,0,False,29443,826387,8681387,,True,,"{""budget"": true, ""minimum_coverage_reported_truthfully"": true, ""provider_capacity"": true, ""provider_monthly_compensation"": true, ""route_feasibility"": true, ""schedule_overlap_and_daily_hours"": true, ""service_compatibility"": true}",575,249,326,564,11,0,False,0,[],[],,,,,0.125,0.45454545454545453,586.3,SYNTHETIC_GENERATOR_AND_SYNTHETIC_ROAD_EDGES
normal-30-5-seed20291052,NORMAL,S2_GEOGRAPHIC_CLUSTER,30,5,2,FULL_MONTH,3,20291052,57fd2652ced2007ac4001a3f0c8177ec6a1ac3a94ecebec923c09ecfe746be68,52.4,21.35,4765.36,3102.59,0.0,2.06,5532.91,5312,8117,880,0,TIME_LIMIT,False,GEOGRAPHIC_CLUSTER,False,,19,19,11,0,0,0,False,29443,826387,8681387,,True,,"{""budget"": true, ""minimum_coverage_reported_truthfully"": true, ""provider_capacity"": true, ""provider_monthly_compensation"": true, ""route_feasibility"": true, ""schedule_overlap_and_daily_hours"": true, ""service_compatibility"": true}",575,249,326,564,11,0,False,0,[],[],,,,,0.125,0.45454545454545453,592.53,SYNTHETIC_GENERATOR_AND_SYNTHETIC_ROAD_EDGES
normal-30-5-seed20291052,NORMAL,S3_ROLLING_HORIZON_7_21,30,5,,"{""commit_window_days"": 7, ""lookahead_days"": 21, ""planning_window_days"": 28}",1,20291052,57fd2652ced2007ac4001a3f0c8177ec6a1ac3a94ecebec923c09ecfe746be68,10668.13,35.59,15252.76,0.0,0.0,12.85,13903.18,8756,13279,880,0,TIME_LIMIT,False,BASELINE_FALLBACK,True,ROLLING_QUALITY_BELOW_FULL_LOOKAHEAD,28,28,2,0,0,0,False,44990,1262652,8727652,,True,,,1652,360,1292,1584,68,0,False,0,"[{""committed_round_count"": 15, ""fallback_used"": false, ""heuristic_candidate_pruning_used"": false, ""pruned_hard_compatible_pair_count"": 0, ""solver_status"": ""TIME_LIMIT"", ""strategy_used"": ""BASELINE_DECOMPOSED""}, {""committed_round_count"": 3, ""fallback_used"": false, ""heuristic_candidate_pruning_used"": false, ""pruned_hard_compatible_pair_count"": 0, ""solver_status"": ""TIME_LIMIT"", ""strategy_used"": ""BASELINE_DECOMPOSED""}, {""committed_round_count"": 4, ""fallback_used"": false, ""heuristic_candidate_pruning_used"": false, ""pruned_hard_compatible_pair_count"": 0, ""solver_status"": ""TIME_LIMIT"", ""strategy_used"": ""BASELINE_DECOMPOSED""}, {""committed_round_count"": 7, ""fallback_used"": false, ""heuristic_candidate_pruning_used"": false, ""pruned_hard_compatible_pair_count"": 0, ""solver_status"": ""FEASIBLE"", ""strategy_used"": ""BASELINE_DECOMPOSED""}]","[""COVERED_AREA_COUNT_BELOW_FULL_LOOKAHEAD""]","{""boundary_zero_service_rate"": null, ""covered_areas"": 22, ""late_horizon_zero_service_rate"": 0.6956521739130435, ""minimum_coverage_met"": false, ""non_boundary_zero_service_rate"": 0.26666666666666666, ""service_rounds"": 29, ""underserved_points_covered"": 0}",,,,,,0.01,SYNTHETIC_GENERATOR_AND_SYNTHETIC_ROAD_EDGES
normal-30-5-seed20291052,NORMAL,S3_ROLLING_HORIZON_7_21,30,5,,"{""commit_window_days"": 7, ""lookahead_days"": 21, ""planning_window_days"": 28}",2,20291052,57fd2652ced2007ac4001a3f0c8177ec6a1ac3a94ecebec923c09ecfe746be68,10798.44,35.84,15352.06,0.0,0.0,12.32,14001.31,8756,13279,880,0,TIME_LIMIT,False,BASELINE_FALLBACK,True,ROLLING_QUALITY_BELOW_FULL_LOOKAHEAD,28,28,2,0,0,0,False,44990,1262652,8727652,,True,,,1652,360,1292,1584,68,0,False,0,"[{""committed_round_count"": 15, ""fallback_used"": false, ""heuristic_candidate_pruning_used"": false, ""pruned_hard_compatible_pair_count"": 0, ""solver_status"": ""TIME_LIMIT"", ""strategy_used"": ""BASELINE_DECOMPOSED""}, {""committed_round_count"": 3, ""fallback_used"": false, ""heuristic_candidate_pruning_used"": false, ""pruned_hard_compatible_pair_count"": 0, ""solver_status"": ""TIME_LIMIT"", ""strategy_used"": ""BASELINE_DECOMPOSED""}, {""committed_round_count"": 4, ""fallback_used"": false, ""heuristic_candidate_pruning_used"": false, ""pruned_hard_compatible_pair_count"": 0, ""solver_status"": ""TIME_LIMIT"", ""strategy_used"": ""BASELINE_DECOMPOSED""}, {""committed_round_count"": 7, ""fallback_used"": false, ""heuristic_candidate_pruning_used"": false, ""pruned_hard_compatible_pair_count"": 0, ""solver_status"": ""FEASIBLE"", ""strategy_used"": ""BASELINE_DECOMPOSED""}]","[""COVERED_AREA_COUNT_BELOW_FULL_LOOKAHEAD""]","{""boundary_zero_service_rate"": null, ""covered_areas"": 22, ""late_horizon_zero_service_rate"": 0.6956521739130435, ""minimum_coverage_met"": false, ""non_boundary_zero_service_rate"": 0.26666666666666666, ""service_rounds"": 29, ""underserved_points_covered"": 0}",,,,,,0.01,SYNTHETIC_GENERATOR_AND_SYNTHETIC_ROAD_EDGES
normal-30-5-seed20291052,NORMAL,S3_ROLLING_HORIZON_7_21,30,5,,"{""commit_window_days"": 7, ""lookahead_days"": 21, ""planning_window_days"": 28}",3,20291052,57fd2652ced2007ac4001a3f0c8177ec6a1ac3a94ecebec923c09ecfe746be68,10635.69,35.15,15254.48,0.0,0.0,13.55,13900.7,8756,13279,880,0,TIME_LIMIT,False,BASELINE_FALLBACK,True,ROLLING_QUALITY_BELOW_FULL_LOOKAHEAD,28,28,2,0,0,0,False,44990,1262652,8727652,,True,,,1652,360,1292,1584,68,0,False,0,"[{""committed_round_count"": 15, ""fallback_used"": false, ""heuristic_candidate_pruning_used"": false, ""pruned_hard_compatible_pair_count"": 0, ""solver_status"": ""TIME_LIMIT"", ""strategy_used"": ""BASELINE_DECOMPOSED""}, {""committed_round_count"": 3, ""fallback_used"": false, ""heuristic_candidate_pruning_used"": false, ""pruned_hard_compatible_pair_count"": 0, ""solver_status"": ""TIME_LIMIT"", ""strategy_used"": ""BASELINE_DECOMPOSED""}, {""committed_round_count"": 4, ""fallback_used"": false, ""heuristic_candidate_pruning_used"": false, ""pruned_hard_compatible_pair_count"": 0, ""solver_status"": ""TIME_LIMIT"", ""strategy_used"": ""BASELINE_DECOMPOSED""}, {""committed_round_count"": 7, ""fallback_used"": false, ""heuristic_candidate_pruning_used"": false, ""pruned_hard_compatible_pair_count"": 0, ""solver_status"": ""FEASIBLE"", ""strategy_used"": ""BASELINE_DECOMPOSED""}]","[""COVERED_AREA_COUNT_BELOW_FULL_LOOKAHEAD""]","{""boundary_zero_service_rate"": null, ""covered_areas"": 22, ""late_horizon_zero_service_rate"": 0.6956521739130435, ""minimum_coverage_met"": false, ""non_boundary_zero_service_rate"": 0.26666666666666666, ""service_rounds"": 29, ""underserved_points_covered"": 0}",,,,,,0.01,SYNTHETIC_GENERATOR_AND_SYNTHETIC_ROAD_EDGES
normal-30-5-seed20291052,NORMAL,S4_GEOGRAPHIC_ROLLING_7_21,30,5,2,"{""commit_window_days"": 7, ""lookahead_days"": 21, ""planning_window_days"": 28}",1,20291052,57fd2652ced2007ac4001a3f0c8177ec6a1ac3a94ecebec923c09ecfe746be68,20902.35,88.49,17543.5,18757.37,0.0,20.09,30565.16,20060,30297,880,0,TIME_LIMIT,False,BASELINE_FALLBACK,True,ROLLING_QUALITY_BELOW_FULL_LOOKAHEAD,28,28,2,0,0,0,False,44990,1262652,8727652,,True,,,3497,393,3104,3402,95,0,False,0,"[{""committed_round_count"": 6, ""fallback_used"": false, ""heuristic_candidate_pruning_used"": false, ""pruned_hard_compatible_pair_count"": 0, ""solver_status"": ""TIME_LIMIT"", ""strategy_used"": ""GEOGRAPHIC_CLUSTER""}, {""committed_round_count"": 9, ""fallback_used"": true, ""heuristic_candidate_pruning_used"": false, ""pruned_hard_compatible_pair_count"": 0, ""solver_status"": ""TIME_LIMIT"", ""strategy_used"": ""BASELINE_FALLBACK""}, {""committed_round_count"": 2, ""fallback_used"": true, ""heuristic_candidate_pruning_used"": false, ""pruned_hard_compatible_pair_count"": 0, ""solver_status"": ""FEASIBLE"", ""strategy_used"": ""BASELINE_FALLBACK""}, {""committed_round_count"": 4, ""fallback_used"": true, ""heuristic_candidate_pruning_used"": false, ""pruned_hard_compatible_pair_count"": 0, ""solver_status"": ""FEASIBLE"", ""strategy_used"": ""BASELINE_FALLBACK""}]","[""COVERED_AREA_COUNT_BELOW_FULL_LOOKAHEAD""]","{""boundary_zero_service_rate"": 0.5, ""covered_areas"": 16, ""late_horizon_zero_service_rate"": 0.8260869565217391, ""minimum_coverage_met"": false, ""non_boundary_zero_service_rate"": 0.45454545454545453, ""service_rounds"": 21, ""underserved_points_covered"": 0}",,,,,,588.99,SYNTHETIC_GENERATOR_AND_SYNTHETIC_ROAD_EDGES
normal-30-5-seed20291052,NORMAL,S4_GEOGRAPHIC_ROLLING_7_21,30,5,2,"{""commit_window_days"": 7, ""lookahead_days"": 21, ""planning_window_days"": 28}",2,20291052,57fd2652ced2007ac4001a3f0c8177ec6a1ac3a94ecebec923c09ecfe746be68,20847.53,88.66,17478.34,18811.78,0.0,18.26,30583.92,20060,30297,880,0,TIME_LIMIT,False,BASELINE_FALLBACK,True,ROLLING_QUALITY_BELOW_FULL_LOOKAHEAD,28,28,2,0,0,0,False,44990,1262652,8727652,,True,,,3497,393,3104,3402,95,0,False,0,"[{""committed_round_count"": 6, ""fallback_used"": false, ""heuristic_candidate_pruning_used"": false, ""pruned_hard_compatible_pair_count"": 0, ""solver_status"": ""TIME_LIMIT"", ""strategy_used"": ""GEOGRAPHIC_CLUSTER""}, {""committed_round_count"": 9, ""fallback_used"": true, ""heuristic_candidate_pruning_used"": false, ""pruned_hard_compatible_pair_count"": 0, ""solver_status"": ""TIME_LIMIT"", ""strategy_used"": ""BASELINE_FALLBACK""}, {""committed_round_count"": 2, ""fallback_used"": true, ""heuristic_candidate_pruning_used"": false, ""pruned_hard_compatible_pair_count"": 0, ""solver_status"": ""FEASIBLE"", ""strategy_used"": ""BASELINE_FALLBACK""}, {""committed_round_count"": 4, ""fallback_used"": true, ""heuristic_candidate_pruning_used"": false, ""pruned_hard_compatible_pair_count"": 0, ""solver_status"": ""FEASIBLE"", ""strategy_used"": ""BASELINE_FALLBACK""}]","[""COVERED_AREA_COUNT_BELOW_FULL_LOOKAHEAD""]","{""boundary_zero_service_rate"": 0.5, ""covered_areas"": 16, ""late_horizon_zero_service_rate"": 0.8260869565217391, ""minimum_coverage_met"": false, ""non_boundary_zero_service_rate"": 0.45454545454545453, ""service_rounds"": 21, ""underserved_points_covered"": 0}",,,,,,592.24,SYNTHETIC_GENERATOR_AND_SYNTHETIC_ROAD_EDGES
normal-30-5-seed20291052,NORMAL,S4_GEOGRAPHIC_ROLLING_7_21,30,5,2,"{""commit_window_days"": 7, ""lookahead_days"": 21, ""planning_window_days"": 28}",3,20291052,57fd2652ced2007ac4001a3f0c8177ec6a1ac3a94ecebec923c09ecfe746be68,20810.27,87.6,17478.48,18774.25,0.0,18.1,30551.59,20060,30297,880,0,TIME_LIMIT,False,BASELINE_FALLBACK,True,ROLLING_QUALITY_BELOW_FULL_LOOKAHEAD,28,28,2,0,0,0,False,44990,1262652,8727652,,True,,,3497,393,3104,3402,95,0,False,0,"[{""committed_round_count"": 6, ""fallback_used"": false, ""heuristic_candidate_pruning_used"": false, ""pruned_hard_compatible_pair_count"": 0, ""solver_status"": ""TIME_LIMIT"", ""strategy_used"": ""GEOGRAPHIC_CLUSTER""}, {""committed_round_count"": 9, ""fallback_used"": true, ""heuristic_candidate_pruning_used"": false, ""pruned_hard_compatible_pair_count"": 0, ""solver_status"": ""TIME_LIMIT"", ""strategy_used"": ""BASELINE_FALLBACK""}, {""committed_round_count"": 2, ""fallback_used"": true, ""heuristic_candidate_pruning_used"": false, ""pruned_hard_compatible_pair_count"": 0, ""solver_status"": ""FEASIBLE"", ""strategy_used"": ""BASELINE_FALLBACK""}, {""committed_round_count"": 4, ""fallback_used"": true, ""heuristic_candidate_pruning_used"": false, ""pruned_hard_compatible_pair_count"": 0, ""solver_status"": ""FEASIBLE"", ""strategy_used"": ""BASELINE_FALLBACK""}]","[""COVERED_AREA_COUNT_BELOW_FULL_LOOKAHEAD""]","{""boundary_zero_service_rate"": 0.5, ""covered_areas"": 16, ""late_horizon_zero_service_rate"": 0.8260869565217391, ""minimum_coverage_met"": false, ""non_boundary_zero_service_rate"": 0.45454545454545453, ""service_rounds"": 21, ""underserved_points_covered"": 0}",,,,,,591.75,SYNTHETIC_GENERATOR_AND_SYNTHETIC_ROAD_EDGES
tight_budget-30-5-seed20291053,TIGHT_BUDGET,S0_MONOLITHIC,30,5,,FULL_MONTH,1,20291053,aef1efedabd4adcb9930ac6691be56a8094cb1b6c604b0ce65db341a85348790,347.81,10.23,1514.6,0.0,0.0,0.0,1871.71,25235,32700,864,17840,UNKNOWN,False,BASELINE_MONOLITHIC,False,,0,0,30,,,,False,0,0,0,,True,,,18040,1050,16990,18040,0,0,False,0,[],[],,,,,,,0.0,SYNTHETIC_GENERATOR_AND_SYNTHETIC_ROAD_EDGES
tight_budget-30-5-seed20291053,TIGHT_BUDGET,S0_MONOLITHIC,30,5,,FULL_MONTH,2,20291053,aef1efedabd4adcb9930ac6691be56a8094cb1b6c604b0ce65db341a85348790,349.54,9.95,1492.95,0.0,0.0,0.0,1850.74,25235,32700,864,17840,UNKNOWN,False,BASELINE_MONOLITHIC,False,,0,0,30,,,,False,0,0,0,,True,,,18040,1050,16990,18040,0,0,False,0,[],[],,,,,,,0.0,SYNTHETIC_GENERATOR_AND_SYNTHETIC_ROAD_EDGES
tight_budget-30-5-seed20291053,TIGHT_BUDGET,S0_MONOLITHIC,30,5,,FULL_MONTH,3,20291053,aef1efedabd4adcb9930ac6691be56a8094cb1b6c604b0ce65db341a85348790,361.34,9.65,1488.15,0.0,0.0,0.0,1858.33,25235,32700,864,17840,UNKNOWN,False,BASELINE_MONOLITHIC,False,,0,0,30,,,,False,0,0,0,,True,,,18040,1050,16990,18040,0,0,False,0,[],[],,,,,,,0.0,SYNTHETIC_GENERATOR_AND_SYNTHETIC_ROAD_EDGES
tight_budget-30-5-seed20291053,TIGHT_BUDGET,S1_V5_BASELINE,30,5,,FULL_MONTH,1,20291053,aef1efedabd4adcb9930ac6691be56a8094cb1b6c604b0ce65db341a85348790,2107.91,10.11,2668.95,0.0,0.0,1.52,2691.25,1659,2568,864,0,OPTIMAL,True,BASELINE_DECOMPOSED,False,,8,8,22,0,0,0,False,12902,362138,2362138,,True,,,261,221,40,254,7,0,False,0,[],[],,,,,,,563.67,SYNTHETIC_GENERATOR_AND_SYNTHETIC_ROAD_EDGES
tight_budget-30-5-seed20291053,TIGHT_BUDGET,S1_V5_BASELINE,30,5,,FULL_MONTH,2,20291053,aef1efedabd4adcb9930ac6691be56a8094cb1b6c604b0ce65db341a85348790,2105.75,11.09,2666.66,0.0,0.0,1.48,2689.79,1659,2568,864,0,OPTIMAL,True,BASELINE_DECOMPOSED,False,,8,8,22,0,0,0,False,12902,362138,2362138,,True,,,261,221,40,254,7,0,False,0,[],[],,,,,,,564.03,SYNTHETIC_GENERATOR_AND_SYNTHETIC_ROAD_EDGES
tight_budget-30-5-seed20291053,TIGHT_BUDGET,S1_V5_BASELINE,30,5,,FULL_MONTH,3,20291053,aef1efedabd4adcb9930ac6691be56a8094cb1b6c604b0ce65db341a85348790,2067.39,10.02,2633.13,0.0,0.0,19.74,2673.55,1659,2568,864,0,OPTIMAL,True,BASELINE_DECOMPOSED,False,,8,8,22,0,0,0,False,12902,362138,2362138,,True,,,261,221,40,254,7,0,False,0,[],[],,,,,,,568.03,SYNTHETIC_GENERATOR_AND_SYNTHETIC_ROAD_EDGES
tight_budget-30-5-seed20291053,TIGHT_BUDGET,S2_GEOGRAPHIC_CLUSTER,30,5,2,FULL_MONTH,1,20291053,aef1efedabd4adcb9930ac6691be56a8094cb1b6c604b0ce65db341a85348790,32.72,20.77,3579.78,3394.39,0.0,0.14,5219.23,3368,5188,864,0,TIME_LIMIT,False,GEOGRAPHIC_CLUSTER,False,,8,8,22,0,0,0,False,12804,359436,2359436,,True,,"{""budget"": true, ""minimum_coverage_reported_truthfully"": true, ""provider_capacity"": true, ""provider_monthly_compensation"": true, ""route_feasibility"": true, ""schedule_overlap_and_daily_hours"": true, ""service_compatibility"": true}",448,208,240,448,0,0,False,0,[],[],,,,,0.75,0.7272727272727273,557.82,SYNTHETIC_GENERATOR_AND_SYNTHETIC_ROAD_EDGES
tight_budget-30-5-seed20291053,TIGHT_BUDGET,S2_GEOGRAPHIC_CLUSTER,30,5,2,FULL_MONTH,2,20291053,aef1efedabd4adcb9930ac6691be56a8094cb1b6c604b0ce65db341a85348790,33.74,20.31,3568.36,3398.58,0.0,0.09,5217.19,3368,5188,864,0,TIME_LIMIT,False,GEOGRAPHIC_CLUSTER,False,,8,8,22,0,0,0,False,12804,359436,2359436,,True,,"{""budget"": true, ""minimum_coverage_reported_truthfully"": true, ""provider_capacity"": true, ""provider_monthly_compensation"": true, ""route_feasibility"": true, ""schedule_overlap_and_daily_hours"": true, ""service_compatibility"": true}",448,208,240,448,0,0,False,0,[],[],,,,,0.75,0.7272727272727273,571.17,SYNTHETIC_GENERATOR_AND_SYNTHETIC_ROAD_EDGES
tight_budget-30-5-seed20291053,TIGHT_BUDGET,S2_GEOGRAPHIC_CLUSTER,30,5,2,FULL_MONTH,3,20291053,aef1efedabd4adcb9930ac6691be56a8094cb1b6c604b0ce65db341a85348790,33.48,20.41,3579.1,3438.42,0.0,0.09,5262.32,3368,5188,864,0,TIME_LIMIT,False,GEOGRAPHIC_CLUSTER,False,,8,8,22,0,0,0,False,12804,359436,2359436,,True,,"{""budget"": true, ""minimum_coverage_reported_truthfully"": true, ""provider_capacity"": true, ""provider_monthly_compensation"": true, ""route_feasibility"": true, ""schedule_overlap_and_daily_hours"": true, ""service_compatibility"": true}",448,208,240,448,0,0,False,0,[],[],,,,,0.75,0.7272727272727273,577.83,SYNTHETIC_GENERATOR_AND_SYNTHETIC_ROAD_EDGES
tight_budget-30-5-seed20291053,TIGHT_BUDGET,S3_ROLLING_HORIZON_7_21,30,5,,"{""commit_window_days"": 7, ""lookahead_days"": 21, ""planning_window_days"": 28}",1,20291053,aef1efedabd4adcb9930ac6691be56a8094cb1b6c604b0ce65db341a85348790,9274.4,37.84,7368.1,0.0,0.0,3.6,7444.61,6419,9824,864,0,OPTIMAL,True,BASELINE_FALLBACK,True,ROLLING_QUALITY_BELOW_FULL_LOOKAHEAD,8,8,22,0,0,0,False,12902,362138,2362138,,True,,,1310,249,1061,1292,18,0,False,0,"[{""committed_round_count"": 1, ""fallback_used"": false, ""heuristic_candidate_pruning_used"": false, ""pruned_hard_compatible_pair_count"": 0, ""solver_status"": ""OPTIMAL"", ""strategy_used"": ""BASELINE_DECOMPOSED""}, {""committed_round_count"": 1, ""fallback_used"": false, ""heuristic_candidate_pruning_used"": false, ""pruned_hard_compatible_pair_count"": 0, ""solver_status"": ""FEASIBLE"", ""strategy_used"": ""BASELINE_DECOMPOSED""}, {""committed_round_count"": 3, ""fallback_used"": false, ""heuristic_candidate_pruning_used"": false, ""pruned_hard_compatible_pair_count"": 0, ""solver_status"": ""FEASIBLE"", ""strategy_used"": ""BASELINE_DECOMPOSED""}, {""committed_round_count"": 0, ""fallback_used"": false, ""heuristic_candidate_pruning_used"": false, ""pruned_hard_compatible_pair_count"": 0, ""solver_status"": ""OPTIMAL"", ""strategy_used"": ""BASELINE_DECOMPOSED""}]","[""COVERED_AREA_COUNT_BELOW_FULL_LOOKAHEAD"", ""SERVICE_ROUNDS_BELOW_FULL_LOOKAHEAD_BY_OVER_10_PERCENT""]","{""boundary_zero_service_rate"": null, ""covered_areas"": 4, ""late_horizon_zero_service_rate"": 1.0, ""minimum_coverage_met"": false, ""non_boundary_zero_service_rate"": 0.8666666666666667, ""service_rounds"": 5, ""underserved_points_covered"": 0}",,,,,,0.01,SYNTHETIC_GENERATOR_AND_SYNTHETIC_ROAD_EDGES
tight_budget-30-5-seed20291053,TIGHT_BUDGET,S3_ROLLING_HORIZON_7_21,30,5,,"{""commit_window_days"": 7, ""lookahead_days"": 21, ""planning_window_days"": 28}",2,20291053,aef1efedabd4adcb9930ac6691be56a8094cb1b6c604b0ce65db341a85348790,9452.9,38.12,7501.72,0.0,0.0,3.92,7579.38,6419,9824,864,0,OPTIMAL,True,BASELINE_FALLBACK,True,ROLLING_QUALITY_BELOW_FULL_LOOKAHEAD,8,8,22,0,0,0,False,12902,362138,2362138,,True,,,1310,249,1061,1292,18,0,False,0,"[{""committed_round_count"": 1, ""fallback_used"": false, ""heuristic_candidate_pruning_used"": false, ""pruned_hard_compatible_pair_count"": 0, ""solver_status"": ""OPTIMAL"", ""strategy_used"": ""BASELINE_DECOMPOSED""}, {""committed_round_count"": 1, ""fallback_used"": false, ""heuristic_candidate_pruning_used"": false, ""pruned_hard_compatible_pair_count"": 0, ""solver_status"": ""FEASIBLE"", ""strategy_used"": ""BASELINE_DECOMPOSED""}, {""committed_round_count"": 3, ""fallback_used"": false, ""heuristic_candidate_pruning_used"": false, ""pruned_hard_compatible_pair_count"": 0, ""solver_status"": ""FEASIBLE"", ""strategy_used"": ""BASELINE_DECOMPOSED""}, {""committed_round_count"": 0, ""fallback_used"": false, ""heuristic_candidate_pruning_used"": false, ""pruned_hard_compatible_pair_count"": 0, ""solver_status"": ""OPTIMAL"", ""strategy_used"": ""BASELINE_DECOMPOSED""}]","[""COVERED_AREA_COUNT_BELOW_FULL_LOOKAHEAD"", ""SERVICE_ROUNDS_BELOW_FULL_LOOKAHEAD_BY_OVER_10_PERCENT""]","{""boundary_zero_service_rate"": null, ""covered_areas"": 4, ""late_horizon_zero_service_rate"": 1.0, ""minimum_coverage_met"": false, ""non_boundary_zero_service_rate"": 0.8666666666666667, ""service_rounds"": 5, ""underserved_points_covered"": 0}",,,,,,0.01,SYNTHETIC_GENERATOR_AND_SYNTHETIC_ROAD_EDGES
tight_budget-30-5-seed20291053,TIGHT_BUDGET,S3_ROLLING_HORIZON_7_21,30,5,,"{""commit_window_days"": 7, ""lookahead_days"": 21, ""planning_window_days"": 28}",3,20291053,aef1efedabd4adcb9930ac6691be56a8094cb1b6c604b0ce65db341a85348790,9318.56,37.58,7385.41,0.0,0.0,3.67,7462.59,6419,9824,864,0,OPTIMAL,True,BASELINE_FALLBACK,True,ROLLING_QUALITY_BELOW_FULL_LOOKAHEAD,8,8,22,0,0,0,False,12902,362138,2362138,,True,,,1310,249,1061,1292,18,0,False,0,"[{""committed_round_count"": 1, ""fallback_used"": false, ""heuristic_candidate_pruning_used"": false, ""pruned_hard_compatible_pair_count"": 0, ""solver_status"": ""OPTIMAL"", ""strategy_used"": ""BASELINE_DECOMPOSED""}, {""committed_round_count"": 1, ""fallback_used"": false, ""heuristic_candidate_pruning_used"": false, ""pruned_hard_compatible_pair_count"": 0, ""solver_status"": ""FEASIBLE"", ""strategy_used"": ""BASELINE_DECOMPOSED""}, {""committed_round_count"": 3, ""fallback_used"": false, ""heuristic_candidate_pruning_used"": false, ""pruned_hard_compatible_pair_count"": 0, ""solver_status"": ""FEASIBLE"", ""strategy_used"": ""BASELINE_DECOMPOSED""}, {""committed_round_count"": 0, ""fallback_used"": false, ""heuristic_candidate_pruning_used"": false, ""pruned_hard_compatible_pair_count"": 0, ""solver_status"": ""OPTIMAL"", ""strategy_used"": ""BASELINE_DECOMPOSED""}]","[""COVERED_AREA_COUNT_BELOW_FULL_LOOKAHEAD"", ""SERVICE_ROUNDS_BELOW_FULL_LOOKAHEAD_BY_OVER_10_PERCENT""]","{""boundary_zero_service_rate"": null, ""covered_areas"": 4, ""late_horizon_zero_service_rate"": 1.0, ""minimum_coverage_met"": false, ""non_boundary_zero_service_rate"": 0.8666666666666667, ""service_rounds"": 5, ""underserved_points_covered"": 0}",,,,,,0.01,SYNTHETIC_GENERATOR_AND_SYNTHETIC_ROAD_EDGES
tight_budget-30-5-seed20291053,TIGHT_BUDGET,S4_GEOGRAPHIC_ROLLING_7_21,30,5,2,"{""commit_window_days"": 7, ""lookahead_days"": 21, ""planning_window_days"": 28}",1,20291053,aef1efedabd4adcb9930ac6691be56a8094cb1b6c604b0ce65db341a85348790,6588.6,87.38,3673.23,7669.5,0.0,3.14,9724.81,24916,36239,864,0,OPTIMAL,True,BASELINE_FALLBACK,True,ROLLING_QUALITY_BELOW_FULL_LOOKAHEAD,8,8,22,0,0,0,False,12902,362138,2362138,,True,,,2134,225,1909,2120,14,0,False,0,"[{""committed_round_count"": 5, ""fallback_used"": false, ""heuristic_candidate_pruning_used"": false, ""pruned_hard_compatible_pair_count"": 0, ""solver_status"": ""TIME_LIMIT"", ""strategy_used"": ""GEOGRAPHIC_CLUSTER""}, {""committed_round_count"": 0, ""fallback_used"": true, ""heuristic_candidate_pruning_used"": false, ""pruned_hard_compatible_pair_count"": 0, ""solver_status"": ""OPTIMAL"", ""strategy_used"": ""BASELINE_FALLBACK""}, {""committed_round_count"": 0, ""fallback_used"": true, ""heuristic_candidate_pruning_used"": false, ""pruned_hard_compatible_pair_count"": 0, ""solver_status"": ""OPTIMAL"", ""strategy_used"": ""BASELINE_FALLBACK""}, {""committed_round_count"": 0, ""fallback_used"": true, ""heuristic_candidate_pruning_used"": false, ""pruned_hard_compatible_pair_count"": 0, ""solver_status"": ""OPTIMAL"", ""strategy_used"": ""BASELINE_FALLBACK""}]","[""COVERED_AREA_COUNT_BELOW_FULL_LOOKAHEAD"", ""SERVICE_ROUNDS_BELOW_FULL_LOOKAHEAD_BY_OVER_10_PERCENT""]","{""boundary_zero_service_rate"": 1.0, ""covered_areas"": 5, ""late_horizon_zero_service_rate"": 1.0, ""minimum_coverage_met"": false, ""non_boundary_zero_service_rate"": 0.7727272727272727, ""service_rounds"": 5, ""underserved_points_covered"": 0}",,,,,,567.23,SYNTHETIC_GENERATOR_AND_SYNTHETIC_ROAD_EDGES
tight_budget-30-5-seed20291053,TIGHT_BUDGET,S4_GEOGRAPHIC_ROLLING_7_21,30,5,2,"{""commit_window_days"": 7, ""lookahead_days"": 21, ""planning_window_days"": 28}",2,20291053,aef1efedabd4adcb9930ac6691be56a8094cb1b6c604b0ce65db341a85348790,6591.82,75.95,3653.36,7675.11,0.0,3.09,9707.73,24916,36239,864,0,OPTIMAL,True,BASELINE_FALLBACK,True,ROLLING_QUALITY_BELOW_FULL_LOOKAHEAD,8,8,22,0,0,0,False,12902,362138,2362138,,True,,,2134,225,1909,2120,14,0,False,0,"[{""committed_round_count"": 5, ""fallback_used"": false, ""heuristic_candidate_pruning_used"": false, ""pruned_hard_compatible_pair_count"": 0, ""solver_status"": ""TIME_LIMIT"", ""strategy_used"": ""GEOGRAPHIC_CLUSTER""}, {""committed_round_count"": 0, ""fallback_used"": true, ""heuristic_candidate_pruning_used"": false, ""pruned_hard_compatible_pair_count"": 0, ""solver_status"": ""OPTIMAL"", ""strategy_used"": ""BASELINE_FALLBACK""}, {""committed_round_count"": 0, ""fallback_used"": true, ""heuristic_candidate_pruning_used"": false, ""pruned_hard_compatible_pair_count"": 0, ""solver_status"": ""OPTIMAL"", ""strategy_used"": ""BASELINE_FALLBACK""}, {""committed_round_count"": 0, ""fallback_used"": true, ""heuristic_candidate_pruning_used"": false, ""pruned_hard_compatible_pair_count"": 0, ""solver_status"": ""OPTIMAL"", ""strategy_used"": ""BASELINE_FALLBACK""}]","[""COVERED_AREA_COUNT_BELOW_FULL_LOOKAHEAD"", ""SERVICE_ROUNDS_BELOW_FULL_LOOKAHEAD_BY_OVER_10_PERCENT""]","{""boundary_zero_service_rate"": 1.0, ""covered_areas"": 5, ""late_horizon_zero_service_rate"": 1.0, ""minimum_coverage_met"": false, ""non_boundary_zero_service_rate"": 0.7727272727272727, ""service_rounds"": 5, ""underserved_points_covered"": 0}",,,,,,560.98,SYNTHETIC_GENERATOR_AND_SYNTHETIC_ROAD_EDGES
tight_budget-30-5-seed20291053,TIGHT_BUDGET,S4_GEOGRAPHIC_ROLLING_7_21,30,5,2,"{""commit_window_days"": 7, ""lookahead_days"": 21, ""planning_window_days"": 28}",3,20291053,aef1efedabd4adcb9930ac6691be56a8094cb1b6c604b0ce65db341a85348790,6435.59,87.95,3649.53,7563.99,0.0,3.22,9607.29,24916,36239,864,0,OPTIMAL,True,BASELINE_FALLBACK,True,ROLLING_QUALITY_BELOW_FULL_LOOKAHEAD,8,8,22,0,0,0,False,12902,362138,2362138,,True,,,2134,225,1909,2120,14,0,False,0,"[{""committed_round_count"": 5, ""fallback_used"": false, ""heuristic_candidate_pruning_used"": false, ""pruned_hard_compatible_pair_count"": 0, ""solver_status"": ""TIME_LIMIT"", ""strategy_used"": ""GEOGRAPHIC_CLUSTER""}, {""committed_round_count"": 0, ""fallback_used"": true, ""heuristic_candidate_pruning_used"": false, ""pruned_hard_compatible_pair_count"": 0, ""solver_status"": ""OPTIMAL"", ""strategy_used"": ""BASELINE_FALLBACK""}, {""committed_round_count"": 0, ""fallback_used"": true, ""heuristic_candidate_pruning_used"": false, ""pruned_hard_compatible_pair_count"": 0, ""solver_status"": ""OPTIMAL"", ""strategy_used"": ""BASELINE_FALLBACK""}, {""committed_round_count"": 0, ""fallback_used"": true, ""heuristic_candidate_pruning_used"": false, ""pruned_hard_compatible_pair_count"": 0, ""solver_status"": ""OPTIMAL"", ""strategy_used"": ""BASELINE_FALLBACK""}]","[""COVERED_AREA_COUNT_BELOW_FULL_LOOKAHEAD"", ""SERVICE_ROUNDS_BELOW_FULL_LOOKAHEAD_BY_OVER_10_PERCENT""]","{""boundary_zero_service_rate"": 1.0, ""covered_areas"": 5, ""late_horizon_zero_service_rate"": 1.0, ""minimum_coverage_met"": false, ""non_boundary_zero_service_rate"": 0.7727272727272727, ""service_rounds"": 5, ""underserved_points_covered"": 0}",,,,,,562.49,SYNTHETIC_GENERATOR_AND_SYNTHETIC_ROAD_EDGES
provider_shortage-30-5-seed20291054,PROVIDER_SHORTAGE,S0_MONOLITHIC,30,5,,FULL_MONTH,1,20291054,b9fbe8405b90cb6752e31189e26d90f4f93c05dbe29d85a198f710850623ddd8,355.98,9.81,2538.53,0.0,0.0,0.0,2904.13,26003,33596,880,18480,TIME_LIMIT,False,BASELINE_MONOLITHIC,False,,0,0,30,,,,False,0,0,0,,True,,,18680,1070,17610,18680,0,0,False,0,[],[],,,,,,,0.0,SYNTHETIC_GENERATOR_AND_SYNTHETIC_ROAD_EDGES
provider_shortage-30-5-seed20291054,PROVIDER_SHORTAGE,S0_MONOLITHIC,30,5,,FULL_MONTH,2,20291054,b9fbe8405b90cb6752e31189e26d90f4f93c05dbe29d85a198f710850623ddd8,359.86,10.41,2540.19,0.0,0.0,0.0,2909.17,26003,33596,880,18480,TIME_LIMIT,False,BASELINE_MONOLITHIC,False,,0,0,30,,,,False,0,0,0,,True,,,18680,1070,17610,18680,0,0,False,0,[],[],,,,,,,0.0,SYNTHETIC_GENERATOR_AND_SYNTHETIC_ROAD_EDGES
provider_shortage-30-5-seed20291054,PROVIDER_SHORTAGE,S0_MONOLITHIC,30,5,,FULL_MONTH,3,20291054,b9fbe8405b90cb6752e31189e26d90f4f93c05dbe29d85a198f710850623ddd8,354.6,10.09,2540.44,0.0,0.59,0.0,2907.24,26003,33596,880,18480,TIME_LIMIT,False,BASELINE_MONOLITHIC,False,,0,0,30,,,,False,0,0,0,,True,,,18680,1070,17610,18680,0,0,False,0,[],[],,,,,,,0.0,SYNTHETIC_GENERATOR_AND_SYNTHETIC_ROAD_EDGES
provider_shortage-30-5-seed20291054,PROVIDER_SHORTAGE,S1_V5_BASELINE,30,5,,FULL_MONTH,1,20291054,b9fbe8405b90cb6752e31189e26d90f4f93c05dbe29d85a198f710850623ddd8,1973.08,10.76,3734.97,0.0,0.0,2.81,3765.9,1653,2589,880,0,TIME_LIMIT,False,BASELINE_DECOMPOSED,False,,19,19,11,0,0,0,False,25739,722515,8857515,,True,,,280,241,39,262,18,0,False,0,[],[],,,,,,,19.66,SYNTHETIC_GENERATOR_AND_SYNTHETIC_ROAD_EDGES
provider_shortage-30-5-seed20291054,PROVIDER_SHORTAGE,S1_V5_BASELINE,30,5,,FULL_MONTH,2,20291054,b9fbe8405b90cb6752e31189e26d90f4f93c05dbe29d85a198f710850623ddd8,1906.99,10.02,3663.4,0.0,0.0,2.89,3713.11,1653,2589,880,0,TIME_LIMIT,False,BASELINE_DECOMPOSED,False,,19,19,11,0,0,0,False,25739,722515,8857515,,True,,,280,241,39,262,18,0,False,0,[],[],,,,,,,18.66,SYNTHETIC_GENERATOR_AND_SYNTHETIC_ROAD_EDGES
provider_shortage-30-5-seed20291054,PROVIDER_SHORTAGE,S1_V5_BASELINE,30,5,,FULL_MONTH,3,20291054,b9fbe8405b90cb6752e31189e26d90f4f93c05dbe29d85a198f710850623ddd8,1970.55,10.03,3725.73,0.0,0.0,2.91,3755.35,1653,2589,880,0,TIME_LIMIT,False,BASELINE_DECOMPOSED,False,,19,19,11,0,0,0,False,25739,722515,8857515,,True,,,280,241,39,262,18,0,False,0,[],[],,,,,,,19.18,SYNTHETIC_GENERATOR_AND_SYNTHETIC_ROAD_EDGES
provider_shortage-30-5-seed20291054,PROVIDER_SHORTAGE,S2_GEOGRAPHIC_CLUSTER,30,5,2,FULL_MONTH,1,20291054,b9fbe8405b90cb6752e31189e26d90f4f93c05dbe29d85a198f710850623ddd8,48.22,21.41,4957.42,2821.72,0.0,2.4,5345.73,3874,6001,880,0,TIME_LIMIT,False,GEOGRAPHIC_CLUSTER,False,,18,18,12,0,0,0,False,23287,653351,8828351,,True,,"{""budget"": true, ""minimum_coverage_reported_truthfully"": true, ""provider_capacity"": true, ""provider_monthly_compensation"": true, ""route_feasibility"": true, ""schedule_overlap_and_daily_hours"": true, ""service_compatibility"": true}",472,226,246,460,12,0,False,0,[],[],,,,,0.4,0.4,19.52,SYNTHETIC_GENERATOR_AND_SYNTHETIC_ROAD_EDGES
provider_shortage-30-5-seed20291054,PROVIDER_SHORTAGE,S2_GEOGRAPHIC_CLUSTER,30,5,2,FULL_MONTH,2,20291054,b9fbe8405b90cb6752e31189e26d90f4f93c05dbe29d85a198f710850623ddd8,41.42,20.32,4961.84,2626.81,0.0,2.42,5149.63,3874,6001,880,0,TIME_LIMIT,False,GEOGRAPHIC_CLUSTER,False,,18,18,12,0,0,0,False,23287,653351,8828351,,True,,"{""budget"": true, ""minimum_coverage_reported_truthfully"": true, ""provider_capacity"": true, ""provider_monthly_compensation"": true, ""route_feasibility"": true, ""schedule_overlap_and_daily_hours"": true, ""service_compatibility"": true}",472,226,246,460,12,0,False,0,[],[],,,,,0.4,0.4,19.18,SYNTHETIC_GENERATOR_AND_SYNTHETIC_ROAD_EDGES
provider_shortage-30-5-seed20291054,PROVIDER_SHORTAGE,S2_GEOGRAPHIC_CLUSTER,30,5,2,FULL_MONTH,3,20291054,b9fbe8405b90cb6752e31189e26d90f4f93c05dbe29d85a198f710850623ddd8,42.78,21.06,4966.66,2592.06,0.0,2.14,5118.12,3874,6001,880,0,TIME_LIMIT,False,GEOGRAPHIC_CLUSTER,False,,18,18,12,0,0,0,False,23287,653351,8828351,,True,,"{""budget"": true, ""minimum_coverage_reported_truthfully"": true, ""provider_capacity"": true, ""provider_monthly_compensation"": true, ""route_feasibility"": true, ""schedule_overlap_and_daily_hours"": true, ""service_compatibility"": true}",472,226,246,460,12,0,False,0,[],[],,,,,0.4,0.4,20.66,SYNTHETIC_GENERATOR_AND_SYNTHETIC_ROAD_EDGES
provider_shortage-30-5-seed20291054,PROVIDER_SHORTAGE,S3_ROLLING_HORIZON_7_21,30,5,,"{""commit_window_days"": 7, ""lookahead_days"": 21, ""planning_window_days"": 28}",1,20291054,b9fbe8405b90cb6752e31189e26d90f4f93c05dbe29d85a198f710850623ddd8,9286.65,34.86,12940.91,0.0,0.0,12.11,11267.36,6947,10875,880,0,TIME_LIMIT,False,BASELINE_FALLBACK,True,ROLLING_QUALITY_BELOW_FULL_LOOKAHEAD,19,19,11,0,0,0,False,25739,722515,8857515,,True,,,1107,271,836,1040,67,0,False,0,"[{""committed_round_count"": 7, ""fallback_used"": false, ""heuristic_candidate_pruning_used"": false, ""pruned_hard_compatible_pair_count"": 0, ""solver_status"": ""TIME_LIMIT"", ""strategy_used"": ""BASELINE_DECOMPOSED""}, {""committed_round_count"": 1, ""fallback_used"": false, ""heuristic_candidate_pruning_used"": false, ""pruned_hard_compatible_pair_count"": 0, ""solver_status"": ""FEASIBLE"", ""strategy_used"": ""BASELINE_DECOMPOSED""}, {""committed_round_count"": 5, ""fallback_used"": false, ""heuristic_candidate_pruning_used"": false, ""pruned_hard_compatible_pair_count"": 0, ""solver_status"": ""FEASIBLE"", ""strategy_used"": ""BASELINE_DECOMPOSED""}, {""committed_round_count"": 6, ""fallback_used"": false, ""heuristic_candidate_pruning_used"": false, ""pruned_hard_compatible_pair_count"": 0, ""solver_status"": ""FEASIBLE"", ""strategy_used"": ""BASELINE_DECOMPOSED""}]","[""COVERED_AREA_COUNT_BELOW_FULL_LOOKAHEAD""]","{""boundary_zero_service_rate"": null, ""covered_areas"": 18, ""late_horizon_zero_service_rate"": 0.6842105263157895, ""minimum_coverage_met"": false, ""non_boundary_zero_service_rate"": 0.4, ""service_rounds"": 19, ""underserved_points_covered"": 0}",,,,,,0.01,SYNTHETIC_GENERATOR_AND_SYNTHETIC_ROAD_EDGES
provider_shortage-30-5-seed20291054,PROVIDER_SHORTAGE,S3_ROLLING_HORIZON_7_21,30,5,,"{""commit_window_days"": 7, ""lookahead_days"": 21, ""planning_window_days"": 28}",2,20291054,b9fbe8405b90cb6752e31189e26d90f4f93c05dbe29d85a198f710850623ddd8,9271.28,34.54,12875.71,0.0,0.0,12.74,11216.18,6947,10875,880,0,TIME_LIMIT,False,BASELINE_FALLBACK,True,ROLLING_QUALITY_BELOW_FULL_LOOKAHEAD,19,19,11,0,0,0,False,25739,722515,8857515,,True,,,1107,271,836,1040,67,0,False,0,"[{""committed_round_count"": 7, ""fallback_used"": false, ""heuristic_candidate_pruning_used"": false, ""pruned_hard_compatible_pair_count"": 0, ""solver_status"": ""TIME_LIMIT"", ""strategy_used"": ""BASELINE_DECOMPOSED""}, {""committed_round_count"": 1, ""fallback_used"": false, ""heuristic_candidate_pruning_used"": false, ""pruned_hard_compatible_pair_count"": 0, ""solver_status"": ""FEASIBLE"", ""strategy_used"": ""BASELINE_DECOMPOSED""}, {""committed_round_count"": 5, ""fallback_used"": false, ""heuristic_candidate_pruning_used"": false, ""pruned_hard_compatible_pair_count"": 0, ""solver_status"": ""FEASIBLE"", ""strategy_used"": ""BASELINE_DECOMPOSED""}, {""committed_round_count"": 6, ""fallback_used"": false, ""heuristic_candidate_pruning_used"": false, ""pruned_hard_compatible_pair_count"": 0, ""solver_status"": ""FEASIBLE"", ""strategy_used"": ""BASELINE_DECOMPOSED""}]","[""COVERED_AREA_COUNT_BELOW_FULL_LOOKAHEAD""]","{""boundary_zero_service_rate"": null, ""covered_areas"": 18, ""late_horizon_zero_service_rate"": 0.6842105263157895, ""minimum_coverage_met"": false, ""non_boundary_zero_service_rate"": 0.4, ""service_rounds"": 19, ""underserved_points_covered"": 0}",,,,,,0.01,SYNTHETIC_GENERATOR_AND_SYNTHETIC_ROAD_EDGES
provider_shortage-30-5-seed20291054,PROVIDER_SHORTAGE,S3_ROLLING_HORIZON_7_21,30,5,,"{""commit_window_days"": 7, ""lookahead_days"": 21, ""planning_window_days"": 28}",3,20291054,b9fbe8405b90cb6752e31189e26d90f4f93c05dbe29d85a198f710850623ddd8,9529.28,36.22,13061.29,0.0,0.0,12.79,11399.94,6947,10875,880,0,TIME_LIMIT,False,BASELINE_FALLBACK,True,ROLLING_QUALITY_BELOW_FULL_LOOKAHEAD,19,19,11,0,0,0,False,25739,722515,8857515,,True,,,1107,271,836,1040,67,0,False,0,"[{""committed_round_count"": 7, ""fallback_used"": false, ""heuristic_candidate_pruning_used"": false, ""pruned_hard_compatible_pair_count"": 0, ""solver_status"": ""TIME_LIMIT"", ""strategy_used"": ""BASELINE_DECOMPOSED""}, {""committed_round_count"": 1, ""fallback_used"": false, ""heuristic_candidate_pruning_used"": false, ""pruned_hard_compatible_pair_count"": 0, ""solver_status"": ""FEASIBLE"", ""strategy_used"": ""BASELINE_DECOMPOSED""}, {""committed_round_count"": 5, ""fallback_used"": false, ""heuristic_candidate_pruning_used"": false, ""pruned_hard_compatible_pair_count"": 0, ""solver_status"": ""FEASIBLE"", ""strategy_used"": ""BASELINE_DECOMPOSED""}, {""committed_round_count"": 6, ""fallback_used"": false, ""heuristic_candidate_pruning_used"": false, ""pruned_hard_compatible_pair_count"": 0, ""solver_status"": ""FEASIBLE"", ""strategy_used"": ""BASELINE_DECOMPOSED""}]","[""COVERED_AREA_COUNT_BELOW_FULL_LOOKAHEAD""]","{""boundary_zero_service_rate"": null, ""covered_areas"": 18, ""late_horizon_zero_service_rate"": 0.6842105263157895, ""minimum_coverage_met"": false, ""non_boundary_zero_service_rate"": 0.4, ""service_rounds"": 19, ""underserved_points_covered"": 0}",,,,,,0.01,SYNTHETIC_GENERATOR_AND_SYNTHETIC_ROAD_EDGES
provider_shortage-30-5-seed20291054,PROVIDER_SHORTAGE,S4_GEOGRAPHIC_ROLLING_7_21,30,5,2,"{""commit_window_days"": 7, ""lookahead_days"": 21, ""planning_window_days"": 28}",1,20291054,b9fbe8405b90cb6752e31189e26d90f4f93c05dbe29d85a198f710850623ddd8,14128.55,81.0,14095.11,18686.23,0.0,17.97,28818.76,15805,24339,880,0,TIME_LIMIT,False,GEOGRAPHIC_ROLLING,True,GEOGRAPHIC_WINDOW_BASELINE_FALLBACK,18,18,12,0,0,0,False,27596,774155,8909155,,True,,,2574,284,2290,2480,94,0,False,0,"[{""committed_round_count"": 3, ""fallback_used"": false, ""heuristic_candidate_pruning_used"": false, ""pruned_hard_compatible_pair_count"": 0, ""solver_status"": ""TIME_LIMIT"", ""strategy_used"": ""GEOGRAPHIC_CLUSTER""}, {""committed_round_count"": 3, ""fallback_used"": true, ""heuristic_candidate_pruning_used"": false, ""pruned_hard_compatible_pair_count"": 0, ""solver_status"": ""TIME_LIMIT"", ""strategy_used"": ""BASELINE_FALLBACK""}, {""committed_round_count"": 5, ""fallback_used"": true, ""heuristic_candidate_pruning_used"": false, ""pruned_hard_compatible_pair_count"": 0, ""solver_status"": ""FEASIBLE"", ""strategy_used"": ""BASELINE_FALLBACK""}, {""committed_round_count"": 7, ""fallback_used"": true, ""heuristic_candidate_pruning_used"": false, ""pruned_hard_compatible_pair_count"": 0, ""solver_status"": ""FEASIBLE"", ""strategy_used"": ""BASELINE_FALLBACK""}]",[],,0.5,0.35,0.6956521739130435,0.5,0.35,0.02,SYNTHETIC_GENERATOR_AND_SYNTHETIC_ROAD_EDGES
provider_shortage-30-5-seed20291054,PROVIDER_SHORTAGE,S4_GEOGRAPHIC_ROLLING_7_21,30,5,2,"{""commit_window_days"": 7, ""lookahead_days"": 21, ""planning_window_days"": 28}",2,20291054,b9fbe8405b90cb6752e31189e26d90f4f93c05dbe29d85a198f710850623ddd8,14007.13,80.23,14030.3,18556.97,0.0,17.53,28636.69,15805,24339,880,0,TIME_LIMIT,False,GEOGRAPHIC_ROLLING,True,GEOGRAPHIC_WINDOW_BASELINE_FALLBACK,18,18,12,0,0,0,False,27596,774155,8909155,,True,,,2574,284,2290,2480,94,0,False,0,"[{""committed_round_count"": 3, ""fallback_used"": false, ""heuristic_candidate_pruning_used"": false, ""pruned_hard_compatible_pair_count"": 0, ""solver_status"": ""TIME_LIMIT"", ""strategy_used"": ""GEOGRAPHIC_CLUSTER""}, {""committed_round_count"": 3, ""fallback_used"": true, ""heuristic_candidate_pruning_used"": false, ""pruned_hard_compatible_pair_count"": 0, ""solver_status"": ""TIME_LIMIT"", ""strategy_used"": ""BASELINE_FALLBACK""}, {""committed_round_count"": 5, ""fallback_used"": true, ""heuristic_candidate_pruning_used"": false, ""pruned_hard_compatible_pair_count"": 0, ""solver_status"": ""FEASIBLE"", ""strategy_used"": ""BASELINE_FALLBACK""}, {""committed_round_count"": 7, ""fallback_used"": true, ""heuristic_candidate_pruning_used"": false, ""pruned_hard_compatible_pair_count"": 0, ""solver_status"": ""FEASIBLE"", ""strategy_used"": ""BASELINE_FALLBACK""}]",[],,0.5,0.35,0.6956521739130435,0.5,0.35,0.02,SYNTHETIC_GENERATOR_AND_SYNTHETIC_ROAD_EDGES
provider_shortage-30-5-seed20291054,PROVIDER_SHORTAGE,S4_GEOGRAPHIC_ROLLING_7_21,30,5,2,"{""commit_window_days"": 7, ""lookahead_days"": 21, ""planning_window_days"": 28}",3,20291054,b9fbe8405b90cb6752e31189e26d90f4f93c05dbe29d85a198f710850623ddd8,14307.66,80.87,14036.3,18953.11,0.0,17.71,29052.79,15805,24339,880,0,TIME_LIMIT,False,GEOGRAPHIC_ROLLING,True,GEOGRAPHIC_WINDOW_BASELINE_FALLBACK,18,18,12,0,0,0,False,27596,774155,8909155,,True,,,2574,284,2290,2480,94,0,False,0,"[{""committed_round_count"": 3, ""fallback_used"": false, ""heuristic_candidate_pruning_used"": false, ""pruned_hard_compatible_pair_count"": 0, ""solver_status"": ""TIME_LIMIT"", ""strategy_used"": ""GEOGRAPHIC_CLUSTER""}, {""committed_round_count"": 3, ""fallback_used"": true, ""heuristic_candidate_pruning_used"": false, ""pruned_hard_compatible_pair_count"": 0, ""solver_status"": ""TIME_LIMIT"", ""strategy_used"": ""BASELINE_FALLBACK""}, {""committed_round_count"": 5, ""fallback_used"": true, ""heuristic_candidate_pruning_used"": false, ""pruned_hard_compatible_pair_count"": 0, ""solver_status"": ""FEASIBLE"", ""strategy_used"": ""BASELINE_FALLBACK""}, {""committed_round_count"": 7, ""fallback_used"": true, ""heuristic_candidate_pruning_used"": false, ""pruned_hard_compatible_pair_count"": 0, ""solver_status"": ""FEASIBLE"", ""strategy_used"": ""BASELINE_FALLBACK""}]",[],,0.5,0.35,0.6956521739130435,0.5,0.35,0.02,SYNTHETIC_GENERATOR_AND_SYNTHETIC_ROAD_EDGES
remote_areas-30-5-seed20291055,REMOTE_AREAS,S0_MONOLITHIC,30,5,,FULL_MONTH,1,20291055,ae11c19bec5aa5569c838b587184b539dec9e38c2ae4319bc69f678a2c821ea8,188.05,8.05,2397.53,0.0,0.0,0.0,2591.2,14652,20114,616,9240,UNKNOWN,False,BASELINE_MONOLITHIC,False,,0,0,30,,,,False,0,0,0,,True,,,9440,620,8820,9440,0,0,False,0,[],[],,,,,,,0.0,SYNTHETIC_GENERATOR_AND_SYNTHETIC_ROAD_EDGES
remote_areas-30-5-seed20291055,REMOTE_AREAS,S0_MONOLITHIC,30,5,,FULL_MONTH,2,20291055,ae11c19bec5aa5569c838b587184b539dec9e38c2ae4319bc69f678a2c821ea8,194.61,7.48,2395.72,0.0,0.0,0.0,2596.14,14652,20114,616,9240,UNKNOWN,False,BASELINE_MONOLITHIC,False,,0,0,30,,,,False,0,0,0,,True,,,9440,620,8820,9440,0,0,False,0,[],[],,,,,,,0.0,SYNTHETIC_GENERATOR_AND_SYNTHETIC_ROAD_EDGES
remote_areas-30-5-seed20291055,REMOTE_AREAS,S0_MONOLITHIC,30,5,,FULL_MONTH,3,20291055,ae11c19bec5aa5569c838b587184b539dec9e38c2ae4319bc69f678a2c821ea8,191.26,7.92,2415.25,0.0,0.0,0.0,2612.31,14652,20114,616,9240,UNKNOWN,False,BASELINE_MONOLITHIC,False,,0,0,30,,,,False,0,0,0,,True,,,9440,620,8820,9440,0,0,False,0,[],[],,,,,,,0.0,SYNTHETIC_GENERATOR_AND_SYNTHETIC_ROAD_EDGES
remote_areas-30-5-seed20291055,REMOTE_AREAS,S1_V5_BASELINE,30,5,,FULL_MONTH,1,20291055,ae11c19bec5aa5569c838b587184b539dec9e38c2ae4319bc69f678a2c821ea8,2860.99,7.63,2903.36,0.0,0.0,1.53,2930.0,1582,2488,616,0,OPTIMAL,True,BASELINE_DECOMPOSED,False,,20,20,10,0,0,0,False,39965,1121693,8926693,,True,,,362,234,128,356,6,0,False,0,[],[],,,,,,,5.3,SYNTHETIC_GENERATOR_AND_SYNTHETIC_ROAD_EDGES
remote_areas-30-5-seed20291055,REMOTE_AREAS,S1_V5_BASELINE,30,5,,FULL_MONTH,2,20291055,ae11c19bec5aa5569c838b587184b539dec9e38c2ae4319bc69f678a2c821ea8,2871.75,7.66,2914.41,0.0,0.0,1.73,2941.35,1582,2488,616,0,OPTIMAL,True,BASELINE_DECOMPOSED,False,,20,20,10,0,0,0,False,39965,1121693,8926693,,True,,,362,234,128,356,6,0,False,0,[],[],,,,,,,5.08,SYNTHETIC_GENERATOR_AND_SYNTHETIC_ROAD_EDGES
remote_areas-30-5-seed20291055,REMOTE_AREAS,S1_V5_BASELINE,30,5,,FULL_MONTH,3,20291055,ae11c19bec5aa5569c838b587184b539dec9e38c2ae4319bc69f678a2c821ea8,2873.5,7.48,2917.09,0.0,0.0,1.69,2942.97,1582,2488,616,0,OPTIMAL,True,BASELINE_DECOMPOSED,False,,20,20,10,0,0,0,False,39965,1121693,8926693,,True,,,362,234,128,356,6,0,False,0,[],[],,,,,,,5.35,SYNTHETIC_GENERATOR_AND_SYNTHETIC_ROAD_EDGES
remote_areas-30-5-seed20291055,REMOTE_AREAS,S2_GEOGRAPHIC_CLUSTER,30,5,2,FULL_MONTH,1,20291055,ae11c19bec5aa5569c838b587184b539dec9e38c2ae4319bc69f678a2c821ea8,38.88,15.47,3871.82,1236.1,0.0,2.07,3209.39,3146,4904,616,0,TIME_LIMIT,False,GEOGRAPHIC_CLUSTER,False,,16,16,14,0,0,0,False,31258,877258,8647258,,True,,"{""budget"": true, ""minimum_coverage_reported_truthfully"": true, ""provider_capacity"": true, ""provider_monthly_compensation"": true, ""route_feasibility"": true, ""schedule_overlap_and_daily_hours"": true, ""service_compatibility"": true}",472,225,247,460,12,0,False,0,[],[],,,,,0.0,0.4666666666666667,5.77,SYNTHETIC_GENERATOR_AND_SYNTHETIC_ROAD_EDGES
remote_areas-30-5-seed20291055,REMOTE_AREAS,S2_GEOGRAPHIC_CLUSTER,30,5,2,FULL_MONTH,2,20291055,ae11c19bec5aa5569c838b587184b539dec9e38c2ae4319bc69f678a2c821ea8,39.3,15.73,3855.5,1237.5,0.0,2.34,3201.6,3146,4904,616,0,TIME_LIMIT,False,GEOGRAPHIC_CLUSTER,False,,16,16,14,0,0,0,False,31258,877258,8647258,,True,,"{""budget"": true, ""minimum_coverage_reported_truthfully"": true, ""provider_capacity"": true, ""provider_monthly_compensation"": true, ""route_feasibility"": true, ""schedule_overlap_and_daily_hours"": true, ""service_compatibility"": true}",472,225,247,460,12,0,False,0,[],[],,,,,0.0,0.4666666666666667,5.17,SYNTHETIC_GENERATOR_AND_SYNTHETIC_ROAD_EDGES
remote_areas-30-5-seed20291055,REMOTE_AREAS,S2_GEOGRAPHIC_CLUSTER,30,5,2,FULL_MONTH,3,20291055,ae11c19bec5aa5569c838b587184b539dec9e38c2ae4319bc69f678a2c821ea8,37.54,15.45,3843.92,1239.88,0.0,2.24,3197.29,3146,4904,616,0,TIME_LIMIT,False,GEOGRAPHIC_CLUSTER,False,,16,16,14,0,0,0,False,31258,877258,8647258,,True,,"{""budget"": true, ""minimum_coverage_reported_truthfully"": true, ""provider_capacity"": true, ""provider_monthly_compensation"": true, ""route_feasibility"": true, ""schedule_overlap_and_daily_hours"": true, ""service_compatibility"": true}",472,225,247,460,12,0,False,0,[],[],,,,,0.0,0.4666666666666667,5.38,SYNTHETIC_GENERATOR_AND_SYNTHETIC_ROAD_EDGES
remote_areas-30-5-seed20291055,REMOTE_AREAS,S3_ROLLING_HORIZON_7_21,30,5,,"{""commit_window_days"": 7, ""lookahead_days"": 21, ""planning_window_days"": 28}",1,20291055,ae11c19bec5aa5569c838b587184b539dec9e38c2ae4319bc69f678a2c821ea8,11673.63,25.95,13999.56,0.0,0.0,10.9,14035.88,6816,10605,616,0,OPTIMAL,True,BASELINE_FALLBACK,True,ROLLING_QUALITY_BELOW_FULL_LOOKAHEAD,20,20,10,0,0,0,False,39965,1121693,8926693,,True,,,1722,308,1414,1672,50,0,False,0,"[{""committed_round_count"": 7, ""fallback_used"": false, ""heuristic_candidate_pruning_used"": false, ""pruned_hard_compatible_pair_count"": 0, ""solver_status"": ""OPTIMAL"", ""strategy_used"": ""BASELINE_DECOMPOSED""}, {""committed_round_count"": 5, ""fallback_used"": false, ""heuristic_candidate_pruning_used"": false, ""pruned_hard_compatible_pair_count"": 0, ""solver_status"": ""TIME_LIMIT"", ""strategy_used"": ""BASELINE_DECOMPOSED""}, {""committed_round_count"": 4, ""fallback_used"": false, ""heuristic_candidate_pruning_used"": false, ""pruned_hard_compatible_pair_count"": 0, ""solver_status"": ""TIME_LIMIT"", ""strategy_used"": ""BASELINE_DECOMPOSED""}, {""committed_round_count"": 8, ""fallback_used"": false, ""heuristic_candidate_pruning_used"": false, ""pruned_hard_compatible_pair_count"": 0, ""solver_status"": ""FEASIBLE"", ""strategy_used"": ""BASELINE_DECOMPOSED""}]","[""COVERED_AREA_COUNT_BELOW_FULL_LOOKAHEAD""]","{""boundary_zero_service_rate"": null, ""covered_areas"": 17, ""late_horizon_zero_service_rate"": 0.6363636363636364, ""minimum_coverage_met"": false, ""non_boundary_zero_service_rate"": 0.43333333333333335, ""service_rounds"": 24, ""underserved_points_covered"": 0}",,,,,,0.01,SYNTHETIC_GENERATOR_AND_SYNTHETIC_ROAD_EDGES
remote_areas-30-5-seed20291055,REMOTE_AREAS,S3_ROLLING_HORIZON_7_21,30,5,,"{""commit_window_days"": 7, ""lookahead_days"": 21, ""planning_window_days"": 28}",2,20291055,ae11c19bec5aa5569c838b587184b539dec9e38c2ae4319bc69f678a2c821ea8,11486.36,26.53,13888.08,0.0,0.0,9.67,13926.73,6816,10605,616,0,OPTIMAL,True,BASELINE_FALLBACK,True,ROLLING_QUALITY_BELOW_FULL_LOOKAHEAD,20,20,10,0,0,0,False,39965,1121693,8926693,,True,,,1722,308,1414,1672,50,0,False,0,"[{""committed_round_count"": 7, ""fallback_used"": false, ""heuristic_candidate_pruning_used"": false, ""pruned_hard_compatible_pair_count"": 0, ""solver_status"": ""OPTIMAL"", ""strategy_used"": ""BASELINE_DECOMPOSED""}, {""committed_round_count"": 5, ""fallback_used"": false, ""heuristic_candidate_pruning_used"": false, ""pruned_hard_compatible_pair_count"": 0, ""solver_status"": ""TIME_LIMIT"", ""strategy_used"": ""BASELINE_DECOMPOSED""}, {""committed_round_count"": 4, ""fallback_used"": false, ""heuristic_candidate_pruning_used"": false, ""pruned_hard_compatible_pair_count"": 0, ""solver_status"": ""TIME_LIMIT"", ""strategy_used"": ""BASELINE_DECOMPOSED""}, {""committed_round_count"": 8, ""fallback_used"": false, ""heuristic_candidate_pruning_used"": false, ""pruned_hard_compatible_pair_count"": 0, ""solver_status"": ""FEASIBLE"", ""strategy_used"": ""BASELINE_DECOMPOSED""}]","[""COVERED_AREA_COUNT_BELOW_FULL_LOOKAHEAD""]","{""boundary_zero_service_rate"": null, ""covered_areas"": 17, ""late_horizon_zero_service_rate"": 0.6363636363636364, ""minimum_coverage_met"": false, ""non_boundary_zero_service_rate"": 0.43333333333333335, ""service_rounds"": 24, ""underserved_points_covered"": 0}",,,,,,0.01,SYNTHETIC_GENERATOR_AND_SYNTHETIC_ROAD_EDGES
remote_areas-30-5-seed20291055,REMOTE_AREAS,S3_ROLLING_HORIZON_7_21,30,5,,"{""commit_window_days"": 7, ""lookahead_days"": 21, ""planning_window_days"": 28}",3,20291055,ae11c19bec5aa5569c838b587184b539dec9e38c2ae4319bc69f678a2c821ea8,11513.76,25.98,13927.91,0.0,0.0,9.87,13963.74,6816,10605,616,0,OPTIMAL,True,BASELINE_FALLBACK,True,ROLLING_QUALITY_BELOW_FULL_LOOKAHEAD,20,20,10,0,0,0,False,39965,1121693,8926693,,True,,,1722,308,1414,1672,50,0,False,0,"[{""committed_round_count"": 7, ""fallback_used"": false, ""heuristic_candidate_pruning_used"": false, ""pruned_hard_compatible_pair_count"": 0, ""solver_status"": ""OPTIMAL"", ""strategy_used"": ""BASELINE_DECOMPOSED""}, {""committed_round_count"": 5, ""fallback_used"": false, ""heuristic_candidate_pruning_used"": false, ""pruned_hard_compatible_pair_count"": 0, ""solver_status"": ""TIME_LIMIT"", ""strategy_used"": ""BASELINE_DECOMPOSED""}, {""committed_round_count"": 4, ""fallback_used"": false, ""heuristic_candidate_pruning_used"": false, ""pruned_hard_compatible_pair_count"": 0, ""solver_status"": ""TIME_LIMIT"", ""strategy_used"": ""BASELINE_DECOMPOSED""}, {""committed_round_count"": 8, ""fallback_used"": false, ""heuristic_candidate_pruning_used"": false, ""pruned_hard_compatible_pair_count"": 0, ""solver_status"": ""FEASIBLE"", ""strategy_used"": ""BASELINE_DECOMPOSED""}]","[""COVERED_AREA_COUNT_BELOW_FULL_LOOKAHEAD""]","{""boundary_zero_service_rate"": null, ""covered_areas"": 17, ""late_horizon_zero_service_rate"": 0.6363636363636364, ""minimum_coverage_met"": false, ""non_boundary_zero_service_rate"": 0.43333333333333335, ""service_rounds"": 24, ""underserved_points_covered"": 0}",,,,,,0.01,SYNTHETIC_GENERATOR_AND_SYNTHETIC_ROAD_EDGES
remote_areas-30-5-seed20291055,REMOTE_AREAS,S4_GEOGRAPHIC_ROLLING_7_21,30,5,2,"{""commit_window_days"": 7, ""lookahead_days"": 21, ""planning_window_days"": 28}",1,20291055,ae11c19bec5aa5569c838b587184b539dec9e38c2ae4319bc69f678a2c821ea8,4818.75,62.15,11786.22,7719.31,0.0,10.47,13787.72,9973,15319,616,0,TIME_LIMIT,False,GEOGRAPHIC_ROLLING,True,GEOGRAPHIC_WINDOW_BASELINE_FALLBACK,21,17,13,0,0,0,False,34814,977107,8972107,,True,,,2153,296,1857,2108,45,0,False,0,"[{""committed_round_count"": 4, ""fallback_used"": false, ""heuristic_candidate_pruning_used"": false, ""pruned_hard_compatible_pair_count"": 0, ""solver_status"": ""TIME_LIMIT"", ""strategy_used"": ""GEOGRAPHIC_CLUSTER""}, {""committed_round_count"": 5, ""fallback_used"": false, ""heuristic_candidate_pruning_used"": false, ""pruned_hard_compatible_pair_count"": 0, ""solver_status"": ""TIME_LIMIT"", ""strategy_used"": ""GEOGRAPHIC_CLUSTER""}, {""committed_round_count"": 9, ""fallback_used"": false, ""heuristic_candidate_pruning_used"": false, ""pruned_hard_compatible_pair_count"": 0, ""solver_status"": ""TIME_LIMIT"", ""strategy_used"": ""GEOGRAPHIC_CLUSTER""}, {""committed_round_count"": 3, ""fallback_used"": true, ""heuristic_candidate_pruning_used"": false, ""pruned_hard_compatible_pair_count"": 0, ""solver_status"": ""FEASIBLE"", ""strategy_used"": ""BASELINE_FALLBACK""}]",[],,,0.43333333333333335,0.8421052631578947,,0.43333333333333335,0.02,SYNTHETIC_GENERATOR_AND_SYNTHETIC_ROAD_EDGES
remote_areas-30-5-seed20291055,REMOTE_AREAS,S4_GEOGRAPHIC_ROLLING_7_21,30,5,2,"{""commit_window_days"": 7, ""lookahead_days"": 21, ""planning_window_days"": 28}",2,20291055,ae11c19bec5aa5569c838b587184b539dec9e38c2ae4319bc69f678a2c821ea8,4810.13,48.38,11783.89,7755.83,0.0,10.43,13808.06,9973,15319,616,0,TIME_LIMIT,False,GEOGRAPHIC_ROLLING,True,GEOGRAPHIC_WINDOW_BASELINE_FALLBACK,21,17,13,0,0,0,False,34814,977107,8972107,,True,,,2153,296,1857,2108,45,0,False,0,"[{""committed_round_count"": 4, ""fallback_used"": false, ""heuristic_candidate_pruning_used"": false, ""pruned_hard_compatible_pair_count"": 0, ""solver_status"": ""TIME_LIMIT"", ""strategy_used"": ""GEOGRAPHIC_CLUSTER""}, {""committed_round_count"": 5, ""fallback_used"": false, ""heuristic_candidate_pruning_used"": false, ""pruned_hard_compatible_pair_count"": 0, ""solver_status"": ""TIME_LIMIT"", ""strategy_used"": ""GEOGRAPHIC_CLUSTER""}, {""committed_round_count"": 9, ""fallback_used"": false, ""heuristic_candidate_pruning_used"": false, ""pruned_hard_compatible_pair_count"": 0, ""solver_status"": ""TIME_LIMIT"", ""strategy_used"": ""GEOGRAPHIC_CLUSTER""}, {""committed_round_count"": 3, ""fallback_used"": true, ""heuristic_candidate_pruning_used"": false, ""pruned_hard_compatible_pair_count"": 0, ""solver_status"": ""FEASIBLE"", ""strategy_used"": ""BASELINE_FALLBACK""}]",[],,,0.43333333333333335,0.8421052631578947,,0.43333333333333335,0.01,SYNTHETIC_GENERATOR_AND_SYNTHETIC_ROAD_EDGES
remote_areas-30-5-seed20291055,REMOTE_AREAS,S4_GEOGRAPHIC_ROLLING_7_21,30,5,2,"{""commit_window_days"": 7, ""lookahead_days"": 21, ""planning_window_days"": 28}",3,20291055,ae11c19bec5aa5569c838b587184b539dec9e38c2ae4319bc69f678a2c821ea8,4858.09,48.13,11754.99,7763.96,0.0,9.74,13813.01,9973,15319,616,0,TIME_LIMIT,False,GEOGRAPHIC_ROLLING,True,GEOGRAPHIC_WINDOW_BASELINE_FALLBACK,21,17,13,0,0,0,False,34814,977107,8972107,,True,,,2153,296,1857,2108,45,0,False,0,"[{""committed_round_count"": 4, ""fallback_used"": false, ""heuristic_candidate_pruning_used"": false, ""pruned_hard_compatible_pair_count"": 0, ""solver_status"": ""TIME_LIMIT"", ""strategy_used"": ""GEOGRAPHIC_CLUSTER""}, {""committed_round_count"": 5, ""fallback_used"": false, ""heuristic_candidate_pruning_used"": false, ""pruned_hard_compatible_pair_count"": 0, ""solver_status"": ""TIME_LIMIT"", ""strategy_used"": ""GEOGRAPHIC_CLUSTER""}, {""committed_round_count"": 9, ""fallback_used"": false, ""heuristic_candidate_pruning_used"": false, ""pruned_hard_compatible_pair_count"": 0, ""solver_status"": ""TIME_LIMIT"", ""strategy_used"": ""GEOGRAPHIC_CLUSTER""}, {""committed_round_count"": 3, ""fallback_used"": true, ""heuristic_candidate_pruning_used"": false, ""pruned_hard_compatible_pair_count"": 0, ""solver_status"": ""FEASIBLE"", ""strategy_used"": ""BASELINE_FALLBACK""}]",[],,,0.43333333333333335,0.8421052631578947,,0.43333333333333335,0.01,SYNTHETIC_GENERATOR_AND_SYNTHETIC_ROAD_EDGES
many_low_data-30-5-seed20291056,MANY_LOW_DATA,S0_MONOLITHIC,30,5,,FULL_MONTH,1,20291056,660500cd79054b716cca02d5727dfa519abcb7a815b6a854d4c6abac8c82d0ef,359.75,10.14,1688.18,0.0,0.0,0.0,2057.3,25619,33148,872,18160,UNKNOWN,False,BASELINE_MONOLITHIC,False,,0,0,30,,,,False,0,0,0,,True,,,18360,1070,17290,18360,0,0,False,0,[],[],,,,,,,0.0,SYNTHETIC_GENERATOR_AND_SYNTHETIC_ROAD_EDGES
many_low_data-30-5-seed20291056,MANY_LOW_DATA,S0_MONOLITHIC,30,5,,FULL_MONTH,2,20291056,660500cd79054b716cca02d5727dfa519abcb7a815b6a854d4c6abac8c82d0ef,353.62,10.33,1659.72,0.0,0.0,0.0,2022.54,25619,33148,872,18160,UNKNOWN,False,BASELINE_MONOLITHIC,False,,0,0,30,,,,False,0,0,0,,True,,,18360,1070,17290,18360,0,0,False,0,[],[],,,,,,,0.0,SYNTHETIC_GENERATOR_AND_SYNTHETIC_ROAD_EDGES
many_low_data-30-5-seed20291056,MANY_LOW_DATA,S0_MONOLITHIC,30,5,,FULL_MONTH,3,20291056,660500cd79054b716cca02d5727dfa519abcb7a815b6a854d4c6abac8c82d0ef,354.48,9.99,1667.02,0.0,0.0,0.0,2029.91,25619,33148,872,18160,UNKNOWN,False,BASELINE_MONOLITHIC,False,,0,0,30,,,,False,0,0,0,,True,,,18360,1070,17290,18360,0,0,False,0,[],[],,,,,,,0.0,SYNTHETIC_GENERATOR_AND_SYNTHETIC_ROAD_EDGES
many_low_data-30-5-seed20291056,MANY_LOW_DATA,S1_V5_BASELINE,30,5,,FULL_MONTH,1,20291056,660500cd79054b716cca02d5727dfa519abcb7a815b6a854d4c6abac8c82d0ef,1757.63,10.72,2454.63,0.0,0.0,2.52,2489.23,2563,3956,872,0,OPTIMAL,True,BASELINE_DECOMPOSED,False,,28,28,2,0,0,0,False,50241,1409730,8739730,,True,,,394,256,138,382,12,0,False,0,[],[],,,,,,,667.62,SYNTHETIC_GENERATOR_AND_SYNTHETIC_ROAD_EDGES
many_low_data-30-5-seed20291056,MANY_LOW_DATA,S1_V5_BASELINE,30,5,,FULL_MONTH,2,20291056,660500cd79054b716cca02d5727dfa519abcb7a815b6a854d4c6abac8c82d0ef,1783.85,10.74,2463.35,0.0,0.0,2.11,2516.81,2563,3956,872,0,OPTIMAL,True,BASELINE_DECOMPOSED,False,,28,28,2,0,0,0,False,50241,1409730,8739730,,True,,,394,256,138,382,12,0,False,0,[],[],,,,,,,668.38,SYNTHETIC_GENERATOR_AND_SYNTHETIC_ROAD_EDGES
many_low_data-30-5-seed20291056,MANY_LOW_DATA,S1_V5_BASELINE,30,5,,FULL_MONTH,3,20291056,660500cd79054b716cca02d5727dfa519abcb7a815b6a854d4c6abac8c82d0ef,1770.79,10.42,2470.72,0.0,0.0,2.47,2505.76,2563,3956,872,0,OPTIMAL,True,BASELINE_DECOMPOSED,False,,28,28,2,0,0,0,False,50241,1409730,8739730,,True,,,394,256,138,382,12,0,False,0,[],[],,,,,,,670.33,SYNTHETIC_GENERATOR_AND_SYNTHETIC_ROAD_EDGES
many_low_data-30-5-seed20291056,MANY_LOW_DATA,S2_GEOGRAPHIC_CLUSTER,30,5,2,FULL_MONTH,1,20291056,660500cd79054b716cca02d5727dfa519abcb7a815b6a854d4c6abac8c82d0ef,46.5,20.49,3555.04,3203.64,0.0,2.71,5026.75,4856,7413,872,0,TIME_LIMIT,False,GEOGRAPHIC_CLUSTER,False,,19,19,11,0,0,0,False,37914,1063712,8683712,,True,,"{""budget"": true, ""minimum_coverage_reported_truthfully"": true, ""provider_capacity"": true, ""provider_monthly_compensation"": true, ""route_feasibility"": true, ""schedule_overlap_and_daily_hours"": true, ""service_compatibility"": true}",471,238,233,456,15,0,False,0,[],[],,,,,0.5,0.25,666.03,SYNTHETIC_GENERATOR_AND_SYNTHETIC_ROAD_EDGES
many_low_data-30-5-seed20291056,MANY_LOW_DATA,S2_GEOGRAPHIC_CLUSTER,30,5,2,FULL_MONTH,2,20291056,660500cd79054b716cca02d5727dfa519abcb7a815b6a854d4c6abac8c82d0ef,51.4,21.65,3575.1,3186.89,0.0,2.56,5022.16,4856,7413,872,0,TIME_LIMIT,False,GEOGRAPHIC_CLUSTER,False,,19,19,11,0,0,0,False,37914,1063712,8683712,,True,,"{""budget"": true, ""minimum_coverage_reported_truthfully"": true, ""provider_capacity"": true, ""provider_monthly_compensation"": true, ""route_feasibility"": true, ""schedule_overlap_and_daily_hours"": true, ""service_compatibility"": true}",471,238,233,456,15,0,False,0,[],[],,,,,0.5,0.25,657.81,SYNTHETIC_GENERATOR_AND_SYNTHETIC_ROAD_EDGES
many_low_data-30-5-seed20291056,MANY_LOW_DATA,S2_GEOGRAPHIC_CLUSTER,30,5,2,FULL_MONTH,3,20291056,660500cd79054b716cca02d5727dfa519abcb7a815b6a854d4c6abac8c82d0ef,48.2,20.57,3551.72,3204.03,0.0,2.89,5025.79,4856,7413,872,0,TIME_LIMIT,False,GEOGRAPHIC_CLUSTER,False,,19,19,11,0,0,0,False,37914,1063712,8683712,,True,,"{""budget"": true, ""minimum_coverage_reported_truthfully"": true, ""provider_capacity"": true, ""provider_monthly_compensation"": true, ""route_feasibility"": true, ""schedule_overlap_and_daily_hours"": true, ""service_compatibility"": true}",471,238,233,456,15,0,False,0,[],[],,,,,0.5,0.25,670.14,SYNTHETIC_GENERATOR_AND_SYNTHETIC_ROAD_EDGES
many_low_data-30-5-seed20291056,MANY_LOW_DATA,S3_ROLLING_HORIZON_7_21,30,5,,"{""commit_window_days"": 7, ""lookahead_days"": 21, ""planning_window_days"": 28}",1,20291056,660500cd79054b716cca02d5727dfa519abcb7a815b6a854d4c6abac8c82d0ef,6975.63,33.74,6582.58,0.0,0.0,11.15,6640.61,8097,12391,872,0,OPTIMAL,True,BASELINE_FALLBACK,True,ROLLING_QUALITY_BELOW_FULL_LOOKAHEAD,28,28,2,0,0,0,False,50241,1409730,8739730,,True,,,1476,347,1129,1418,58,0,False,0,"[{""committed_round_count"": 7, ""fallback_used"": false, ""heuristic_candidate_pruning_used"": false, ""pruned_hard_compatible_pair_count"": 0, ""solver_status"": ""OPTIMAL"", ""strategy_used"": ""BASELINE_DECOMPOSED""}, {""committed_round_count"": 15, ""fallback_used"": false, ""heuristic_candidate_pruning_used"": false, ""pruned_hard_compatible_pair_count"": 0, ""solver_status"": ""TIME_LIMIT"", ""strategy_used"": ""BASELINE_DECOMPOSED""}, {""committed_round_count"": 3, ""fallback_used"": false, ""heuristic_candidate_pruning_used"": false, ""pruned_hard_compatible_pair_count"": 0, ""solver_status"": ""FEASIBLE"", ""strategy_used"": ""BASELINE_DECOMPOSED""}, {""committed_round_count"": 4, ""fallback_used"": false, ""heuristic_candidate_pruning_used"": false, ""pruned_hard_compatible_pair_count"": 0, ""solver_status"": ""OPTIMAL"", ""strategy_used"": ""BASELINE_DECOMPOSED""}]","[""COVERED_AREA_COUNT_BELOW_FULL_LOOKAHEAD""]","{""boundary_zero_service_rate"": null, ""covered_areas"": 23, ""late_horizon_zero_service_rate"": 0.6923076923076923, ""minimum_coverage_met"": false, ""non_boundary_zero_service_rate"": 0.23333333333333334, ""service_rounds"": 29, ""underserved_points_covered"": 0}",,,,,,0.01,SYNTHETIC_GENERATOR_AND_SYNTHETIC_ROAD_EDGES
many_low_data-30-5-seed20291056,MANY_LOW_DATA,S3_ROLLING_HORIZON_7_21,30,5,,"{""commit_window_days"": 7, ""lookahead_days"": 21, ""planning_window_days"": 28}",2,20291056,660500cd79054b716cca02d5727dfa519abcb7a815b6a854d4c6abac8c82d0ef,6969.73,34.07,6592.25,0.0,0.0,11.33,6649.28,8097,12391,872,0,OPTIMAL,True,BASELINE_FALLBACK,True,ROLLING_QUALITY_BELOW_FULL_LOOKAHEAD,28,28,2,0,0,0,False,50241,1409730,8739730,,True,,,1476,347,1129,1418,58,0,False,0,"[{""committed_round_count"": 7, ""fallback_used"": false, ""heuristic_candidate_pruning_used"": false, ""pruned_hard_compatible_pair_count"": 0, ""solver_status"": ""OPTIMAL"", ""strategy_used"": ""BASELINE_DECOMPOSED""}, {""committed_round_count"": 15, ""fallback_used"": false, ""heuristic_candidate_pruning_used"": false, ""pruned_hard_compatible_pair_count"": 0, ""solver_status"": ""TIME_LIMIT"", ""strategy_used"": ""BASELINE_DECOMPOSED""}, {""committed_round_count"": 3, ""fallback_used"": false, ""heuristic_candidate_pruning_used"": false, ""pruned_hard_compatible_pair_count"": 0, ""solver_status"": ""FEASIBLE"", ""strategy_used"": ""BASELINE_DECOMPOSED""}, {""committed_round_count"": 4, ""fallback_used"": false, ""heuristic_candidate_pruning_used"": false, ""pruned_hard_compatible_pair_count"": 0, ""solver_status"": ""OPTIMAL"", ""strategy_used"": ""BASELINE_DECOMPOSED""}]","[""COVERED_AREA_COUNT_BELOW_FULL_LOOKAHEAD""]","{""boundary_zero_service_rate"": null, ""covered_areas"": 23, ""late_horizon_zero_service_rate"": 0.6923076923076923, ""minimum_coverage_met"": false, ""non_boundary_zero_service_rate"": 0.23333333333333334, ""service_rounds"": 29, ""underserved_points_covered"": 0}",,,,,,0.01,SYNTHETIC_GENERATOR_AND_SYNTHETIC_ROAD_EDGES
many_low_data-30-5-seed20291056,MANY_LOW_DATA,S3_ROLLING_HORIZON_7_21,30,5,,"{""commit_window_days"": 7, ""lookahead_days"": 21, ""planning_window_days"": 28}",3,20291056,660500cd79054b716cca02d5727dfa519abcb7a815b6a854d4c6abac8c82d0ef,7045.43,34.64,6625.12,0.0,0.0,10.16,6682.47,8097,12391,872,0,OPTIMAL,True,BASELINE_FALLBACK,True,ROLLING_QUALITY_BELOW_FULL_LOOKAHEAD,28,28,2,0,0,0,False,50241,1409730,8739730,,True,,,1476,347,1129,1418,58,0,False,0,"[{""committed_round_count"": 7, ""fallback_used"": false, ""heuristic_candidate_pruning_used"": false, ""pruned_hard_compatible_pair_count"": 0, ""solver_status"": ""OPTIMAL"", ""strategy_used"": ""BASELINE_DECOMPOSED""}, {""committed_round_count"": 15, ""fallback_used"": false, ""heuristic_candidate_pruning_used"": false, ""pruned_hard_compatible_pair_count"": 0, ""solver_status"": ""TIME_LIMIT"", ""strategy_used"": ""BASELINE_DECOMPOSED""}, {""committed_round_count"": 3, ""fallback_used"": false, ""heuristic_candidate_pruning_used"": false, ""pruned_hard_compatible_pair_count"": 0, ""solver_status"": ""FEASIBLE"", ""strategy_used"": ""BASELINE_DECOMPOSED""}, {""committed_round_count"": 4, ""fallback_used"": false, ""heuristic_candidate_pruning_used"": false, ""pruned_hard_compatible_pair_count"": 0, ""solver_status"": ""OPTIMAL"", ""strategy_used"": ""BASELINE_DECOMPOSED""}]","[""COVERED_AREA_COUNT_BELOW_FULL_LOOKAHEAD""]","{""boundary_zero_service_rate"": null, ""covered_areas"": 23, ""late_horizon_zero_service_rate"": 0.6923076923076923, ""minimum_coverage_met"": false, ""non_boundary_zero_service_rate"": 0.23333333333333334, ""service_rounds"": 29, ""underserved_points_covered"": 0}",,,,,,0.01,SYNTHETIC_GENERATOR_AND_SYNTHETIC_ROAD_EDGES
many_low_data-30-5-seed20291056,MANY_LOW_DATA,S4_GEOGRAPHIC_ROLLING_7_21,30,5,2,"{""commit_window_days"": 7, ""lookahead_days"": 21, ""planning_window_days"": 28}",1,20291056,660500cd79054b716cca02d5727dfa519abcb7a815b6a854d4c6abac8c82d0ef,9627.42,71.6,11695.44,15501.46,0.0,16.91,22605.4,15130,23116,872,0,TIME_LIMIT,False,GEOGRAPHIC_ROLLING,True,GEOGRAPHIC_WINDOW_BASELINE_FALLBACK,22,21,9,0,0,0,False,34397,965464,8835464,,True,,,2604,361,2243,2510,94,0,False,0,"[{""committed_round_count"": 4, ""fallback_used"": false, ""heuristic_candidate_pruning_used"": false, ""pruned_hard_compatible_pair_count"": 0, ""solver_status"": ""TIME_LIMIT"", ""strategy_used"": ""GEOGRAPHIC_CLUSTER""}, {""committed_round_count"": 2, ""fallback_used"": false, ""heuristic_candidate_pruning_used"": false, ""pruned_hard_compatible_pair_count"": 0, ""solver_status"": ""TIME_LIMIT"", ""strategy_used"": ""GEOGRAPHIC_CLUSTER""}, {""committed_round_count"": 9, ""fallback_used"": true, ""heuristic_candidate_pruning_used"": false, ""pruned_hard_compatible_pair_count"": 0, ""solver_status"": ""TIME_LIMIT"", ""strategy_used"": ""BASELINE_FALLBACK""}, {""committed_round_count"": 7, ""fallback_used"": true, ""heuristic_candidate_pruning_used"": false, ""pruned_hard_compatible_pair_count"": 0, ""solver_status"": ""FEASIBLE"", ""strategy_used"": ""BASELINE_FALLBACK""}]",[],,0.14285714285714285,0.4375,0.6666666666666666,0.14285714285714285,0.4375,0.02,SYNTHETIC_GENERATOR_AND_SYNTHETIC_ROAD_EDGES
many_low_data-30-5-seed20291056,MANY_LOW_DATA,S4_GEOGRAPHIC_ROLLING_7_21,30,5,2,"{""commit_window_days"": 7, ""lookahead_days"": 21, ""planning_window_days"": 28}",2,20291056,660500cd79054b716cca02d5727dfa519abcb7a815b6a854d4c6abac8c82d0ef,9639.79,69.79,11698.37,15458.46,0.0,16.35,22564.76,15130,23116,872,0,TIME_LIMIT,False,GEOGRAPHIC_ROLLING,True,GEOGRAPHIC_WINDOW_BASELINE_FALLBACK,22,21,9,0,0,0,False,34397,965464,8835464,,True,,,2604,361,2243,2510,94,0,False,0,"[{""committed_round_count"": 4, ""fallback_used"": false, ""heuristic_candidate_pruning_used"": false, ""pruned_hard_compatible_pair_count"": 0, ""solver_status"": ""TIME_LIMIT"", ""strategy_used"": ""GEOGRAPHIC_CLUSTER""}, {""committed_round_count"": 2, ""fallback_used"": false, ""heuristic_candidate_pruning_used"": false, ""pruned_hard_compatible_pair_count"": 0, ""solver_status"": ""TIME_LIMIT"", ""strategy_used"": ""GEOGRAPHIC_CLUSTER""}, {""committed_round_count"": 9, ""fallback_used"": true, ""heuristic_candidate_pruning_used"": false, ""pruned_hard_compatible_pair_count"": 0, ""solver_status"": ""TIME_LIMIT"", ""strategy_used"": ""BASELINE_FALLBACK""}, {""committed_round_count"": 7, ""fallback_used"": true, ""heuristic_candidate_pruning_used"": false, ""pruned_hard_compatible_pair_count"": 0, ""solver_status"": ""FEASIBLE"", ""strategy_used"": ""BASELINE_FALLBACK""}]",[],,0.14285714285714285,0.4375,0.6666666666666666,0.14285714285714285,0.4375,0.02,SYNTHETIC_GENERATOR_AND_SYNTHETIC_ROAD_EDGES
many_low_data-30-5-seed20291056,MANY_LOW_DATA,S4_GEOGRAPHIC_ROLLING_7_21,30,5,2,"{""commit_window_days"": 7, ""lookahead_days"": 21, ""planning_window_days"": 28}",3,20291056,660500cd79054b716cca02d5727dfa519abcb7a815b6a854d4c6abac8c82d0ef,9611.72,81.59,11724.36,15463.3,0.0,16.58,22599.89,15130,23116,872,0,TIME_LIMIT,False,GEOGRAPHIC_ROLLING,True,GEOGRAPHIC_WINDOW_BASELINE_FALLBACK,22,21,9,0,0,0,False,34397,965464,8835464,,True,,,2604,361,2243,2510,94,0,False,0,"[{""committed_round_count"": 4, ""fallback_used"": false, ""heuristic_candidate_pruning_used"": false, ""pruned_hard_compatible_pair_count"": 0, ""solver_status"": ""TIME_LIMIT"", ""strategy_used"": ""GEOGRAPHIC_CLUSTER""}, {""committed_round_count"": 2, ""fallback_used"": false, ""heuristic_candidate_pruning_used"": false, ""pruned_hard_compatible_pair_count"": 0, ""solver_status"": ""TIME_LIMIT"", ""strategy_used"": ""GEOGRAPHIC_CLUSTER""}, {""committed_round_count"": 9, ""fallback_used"": true, ""heuristic_candidate_pruning_used"": false, ""pruned_hard_compatible_pair_count"": 0, ""solver_status"": ""TIME_LIMIT"", ""strategy_used"": ""BASELINE_FALLBACK""}, {""committed_round_count"": 7, ""fallback_used"": true, ""heuristic_candidate_pruning_used"": false, ""pruned_hard_compatible_pair_count"": 0, ""solver_status"": ""FEASIBLE"", ""strategy_used"": ""BASELINE_FALLBACK""}]",[],,0.14285714285714285,0.4375,0.6666666666666666,0.14285714285714285,0.4375,0.02,SYNTHETIC_GENERATOR_AND_SYNTHETIC_ROAD_EDGES
home_repair_mixed-30-5-seed20291057,HOME_REPAIR_MIXED,S0_MONOLITHIC,30,5,,FULL_MONTH,1,20291057,d96d0660a0a8a39a0ed37f921b5593f3a271b8c344d2701d578964de8916992d,336.73,9.68,1467.15,0.0,0.0,0.0,1812.57,24491,31604,820,17448,UNKNOWN,False,BASELINE_MONOLITHIC,False,,0,0,30,,,,False,0,0,0,,True,,,17642,1064,16578,17642,0,0,False,0,[],[],,,,,,,0.0,SYNTHETIC_GENERATOR_AND_SYNTHETIC_ROAD_EDGES
home_repair_mixed-30-5-seed20291057,HOME_REPAIR_MIXED,S0_MONOLITHIC,30,5,,FULL_MONTH,2,20291057,d96d0660a0a8a39a0ed37f921b5593f3a271b8c344d2701d578964de8916992d,343.88,9.97,1455.62,0.0,0.0,0.0,1808.91,24491,31604,820,17448,UNKNOWN,False,BASELINE_MONOLITHIC,False,,0,0,30,,,,False,0,0,0,,True,,,17642,1064,16578,17642,0,0,False,0,[],[],,,,,,,0.0,SYNTHETIC_GENERATOR_AND_SYNTHETIC_ROAD_EDGES
home_repair_mixed-30-5-seed20291057,HOME_REPAIR_MIXED,S0_MONOLITHIC,30,5,,FULL_MONTH,3,20291057,d96d0660a0a8a39a0ed37f921b5593f3a271b8c344d2701d578964de8916992d,353.86,9.93,1449.18,0.0,0.0,0.0,1812.45,24491,31604,820,17448,UNKNOWN,False,BASELINE_MONOLITHIC,False,,0,0,30,,,,False,0,0,0,,True,,,17642,1064,16578,17642,0,0,False,0,[],[],,,,,,,0.0,SYNTHETIC_GENERATOR_AND_SYNTHETIC_ROAD_EDGES
home_repair_mixed-30-5-seed20291057,HOME_REPAIR_MIXED,S1_V5_BASELINE,30,5,,FULL_MONTH,1,20291057,d96d0660a0a8a39a0ed37f921b5593f3a271b8c344d2701d578964de8916992d,2116.66,9.99,2749.43,0.0,0.0,3.33,2783.52,2343,3623,820,0,OPTIMAL,True,BASELINE_DECOMPOSED,False,,27,27,3,0,0,0,False,45151,1267272,8692272,,True,,,593,297,296,576,17,0,False,0,[],[],,,,,,,568.85,SYNTHETIC_GENERATOR_AND_SYNTHETIC_ROAD_EDGES
home_repair_mixed-30-5-seed20291057,HOME_REPAIR_MIXED,S1_V5_BASELINE,30,5,,FULL_MONTH,2,20291057,d96d0660a0a8a39a0ed37f921b5593f3a271b8c344d2701d578964de8916992d,2138.88,9.72,2766.9,0.0,0.0,2.9,2798.9,2343,3623,820,0,OPTIMAL,True,BASELINE_DECOMPOSED,False,,27,27,3,0,0,0,False,45151,1267272,8692272,,True,,,593,297,296,576,17,0,False,0,[],[],,,,,,,562.29,SYNTHETIC_GENERATOR_AND_SYNTHETIC_ROAD_EDGES
home_repair_mixed-30-5-seed20291057,HOME_REPAIR_MIXED,S1_V5_BASELINE,30,5,,FULL_MONTH,3,20291057,d96d0660a0a8a39a0ed37f921b5593f3a271b8c344d2701d578964de8916992d,2101.93,9.99,2745.5,0.0,0.0,3.41,2779.9,2343,3623,820,0,OPTIMAL,True,BASELINE_DECOMPOSED,False,,27,27,3,0,0,0,False,45151,1267272,8692272,,True,,,593,297,296,576,17,0,False,0,[],[],,,,,,,575.88,SYNTHETIC_GENERATOR_AND_SYNTHETIC_ROAD_EDGES
home_repair_mixed-30-5-seed20291057,HOME_REPAIR_MIXED,S2_GEOGRAPHIC_CLUSTER,30,5,2,FULL_MONTH,1,20291057,d96d0660a0a8a39a0ed37f921b5593f3a271b8c344d2701d578964de8916992d,44.78,20.07,5358.5,3301.68,0.0,1.09,6023.17,4592,7105,820,0,TIME_LIMIT,False,GEOGRAPHIC_CLUSTER,False,,23,23,7,0,0,0,False,48966,1374418,7944418,,True,,"{""budget"": true, ""minimum_coverage_reported_truthfully"": true, ""provider_capacity"": true, ""provider_monthly_compensation"": true, ""route_feasibility"": true, ""schedule_overlap_and_daily_hours"": true, ""service_compatibility"": true}",592,228,364,592,0,0,False,0,[],[],,,,,0.16666666666666666,0.25,571.94,SYNTHETIC_GENERATOR_AND_SYNTHETIC_ROAD_EDGES
home_repair_mixed-30-5-seed20291057,HOME_REPAIR_MIXED,S2_GEOGRAPHIC_CLUSTER,30,5,2,FULL_MONTH,2,20291057,d96d0660a0a8a39a0ed37f921b5593f3a271b8c344d2701d578964de8916992d,45.12,19.99,5377.32,3290.87,0.0,0.24,6020.51,4592,7105,820,0,TIME_LIMIT,False,GEOGRAPHIC_CLUSTER,False,,23,23,7,0,0,0,False,48966,1374418,7944418,,True,,"{""budget"": true, ""minimum_coverage_reported_truthfully"": true, ""provider_capacity"": true, ""provider_monthly_compensation"": true, ""route_feasibility"": true, ""schedule_overlap_and_daily_hours"": true, ""service_compatibility"": true}",592,228,364,592,0,0,False,0,[],[],,,,,0.16666666666666666,0.25,562.33,SYNTHETIC_GENERATOR_AND_SYNTHETIC_ROAD_EDGES
home_repair_mixed-30-5-seed20291057,HOME_REPAIR_MIXED,S2_GEOGRAPHIC_CLUSTER,30,5,2,FULL_MONTH,3,20291057,d96d0660a0a8a39a0ed37f921b5593f3a271b8c344d2701d578964de8916992d,45.58,19.56,5349.94,3296.94,0.0,0.22,6013.54,4592,7105,820,0,TIME_LIMIT,False,GEOGRAPHIC_CLUSTER,False,,23,23,7,0,0,0,False,48966,1374418,7944418,,True,,"{""budget"": true, ""minimum_coverage_reported_truthfully"": true, ""provider_capacity"": true, ""provider_monthly_compensation"": true, ""route_feasibility"": true, ""schedule_overlap_and_daily_hours"": true, ""service_compatibility"": true}",592,228,364,592,0,0,False,0,[],[],,,,,0.16666666666666666,0.25,568.58,SYNTHETIC_GENERATOR_AND_SYNTHETIC_ROAD_EDGES
home_repair_mixed-30-5-seed20291057,HOME_REPAIR_MIXED,S3_ROLLING_HORIZON_7_21,30,5,,"{""commit_window_days"": 7, ""lookahead_days"": 21, ""planning_window_days"": 28}",1,20291057,d96d0660a0a8a39a0ed37f921b5593f3a271b8c344d2701d578964de8916992d,9586.07,36.16,10879.88,0.0,0.0,14.05,10907.21,8265,12736,820,0,OPTIMAL,True,BASELINE_FALLBACK,True,ROLLING_QUALITY_BELOW_FULL_LOOKAHEAD,27,27,3,0,0,0,False,45151,1267272,8692272,,True,,,2063,373,1690,1984,79,0,False,0,"[{""committed_round_count"": 5, ""fallback_used"": false, ""heuristic_candidate_pruning_used"": false, ""pruned_hard_compatible_pair_count"": 0, ""solver_status"": ""OPTIMAL"", ""strategy_used"": ""BASELINE_DECOMPOSED""}, {""committed_round_count"": 4, ""fallback_used"": false, ""heuristic_candidate_pruning_used"": false, ""pruned_hard_compatible_pair_count"": 0, ""solver_status"": ""TIME_LIMIT"", ""strategy_used"": ""BASELINE_DECOMPOSED""}, {""committed_round_count"": 7, ""fallback_used"": false, ""heuristic_candidate_pruning_used"": false, ""pruned_hard_compatible_pair_count"": 0, ""solver_status"": ""TIME_LIMIT"", ""strategy_used"": ""BASELINE_DECOMPOSED""}, {""committed_round_count"": 9, ""fallback_used"": false, ""heuristic_candidate_pruning_used"": false, ""pruned_hard_compatible_pair_count"": 0, ""solver_status"": ""FEASIBLE"", ""strategy_used"": ""BASELINE_DECOMPOSED""}]","[""COVERED_AREA_COUNT_BELOW_FULL_LOOKAHEAD""]","{""boundary_zero_service_rate"": null, ""covered_areas"": 20, ""late_horizon_zero_service_rate"": 0.625, ""minimum_coverage_met"": false, ""non_boundary_zero_service_rate"": 0.3333333333333333, ""service_rounds"": 25, ""underserved_points_covered"": 0}",,,,,,0.01,SYNTHETIC_GENERATOR_AND_SYNTHETIC_ROAD_EDGES
home_repair_mixed-30-5-seed20291057,HOME_REPAIR_MIXED,S3_ROLLING_HORIZON_7_21,30,5,,"{""commit_window_days"": 7, ""lookahead_days"": 21, ""planning_window_days"": 28}",2,20291057,d96d0660a0a8a39a0ed37f921b5593f3a271b8c344d2701d578964de8916992d,9536.63,35.8,10844.95,0.0,0.0,13.57,10871.5,8265,12736,820,0,OPTIMAL,True,BASELINE_FALLBACK,True,ROLLING_QUALITY_BELOW_FULL_LOOKAHEAD,27,27,3,0,0,0,False,45151,1267272,8692272,,True,,,2063,373,1690,1984,79,0,False,0,"[{""committed_round_count"": 5, ""fallback_used"": false, ""heuristic_candidate_pruning_used"": false, ""pruned_hard_compatible_pair_count"": 0, ""solver_status"": ""OPTIMAL"", ""strategy_used"": ""BASELINE_DECOMPOSED""}, {""committed_round_count"": 4, ""fallback_used"": false, ""heuristic_candidate_pruning_used"": false, ""pruned_hard_compatible_pair_count"": 0, ""solver_status"": ""TIME_LIMIT"", ""strategy_used"": ""BASELINE_DECOMPOSED""}, {""committed_round_count"": 7, ""fallback_used"": false, ""heuristic_candidate_pruning_used"": false, ""pruned_hard_compatible_pair_count"": 0, ""solver_status"": ""TIME_LIMIT"", ""strategy_used"": ""BASELINE_DECOMPOSED""}, {""committed_round_count"": 9, ""fallback_used"": false, ""heuristic_candidate_pruning_used"": false, ""pruned_hard_compatible_pair_count"": 0, ""solver_status"": ""FEASIBLE"", ""strategy_used"": ""BASELINE_DECOMPOSED""}]","[""COVERED_AREA_COUNT_BELOW_FULL_LOOKAHEAD""]","{""boundary_zero_service_rate"": null, ""covered_areas"": 20, ""late_horizon_zero_service_rate"": 0.625, ""minimum_coverage_met"": false, ""non_boundary_zero_service_rate"": 0.3333333333333333, ""service_rounds"": 25, ""underserved_points_covered"": 0}",,,,,,0.01,SYNTHETIC_GENERATOR_AND_SYNTHETIC_ROAD_EDGES
home_repair_mixed-30-5-seed20291057,HOME_REPAIR_MIXED,S3_ROLLING_HORIZON_7_21,30,5,,"{""commit_window_days"": 7, ""lookahead_days"": 21, ""planning_window_days"": 28}",3,20291057,d96d0660a0a8a39a0ed37f921b5593f3a271b8c344d2701d578964de8916992d,9479.68,37.27,10820.07,0.0,0.0,14.72,10849.15,8265,12736,820,0,OPTIMAL,True,BASELINE_FALLBACK,True,ROLLING_QUALITY_BELOW_FULL_LOOKAHEAD,27,27,3,0,0,0,False,45151,1267272,8692272,,True,,,2063,373,1690,1984,79,0,False,0,"[{""committed_round_count"": 5, ""fallback_used"": false, ""heuristic_candidate_pruning_used"": false, ""pruned_hard_compatible_pair_count"": 0, ""solver_status"": ""OPTIMAL"", ""strategy_used"": ""BASELINE_DECOMPOSED""}, {""committed_round_count"": 4, ""fallback_used"": false, ""heuristic_candidate_pruning_used"": false, ""pruned_hard_compatible_pair_count"": 0, ""solver_status"": ""TIME_LIMIT"", ""strategy_used"": ""BASELINE_DECOMPOSED""}, {""committed_round_count"": 7, ""fallback_used"": false, ""heuristic_candidate_pruning_used"": false, ""pruned_hard_compatible_pair_count"": 0, ""solver_status"": ""TIME_LIMIT"", ""strategy_used"": ""BASELINE_DECOMPOSED""}, {""committed_round_count"": 9, ""fallback_used"": false, ""heuristic_candidate_pruning_used"": false, ""pruned_hard_compatible_pair_count"": 0, ""solver_status"": ""FEASIBLE"", ""strategy_used"": ""BASELINE_DECOMPOSED""}]","[""COVERED_AREA_COUNT_BELOW_FULL_LOOKAHEAD""]","{""boundary_zero_service_rate"": null, ""covered_areas"": 20, ""late_horizon_zero_service_rate"": 0.625, ""minimum_coverage_met"": false, ""non_boundary_zero_service_rate"": 0.3333333333333333, ""service_rounds"": 25, ""underserved_points_covered"": 0}",,,,,,0.01,SYNTHETIC_GENERATOR_AND_SYNTHETIC_ROAD_EDGES
home_repair_mixed-30-5-seed20291057,HOME_REPAIR_MIXED,S4_GEOGRAPHIC_ROLLING_7_21,30,5,2,"{""commit_window_days"": 7, ""lookahead_days"": 21, ""planning_window_days"": 28}",1,20291057,d96d0660a0a8a39a0ed37f921b5593f3a271b8c344d2701d578964de8916992d,17999.73,85.15,12368.07,21190.45,0.0,16.49,29533.53,18892,28609,820,0,OPTIMAL,True,BASELINE_FALLBACK,True,ROLLING_QUALITY_BELOW_FULL_LOOKAHEAD,27,27,3,0,0,0,False,45151,1267272,8692272,,True,,,3994,407,3587,3912,82,0,False,0,"[{""committed_round_count"": 10, ""fallback_used"": false, ""heuristic_candidate_pruning_used"": false, ""pruned_hard_compatible_pair_count"": 0, ""solver_status"": ""TIME_LIMIT"", ""strategy_used"": ""GEOGRAPHIC_CLUSTER""}, {""committed_round_count"": 8, ""fallback_used"": true, ""heuristic_candidate_pruning_used"": false, ""pruned_hard_compatible_pair_count"": 0, ""solver_status"": ""TIME_LIMIT"", ""strategy_used"": ""BASELINE_FALLBACK""}, {""committed_round_count"": 4, ""fallback_used"": true, ""heuristic_candidate_pruning_used"": false, ""pruned_hard_compatible_pair_count"": 0, ""solver_status"": ""FEASIBLE"", ""strategy_used"": ""BASELINE_FALLBACK""}, {""committed_round_count"": 4, ""fallback_used"": true, ""heuristic_candidate_pruning_used"": false, ""pruned_hard_compatible_pair_count"": 0, ""solver_status"": ""FEASIBLE"", ""strategy_used"": ""BASELINE_FALLBACK""}]","[""COVERED_AREA_COUNT_BELOW_FULL_LOOKAHEAD""]","{""boundary_zero_service_rate"": 0.0, ""covered_areas"": 20, ""late_horizon_zero_service_rate"": 0.8260869565217391, ""minimum_coverage_met"": false, ""non_boundary_zero_service_rate"": 0.4166666666666667, ""service_rounds"": 26, ""underserved_points_covered"": 0}",,,,,,558.38,SYNTHETIC_GENERATOR_AND_SYNTHETIC_ROAD_EDGES
home_repair_mixed-30-5-seed20291057,HOME_REPAIR_MIXED,S4_GEOGRAPHIC_ROLLING_7_21,30,5,2,"{""commit_window_days"": 7, ""lookahead_days"": 21, ""planning_window_days"": 28}",2,20291057,d96d0660a0a8a39a0ed37f921b5593f3a271b8c344d2701d578964de8916992d,17902.92,87.22,12376.86,21168.61,0.0,15.63,29477.75,18892,28609,820,0,OPTIMAL,True,BASELINE_FALLBACK,True,ROLLING_QUALITY_BELOW_FULL_LOOKAHEAD,27,27,3,0,0,0,False,45151,1267272,8692272,,True,,,3994,407,3587,3912,82,0,False,0,"[{""committed_round_count"": 10, ""fallback_used"": false, ""heuristic_candidate_pruning_used"": false, ""pruned_hard_compatible_pair_count"": 0, ""solver_status"": ""TIME_LIMIT"", ""strategy_used"": ""GEOGRAPHIC_CLUSTER""}, {""committed_round_count"": 8, ""fallback_used"": true, ""heuristic_candidate_pruning_used"": false, ""pruned_hard_compatible_pair_count"": 0, ""solver_status"": ""TIME_LIMIT"", ""strategy_used"": ""BASELINE_FALLBACK""}, {""committed_round_count"": 4, ""fallback_used"": true, ""heuristic_candidate_pruning_used"": false, ""pruned_hard_compatible_pair_count"": 0, ""solver_status"": ""FEASIBLE"", ""strategy_used"": ""BASELINE_FALLBACK""}, {""committed_round_count"": 4, ""fallback_used"": true, ""heuristic_candidate_pruning_used"": false, ""pruned_hard_compatible_pair_count"": 0, ""solver_status"": ""FEASIBLE"", ""strategy_used"": ""BASELINE_FALLBACK""}]","[""COVERED_AREA_COUNT_BELOW_FULL_LOOKAHEAD""]","{""boundary_zero_service_rate"": 0.0, ""covered_areas"": 20, ""late_horizon_zero_service_rate"": 0.8260869565217391, ""minimum_coverage_met"": false, ""non_boundary_zero_service_rate"": 0.4166666666666667, ""service_rounds"": 26, ""underserved_points_covered"": 0}",,,,,,574.93,SYNTHETIC_GENERATOR_AND_SYNTHETIC_ROAD_EDGES
home_repair_mixed-30-5-seed20291057,HOME_REPAIR_MIXED,S4_GEOGRAPHIC_ROLLING_7_21,30,5,2,"{""commit_window_days"": 7, ""lookahead_days"": 21, ""planning_window_days"": 28}",3,20291057,d96d0660a0a8a39a0ed37f921b5593f3a271b8c344d2701d578964de8916992d,17871.53,86.17,12315.71,21091.36,0.0,17.29,29382.72,18892,28609,820,0,OPTIMAL,True,BASELINE_FALLBACK,True,ROLLING_QUALITY_BELOW_FULL_LOOKAHEAD,27,27,3,0,0,0,False,45151,1267272,8692272,,True,,,3994,407,3587,3912,82,0,False,0,"[{""committed_round_count"": 10, ""fallback_used"": false, ""heuristic_candidate_pruning_used"": false, ""pruned_hard_compatible_pair_count"": 0, ""solver_status"": ""TIME_LIMIT"", ""strategy_used"": ""GEOGRAPHIC_CLUSTER""}, {""committed_round_count"": 8, ""fallback_used"": true, ""heuristic_candidate_pruning_used"": false, ""pruned_hard_compatible_pair_count"": 0, ""solver_status"": ""TIME_LIMIT"", ""strategy_used"": ""BASELINE_FALLBACK""}, {""committed_round_count"": 4, ""fallback_used"": true, ""heuristic_candidate_pruning_used"": false, ""pruned_hard_compatible_pair_count"": 0, ""solver_status"": ""FEASIBLE"", ""strategy_used"": ""BASELINE_FALLBACK""}, {""committed_round_count"": 4, ""fallback_used"": true, ""heuristic_candidate_pruning_used"": false, ""pruned_hard_compatible_pair_count"": 0, ""solver_status"": ""FEASIBLE"", ""strategy_used"": ""BASELINE_FALLBACK""}]","[""COVERED_AREA_COUNT_BELOW_FULL_LOOKAHEAD""]","{""boundary_zero_service_rate"": 0.0, ""covered_areas"": 20, ""late_horizon_zero_service_rate"": 0.8260869565217391, ""minimum_coverage_met"": false, ""non_boundary_zero_service_rate"": 0.4166666666666667, ""service_rounds"": 26, ""underserved_points_covered"": 0}",,,,,,575.44,SYNTHETIC_GENERATOR_AND_SYNTHETIC_ROAD_EDGES
mass_decline-30-5-seed20291058,MASS_DECLINE,S0_MONOLITHIC,30,5,,FULL_MONTH,1,20291058,aa36a18bafb192b0a185a8ba22241e9f2644fd40832b84efc45daac0e0203938,94.02,22.04,2500.55,0.0,0.0,4.81,5321.4,7210,9391,240,5040,TIME_LIMIT,False,BASELINE_MONOLITHIC,False,,18,18,12,0,0,0,False,32105,901024,8746024,,True,,,16066,600,15466,16028,38,0,False,0,[],[],,,,,,,2717.62,SYNTHETIC_GENERATOR_AND_SYNTHETIC_ROAD_EDGES
mass_decline-30-5-seed20291058,MASS_DECLINE,S0_MONOLITHIC,30,5,,FULL_MONTH,2,20291058,aa36a18bafb192b0a185a8ba22241e9f2644fd40832b84efc45daac0e0203938,101.12,35.48,2501.02,0.0,0.0,4.95,5341.77,7210,9391,240,5040,TIME_LIMIT,False,BASELINE_MONOLITHIC,False,,18,18,12,0,0,0,False,32105,901024,8746024,,True,,,16066,600,15466,16028,38,0,False,0,[],[],,,,,,,2730.18,SYNTHETIC_GENERATOR_AND_SYNTHETIC_ROAD_EDGES
mass_decline-30-5-seed20291058,MASS_DECLINE,S0_MONOLITHIC,30,5,,FULL_MONTH,3,20291058,aa36a18bafb192b0a185a8ba22241e9f2644fd40832b84efc45daac0e0203938,100.51,21.86,2500.4,0.0,0.0,4.68,5329.86,7210,9391,240,5040,TIME_LIMIT,False,BASELINE_MONOLITHIC,False,,18,18,12,0,0,0,False,32105,901024,8746024,,True,,,16066,600,15466,16028,38,0,False,0,[],[],,,,,,,2719.71,SYNTHETIC_GENERATOR_AND_SYNTHETIC_ROAD_EDGES
mass_decline-30-5-seed20291058,MASS_DECLINE,S1_V5_BASELINE,30,5,,FULL_MONTH,1,20291058,aa36a18bafb192b0a185a8ba22241e9f2644fd40832b84efc45daac0e0203938,1579.3,21.96,3028.78,0.0,0.0,5.4,4763.0,1592,2397,240,0,TIME_LIMIT,False,BASELINE_DECOMPOSED,False,,17,17,13,0,0,0,False,26947,756343,8631343,,True,,,957,318,639,924,33,0,False,0,[],[],,,,,,,1657.97,SYNTHETIC_GENERATOR_AND_SYNTHETIC_ROAD_EDGES
mass_decline-30-5-seed20291058,MASS_DECLINE,S1_V5_BASELINE,30,5,,FULL_MONTH,2,20291058,aa36a18bafb192b0a185a8ba22241e9f2644fd40832b84efc45daac0e0203938,1588.73,21.88,3042.9,0.0,0.0,5.17,4792.41,1592,2397,240,0,TIME_LIMIT,False,BASELINE_DECOMPOSED,False,,17,17,13,0,0,0,False,26947,756343,8631343,,True,,,957,318,639,924,33,0,False,0,[],[],,,,,,,1673.26,SYNTHETIC_GENERATOR_AND_SYNTHETIC_ROAD_EDGES
mass_decline-30-5-seed20291058,MASS_DECLINE,S1_V5_BASELINE,30,5,,FULL_MONTH,3,20291058,aa36a18bafb192b0a185a8ba22241e9f2644fd40832b84efc45daac0e0203938,1581.12,22.03,3043.6,0.0,0.0,4.82,4782.7,1592,2397,240,0,TIME_LIMIT,False,BASELINE_DECOMPOSED,False,,17,17,13,0,0,0,False,26947,756343,8631343,,True,,,957,318,639,924,33,0,False,0,[],[],,,,,,,1660.12,SYNTHETIC_GENERATOR_AND_SYNTHETIC_ROAD_EDGES
mass_decline-30-5-seed20291058,MASS_DECLINE,S2_GEOGRAPHIC_CLUSTER,30,5,2,FULL_MONTH,1,20291058,aa36a18bafb192b0a185a8ba22241e9f2644fd40832b84efc45daac0e0203938,42.32,29.68,4510.86,165.23,0.0,5.54,4116.56,3166,4724,240,0,TIME_LIMIT,False,GEOGRAPHIC_CLUSTER,False,,17,17,13,0,0,0,False,28132,789555,8184555,,True,,"{""budget"": true, ""minimum_coverage_reported_truthfully"": true, ""provider_capacity"": true, ""provider_monthly_compensation"": true, ""route_feasibility"": true, ""schedule_overlap_and_daily_hours"": true, ""service_compatibility"": true}",1174,322,852,1140,34,0,False,0,[],[],,,,,0.625,0.36363636363636365,1657.45,SYNTHETIC_GENERATOR_AND_SYNTHETIC_ROAD_EDGES
mass_decline-30-5-seed20291058,MASS_DECLINE,S2_GEOGRAPHIC_CLUSTER,30,5,2,FULL_MONTH,2,20291058,aa36a18bafb192b0a185a8ba22241e9f2644fd40832b84efc45daac0e0203938,41.26,29.18,4527.18,166.2,0.0,5.24,4130.9,3166,4724,240,0,TIME_LIMIT,False,GEOGRAPHIC_CLUSTER,False,,17,17,13,0,0,0,False,28132,789555,8184555,,True,,"{""budget"": true, ""minimum_coverage_reported_truthfully"": true, ""provider_capacity"": true, ""provider_monthly_compensation"": true, ""route_feasibility"": true, ""schedule_overlap_and_daily_hours"": true, ""service_compatibility"": true}",1174,322,852,1140,34,0,False,0,[],[],,,,,0.625,0.36363636363636365,1664.27,SYNTHETIC_GENERATOR_AND_SYNTHETIC_ROAD_EDGES
mass_decline-30-5-seed20291058,MASS_DECLINE,S2_GEOGRAPHIC_CLUSTER,30,5,2,FULL_MONTH,3,20291058,aa36a18bafb192b0a185a8ba22241e9f2644fd40832b84efc45daac0e0203938,40.54,29.7,4504.36,164.16,0.0,5.36,4123.39,3166,4724,240,0,TIME_LIMIT,False,GEOGRAPHIC_CLUSTER,False,,17,17,13,0,0,0,False,28132,789555,8184555,,True,,"{""budget"": true, ""minimum_coverage_reported_truthfully"": true, ""provider_capacity"": true, ""provider_monthly_compensation"": true, ""route_feasibility"": true, ""schedule_overlap_and_daily_hours"": true, ""service_compatibility"": true}",1174,322,852,1140,34,0,False,0,[],[],,,,,0.625,0.36363636363636365,1670.46,SYNTHETIC_GENERATOR_AND_SYNTHETIC_ROAD_EDGES
mass_decline-30-5-seed20291058,MASS_DECLINE,S3_ROLLING_HORIZON_7_21,30,5,,"{""commit_window_days"": 7, ""lookahead_days"": 21, ""planning_window_days"": 28}",1,20291058,aa36a18bafb192b0a185a8ba22241e9f2644fd40832b84efc45daac0e0203938,3237.9,25.34,8528.87,0.0,0.0,10.54,8764.2,5292,7865,240,0,TIME_LIMIT,False,ROLLING_HORIZON,False,,17,17,13,0,0,0,False,26801,752184,8627184,,True,,,1357,331,1026,1296,61,0,False,0,"[{""committed_round_count"": 8, ""fallback_used"": false, ""heuristic_candidate_pruning_used"": false, ""pruned_hard_compatible_pair_count"": 0, ""solver_status"": ""TIME_LIMIT"", ""strategy_used"": ""BASELINE_DECOMPOSED""}, {""committed_round_count"": 0, ""fallback_used"": false, ""heuristic_candidate_pruning_used"": false, ""pruned_hard_compatible_pair_count"": 0, ""solver_status"": ""FEASIBLE"", ""strategy_used"": ""BASELINE_DECOMPOSED""}, {""committed_round_count"": 1, ""fallback_used"": false, ""heuristic_candidate_pruning_used"": false, ""pruned_hard_compatible_pair_count"": 0, ""solver_status"": ""TIME_LIMIT"", ""strategy_used"": ""BASELINE_DECOMPOSED""}, {""committed_round_count"": 8, ""fallback_used"": false, ""heuristic_candidate_pruning_used"": false, ""pruned_hard_compatible_pair_count"": 0, ""solver_status"": ""FEASIBLE"", ""strategy_used"": ""BASELINE_DECOMPOSED""}]",[],,,0.43333333333333335,0.6363636363636364,,0.43333333333333335,0.01,SYNTHETIC_GENERATOR_AND_SYNTHETIC_ROAD_EDGES
mass_decline-30-5-seed20291058,MASS_DECLINE,S3_ROLLING_HORIZON_7_21,30,5,,"{""commit_window_days"": 7, ""lookahead_days"": 21, ""planning_window_days"": 28}",2,20291058,aa36a18bafb192b0a185a8ba22241e9f2644fd40832b84efc45daac0e0203938,3242.45,25.07,8525.87,0.0,0.0,12.05,8762.34,5292,7865,240,0,TIME_LIMIT,False,ROLLING_HORIZON,False,,17,17,13,0,0,0,False,26801,752184,8627184,,True,,,1357,331,1026,1296,61,0,False,0,"[{""committed_round_count"": 8, ""fallback_used"": false, ""heuristic_candidate_pruning_used"": false, ""pruned_hard_compatible_pair_count"": 0, ""solver_status"": ""TIME_LIMIT"", ""strategy_used"": ""BASELINE_DECOMPOSED""}, {""committed_round_count"": 0, ""fallback_used"": false, ""heuristic_candidate_pruning_used"": false, ""pruned_hard_compatible_pair_count"": 0, ""solver_status"": ""FEASIBLE"", ""strategy_used"": ""BASELINE_DECOMPOSED""}, {""committed_round_count"": 1, ""fallback_used"": false, ""heuristic_candidate_pruning_used"": false, ""pruned_hard_compatible_pair_count"": 0, ""solver_status"": ""TIME_LIMIT"", ""strategy_used"": ""BASELINE_DECOMPOSED""}, {""committed_round_count"": 8, ""fallback_used"": false, ""heuristic_candidate_pruning_used"": false, ""pruned_hard_compatible_pair_count"": 0, ""solver_status"": ""FEASIBLE"", ""strategy_used"": ""BASELINE_DECOMPOSED""}]",[],,,0.43333333333333335,0.6363636363636364,,0.43333333333333335,0.01,SYNTHETIC_GENERATOR_AND_SYNTHETIC_ROAD_EDGES
mass_decline-30-5-seed20291058,MASS_DECLINE,S3_ROLLING_HORIZON_7_21,30,5,,"{""commit_window_days"": 7, ""lookahead_days"": 21, ""planning_window_days"": 28}",3,20291058,aa36a18bafb192b0a185a8ba22241e9f2644fd40832b84efc45daac0e0203938,3242.8,24.79,8516.1,0.0,0.0,10.31,8752.94,5292,7865,240,0,TIME_LIMIT,False,ROLLING_HORIZON,False,,17,17,13,0,0,0,False,26801,752184,8627184,,True,,,1357,331,1026,1296,61,0,False,0,"[{""committed_round_count"": 8, ""fallback_used"": false, ""heuristic_candidate_pruning_used"": false, ""pruned_hard_compatible_pair_count"": 0, ""solver_status"": ""TIME_LIMIT"", ""strategy_used"": ""BASELINE_DECOMPOSED""}, {""committed_round_count"": 0, ""fallback_used"": false, ""heuristic_candidate_pruning_used"": false, ""pruned_hard_compatible_pair_count"": 0, ""solver_status"": ""FEASIBLE"", ""strategy_used"": ""BASELINE_DECOMPOSED""}, {""committed_round_count"": 1, ""fallback_used"": false, ""heuristic_candidate_pruning_used"": false, ""pruned_hard_compatible_pair_count"": 0, ""solver_status"": ""TIME_LIMIT"", ""strategy_used"": ""BASELINE_DECOMPOSED""}, {""committed_round_count"": 8, ""fallback_used"": false, ""heuristic_candidate_pruning_used"": false, ""pruned_hard_compatible_pair_count"": 0, ""solver_status"": ""FEASIBLE"", ""strategy_used"": ""BASELINE_DECOMPOSED""}]",[],,,0.43333333333333335,0.6363636363636364,,0.43333333333333335,0.01,SYNTHETIC_GENERATOR_AND_SYNTHETIC_ROAD_EDGES
mass_decline-30-5-seed20291058,MASS_DECLINE,S4_GEOGRAPHIC_ROLLING_7_21,30,5,2,"{""commit_window_days"": 7, ""lookahead_days"": 21, ""planning_window_days"": 28}",1,20291058,aa36a18bafb192b0a185a8ba22241e9f2644fd40832b84efc45daac0e0203938,1672.66,46.04,14221.63,2123.33,0.0,13.89,10156.16,9488,13904,240,0,TIME_LIMIT,False,GEOGRAPHIC_ROLLING,False,,18,18,12,0,0,0,False,29398,825112,8730112,,True,,,2228,379,1849,2154,74,0,False,0,"[{""committed_round_count"": 2, ""fallback_used"": false, ""heuristic_candidate_pruning_used"": false, ""pruned_hard_compatible_pair_count"": 0, ""solver_status"": ""TIME_LIMIT"", ""strategy_used"": ""GEOGRAPHIC_CLUSTER""}, {""committed_round_count"": 4, ""fallback_used"": false, ""heuristic_candidate_pruning_used"": false, ""pruned_hard_compatible_pair_count"": 0, ""solver_status"": ""TIME_LIMIT"", ""strategy_used"": ""GEOGRAPHIC_CLUSTER""}, {""committed_round_count"": 2, ""fallback_used"": false, ""heuristic_candidate_pruning_used"": false, ""pruned_hard_compatible_pair_count"": 0, ""solver_status"": ""TIME_LIMIT"", ""strategy_used"": ""GEOGRAPHIC_CLUSTER""}, {""committed_round_count"": 10, ""fallback_used"": false, ""heuristic_candidate_pruning_used"": false, ""pruned_hard_compatible_pair_count"": 0, ""solver_status"": ""FEASIBLE"", ""strategy_used"": ""GEOGRAPHIC_CLUSTER""}]",[],,0.625,0.3181818181818182,0.5454545454545454,0.625,0.3181818181818182,0.01,SYNTHETIC_GENERATOR_AND_SYNTHETIC_ROAD_EDGES
mass_decline-30-5-seed20291058,MASS_DECLINE,S4_GEOGRAPHIC_ROLLING_7_21,30,5,2,"{""commit_window_days"": 7, ""lookahead_days"": 21, ""planning_window_days"": 28}",2,20291058,aa36a18bafb192b0a185a8ba22241e9f2644fd40832b84efc45daac0e0203938,1677.61,44.79,14231.44,2123.31,0.0,12.38,10146.19,9488,13904,240,0,TIME_LIMIT,False,GEOGRAPHIC_ROLLING,False,,18,18,12,0,0,0,False,29398,825112,8730112,,True,,,2228,379,1849,2154,74,0,False,0,"[{""committed_round_count"": 2, ""fallback_used"": false, ""heuristic_candidate_pruning_used"": false, ""pruned_hard_compatible_pair_count"": 0, ""solver_status"": ""TIME_LIMIT"", ""strategy_used"": ""GEOGRAPHIC_CLUSTER""}, {""committed_round_count"": 4, ""fallback_used"": false, ""heuristic_candidate_pruning_used"": false, ""pruned_hard_compatible_pair_count"": 0, ""solver_status"": ""TIME_LIMIT"", ""strategy_used"": ""GEOGRAPHIC_CLUSTER""}, {""committed_round_count"": 2, ""fallback_used"": false, ""heuristic_candidate_pruning_used"": false, ""pruned_hard_compatible_pair_count"": 0, ""solver_status"": ""TIME_LIMIT"", ""strategy_used"": ""GEOGRAPHIC_CLUSTER""}, {""committed_round_count"": 10, ""fallback_used"": false, ""heuristic_candidate_pruning_used"": false, ""pruned_hard_compatible_pair_count"": 0, ""solver_status"": ""FEASIBLE"", ""strategy_used"": ""GEOGRAPHIC_CLUSTER""}]",[],,0.625,0.3181818181818182,0.5454545454545454,0.625,0.3181818181818182,0.01,SYNTHETIC_GENERATOR_AND_SYNTHETIC_ROAD_EDGES
mass_decline-30-5-seed20291058,MASS_DECLINE,S4_GEOGRAPHIC_ROLLING_7_21,30,5,2,"{""commit_window_days"": 7, ""lookahead_days"": 21, ""planning_window_days"": 28}",3,20291058,aa36a18bafb192b0a185a8ba22241e9f2644fd40832b84efc45daac0e0203938,1681.57,44.43,14237.03,2135.23,0.0,13.23,10161.54,9488,13904,240,0,TIME_LIMIT,False,GEOGRAPHIC_ROLLING,False,,18,18,12,0,0,0,False,29398,825112,8730112,,True,,,2228,379,1849,2154,74,0,False,0,"[{""committed_round_count"": 2, ""fallback_used"": false, ""heuristic_candidate_pruning_used"": false, ""pruned_hard_compatible_pair_count"": 0, ""solver_status"": ""TIME_LIMIT"", ""strategy_used"": ""GEOGRAPHIC_CLUSTER""}, {""committed_round_count"": 4, ""fallback_used"": false, ""heuristic_candidate_pruning_used"": false, ""pruned_hard_compatible_pair_count"": 0, ""solver_status"": ""TIME_LIMIT"", ""strategy_used"": ""GEOGRAPHIC_CLUSTER""}, {""committed_round_count"": 2, ""fallback_used"": false, ""heuristic_candidate_pruning_used"": false, ""pruned_hard_compatible_pair_count"": 0, ""solver_status"": ""TIME_LIMIT"", ""strategy_used"": ""GEOGRAPHIC_CLUSTER""}, {""committed_round_count"": 10, ""fallback_used"": false, ""heuristic_candidate_pruning_used"": false, ""pruned_hard_compatible_pair_count"": 0, ""solver_status"": ""FEASIBLE"", ""strategy_used"": ""GEOGRAPHIC_CLUSTER""}]",[],,0.625,0.3181818181818182,0.5454545454545454,0.625,0.3181818181818182,0.01,SYNTHETIC_GENERATOR_AND_SYNTHETIC_ROAD_EDGES
normal-50-5-seed20311052,NORMAL,S0_MONOLITHIC,50,5,,FULL_MONTH,1,20311052,6f3c180b2a2846c325ddbcf1f286850950460ead826cde9424f5ac1ff74eccbc,945.2,18.74,2527.73,0.0,5.12,0.0,3499.95,61919,74240,1456,49688,TIME_LIMIT,False,BASELINE_MONOLITHIC,False,,0,0,50,,,,False,0,0,0,,True,,,50022,2784,47238,50022,0,0,False,0,[],[],,,,,,,0.0,SYNTHETIC_GENERATOR_AND_SYNTHETIC_ROAD_EDGES
normal-50-5-seed20311052,NORMAL,S0_MONOLITHIC,50,5,,FULL_MONTH,2,20311052,6f3c180b2a2846c325ddbcf1f286850950460ead826cde9424f5ac1ff74eccbc,921.88,17.53,2544.48,0.0,4.2,0.0,3491.29,61919,74240,1456,49688,TIME_LIMIT,False,BASELINE_MONOLITHIC,False,,0,0,50,,,,False,0,0,0,,True,,,50022,2784,47238,50022,0,0,False,0,[],[],,,,,,,0.0,SYNTHETIC_GENERATOR_AND_SYNTHETIC_ROAD_EDGES
normal-50-5-seed20311052,NORMAL,S0_MONOLITHIC,50,5,,FULL_MONTH,3,20311052,6f3c180b2a2846c325ddbcf1f286850950460ead826cde9424f5ac1ff74eccbc,919.6,18.34,2513.3,0.0,2.7,0.0,3457.06,61919,74240,1456,49688,TIME_LIMIT,False,BASELINE_MONOLITHIC,False,,0,0,50,,,,False,0,0,0,,True,,,50022,2784,47238,50022,0,0,False,0,[],[],,,,,,,0.0,SYNTHETIC_GENERATOR_AND_SYNTHETIC_ROAD_EDGES
normal-50-5-seed20311052,NORMAL,S1_V5_BASELINE,50,5,,FULL_MONTH,1,20311052,6f3c180b2a2846c325ddbcf1f286850950460ead826cde9424f5ac1ff74eccbc,1831.9,18.51,4486.16,0.0,0.0,6.26,4548.76,4285,6520,1456,0,TIME_LIMIT,False,BASELINE_DECOMPOSED,False,,47,47,3,0,0,0,False,70831,1988149,14468149,,True,,,959,525,434,920,39,0,False,0,[],[],,,,,,,647.21,SYNTHETIC_GENERATOR_AND_SYNTHETIC_ROAD_EDGES
normal-50-5-seed20311052,NORMAL,S1_V5_BASELINE,50,5,,FULL_MONTH,2,20311052,6f3c180b2a2846c325ddbcf1f286850950460ead826cde9424f5ac1ff74eccbc,1843.78,18.03,4502.23,0.0,0.0,6.34,4564.54,4285,6520,1456,0,TIME_LIMIT,False,BASELINE_DECOMPOSED,False,,47,47,3,0,0,0,False,70831,1988149,14468149,,True,,,959,525,434,920,39,0,False,0,[],[],,,,,,,644.83,SYNTHETIC_GENERATOR_AND_SYNTHETIC_ROAD_EDGES
normal-50-5-seed20311052,NORMAL,S1_V5_BASELINE,50,5,,FULL_MONTH,3,20311052,6f3c180b2a2846c325ddbcf1f286850950460ead826cde9424f5ac1ff74eccbc,1899.25,17.81,4540.87,0.0,0.0,5.52,4602.71,4285,6520,1456,0,TIME_LIMIT,False,BASELINE_DECOMPOSED,False,,47,47,3,0,0,0,False,70831,1988149,14468149,,True,,,959,525,434,920,39,0,False,0,[],[],,,,,,,655.5,SYNTHETIC_GENERATOR_AND_SYNTHETIC_ROAD_EDGES
normal-50-5-seed20311052,NORMAL,S2_GEOGRAPHIC_CLUSTER,50,5,4,FULL_MONTH,1,20311052,6f3c180b2a2846c325ddbcf1f286850950460ead826cde9424f5ac1ff74eccbc,81.7,37.18,4960.78,3390.0,0.0,4.88,5953.99,8082,12225,1456,0,TIME_LIMIT,False,GEOGRAPHIC_CLUSTER,False,,34,34,16,0,0,0,False,47226,1325595,14360595,,True,,"{""budget"": true, ""minimum_coverage_reported_truthfully"": true, ""provider_capacity"": true, ""provider_monthly_compensation"": true, ""route_feasibility"": true, ""schedule_overlap_and_daily_hours"": true, ""service_compatibility"": true}",1013,471,542,978,35,0,False,0,[],[],,,,,0.38461538461538464,0.2972972972972973,647.23,SYNTHETIC_GENERATOR_AND_SYNTHETIC_ROAD_EDGES
normal-50-5-seed20311052,NORMAL,S2_GEOGRAPHIC_CLUSTER,50,5,4,FULL_MONTH,2,20311052,6f3c180b2a2846c325ddbcf1f286850950460ead826cde9424f5ac1ff74eccbc,84.18,37.39,4953.56,3383.69,0.0,5.68,5958.87,8082,12225,1456,0,TIME_LIMIT,False,GEOGRAPHIC_CLUSTER,False,,34,34,16,0,0,0,False,47226,1325595,14360595,,True,,"{""budget"": true, ""minimum_coverage_reported_truthfully"": true, ""provider_capacity"": true, ""provider_monthly_compensation"": true, ""route_feasibility"": true, ""schedule_overlap_and_daily_hours"": true, ""service_compatibility"": true}",1013,471,542,978,35,0,False,0,[],[],,,,,0.38461538461538464,0.2972972972972973,651.67,SYNTHETIC_GENERATOR_AND_SYNTHETIC_ROAD_EDGES
normal-50-5-seed20311052,NORMAL,S2_GEOGRAPHIC_CLUSTER,50,5,4,FULL_MONTH,3,20311052,6f3c180b2a2846c325ddbcf1f286850950460ead826cde9424f5ac1ff74eccbc,80.42,36.99,4966.18,3385.29,0.0,5.04,5951.94,8082,12225,1456,0,TIME_LIMIT,False,GEOGRAPHIC_CLUSTER,False,,34,34,16,0,0,0,False,47226,1325595,14360595,,True,,"{""budget"": true, ""minimum_coverage_reported_truthfully"": true, ""provider_capacity"": true, ""provider_monthly_compensation"": true, ""route_feasibility"": true, ""schedule_overlap_and_daily_hours"": true, ""service_compatibility"": true}",1013,471,542,978,35,0,False,0,[],[],,,,,0.38461538461538464,0.2972972972972973,645.66,SYNTHETIC_GENERATOR_AND_SYNTHETIC_ROAD_EDGES
normal-50-5-seed20311052,NORMAL,S3_ROLLING_HORIZON_7_21,50,5,,"{""commit_window_days"": 7, ""lookahead_days"": 21, ""planning_window_days"": 28}",1,20311052,6f3c180b2a2846c325ddbcf1f286850950460ead826cde9424f5ac1ff74eccbc,9354.43,64.82,15665.75,0.0,0.0,21.49,13844.22,13721,20654,1456,0,TIME_LIMIT,False,BASELINE_FALLBACK,True,ROLLING_QUALITY_BELOW_FULL_LOOKAHEAD,47,47,3,0,0,0,False,70831,1988149,14468149,,True,,,2941,631,2310,2816,125,0,False,0,"[{""committed_round_count"": 19, ""fallback_used"": false, ""heuristic_candidate_pruning_used"": false, ""pruned_hard_compatible_pair_count"": 0, ""solver_status"": ""TIME_LIMIT"", ""strategy_used"": ""BASELINE_DECOMPOSED""}, {""committed_round_count"": 18, ""fallback_used"": false, ""heuristic_candidate_pruning_used"": false, ""pruned_hard_compatible_pair_count"": 0, ""solver_status"": ""TIME_LIMIT"", ""strategy_used"": ""BASELINE_DECOMPOSED""}, {""committed_round_count"": 4, ""fallback_used"": false, ""heuristic_candidate_pruning_used"": false, ""pruned_hard_compatible_pair_count"": 0, ""solver_status"": ""FEASIBLE"", ""strategy_used"": ""BASELINE_DECOMPOSED""}, {""committed_round_count"": 8, ""fallback_used"": false, ""heuristic_candidate_pruning_used"": false, ""pruned_hard_compatible_pair_count"": 0, ""solver_status"": ""FEASIBLE"", ""strategy_used"": ""BASELINE_DECOMPOSED""}]","[""COVERED_AREA_COUNT_BELOW_FULL_LOOKAHEAD""]","{""boundary_zero_service_rate"": null, ""covered_areas"": 42, ""late_horizon_zero_service_rate"": 0.7419354838709677, ""minimum_coverage_met"": false, ""non_boundary_zero_service_rate"": 0.16, ""service_rounds"": 49, ""underserved_points_covered"": 0}",,,,,,0.01,SYNTHETIC_GENERATOR_AND_SYNTHETIC_ROAD_EDGES
normal-50-5-seed20311052,NORMAL,S3_ROLLING_HORIZON_7_21,50,5,,"{""commit_window_days"": 7, ""lookahead_days"": 21, ""planning_window_days"": 28}",2,20311052,6f3c180b2a2846c325ddbcf1f286850950460ead826cde9424f5ac1ff74eccbc,9225.07,63.03,15665.63,0.0,0.0,20.4,13805.8,13721,20654,1456,0,TIME_LIMIT,False,BASELINE_FALLBACK,True,ROLLING_QUALITY_BELOW_FULL_LOOKAHEAD,47,47,3,0,0,0,False,70831,1988149,14468149,,True,,,2941,631,2310,2816,125,0,False,0,"[{""committed_round_count"": 19, ""fallback_used"": false, ""heuristic_candidate_pruning_used"": false, ""pruned_hard_compatible_pair_count"": 0, ""solver_status"": ""TIME_LIMIT"", ""strategy_used"": ""BASELINE_DECOMPOSED""}, {""committed_round_count"": 18, ""fallback_used"": false, ""heuristic_candidate_pruning_used"": false, ""pruned_hard_compatible_pair_count"": 0, ""solver_status"": ""TIME_LIMIT"", ""strategy_used"": ""BASELINE_DECOMPOSED""}, {""committed_round_count"": 4, ""fallback_used"": false, ""heuristic_candidate_pruning_used"": false, ""pruned_hard_compatible_pair_count"": 0, ""solver_status"": ""FEASIBLE"", ""strategy_used"": ""BASELINE_DECOMPOSED""}, {""committed_round_count"": 8, ""fallback_used"": false, ""heuristic_candidate_pruning_used"": false, ""pruned_hard_compatible_pair_count"": 0, ""solver_status"": ""FEASIBLE"", ""strategy_used"": ""BASELINE_DECOMPOSED""}]","[""COVERED_AREA_COUNT_BELOW_FULL_LOOKAHEAD""]","{""boundary_zero_service_rate"": null, ""covered_areas"": 42, ""late_horizon_zero_service_rate"": 0.7419354838709677, ""minimum_coverage_met"": false, ""non_boundary_zero_service_rate"": 0.16, ""service_rounds"": 49, ""underserved_points_covered"": 0}",,,,,,0.01,SYNTHETIC_GENERATOR_AND_SYNTHETIC_ROAD_EDGES
normal-50-5-seed20311052,NORMAL,S3_ROLLING_HORIZON_7_21,50,5,,"{""commit_window_days"": 7, ""lookahead_days"": 21, ""planning_window_days"": 28}",3,20311052,6f3c180b2a2846c325ddbcf1f286850950460ead826cde9424f5ac1ff74eccbc,9264.47,61.9,15678.18,0.0,0.0,20.01,13840.82,13721,20654,1456,0,TIME_LIMIT,False,BASELINE_FALLBACK,True,ROLLING_QUALITY_BELOW_FULL_LOOKAHEAD,47,47,3,0,0,0,False,70831,1988149,14468149,,True,,,2941,631,2310,2816,125,0,False,0,"[{""committed_round_count"": 19, ""fallback_used"": false, ""heuristic_candidate_pruning_used"": false, ""pruned_hard_compatible_pair_count"": 0, ""solver_status"": ""TIME_LIMIT"", ""strategy_used"": ""BASELINE_DECOMPOSED""}, {""committed_round_count"": 18, ""fallback_used"": false, ""heuristic_candidate_pruning_used"": false, ""pruned_hard_compatible_pair_count"": 0, ""solver_status"": ""TIME_LIMIT"", ""strategy_used"": ""BASELINE_DECOMPOSED""}, {""committed_round_count"": 4, ""fallback_used"": false, ""heuristic_candidate_pruning_used"": false, ""pruned_hard_compatible_pair_count"": 0, ""solver_status"": ""FEASIBLE"", ""strategy_used"": ""BASELINE_DECOMPOSED""}, {""committed_round_count"": 8, ""fallback_used"": false, ""heuristic_candidate_pruning_used"": false, ""pruned_hard_compatible_pair_count"": 0, ""solver_status"": ""FEASIBLE"", ""strategy_used"": ""BASELINE_DECOMPOSED""}]","[""COVERED_AREA_COUNT_BELOW_FULL_LOOKAHEAD""]","{""boundary_zero_service_rate"": null, ""covered_areas"": 42, ""late_horizon_zero_service_rate"": 0.7419354838709677, ""minimum_coverage_met"": false, ""non_boundary_zero_service_rate"": 0.16, ""service_rounds"": 49, ""underserved_points_covered"": 0}",,,,,,0.01,SYNTHETIC_GENERATOR_AND_SYNTHETIC_ROAD_EDGES
normal-50-5-seed20311052,NORMAL,S4_GEOGRAPHIC_ROLLING_7_21,50,5,4,"{""commit_window_days"": 7, ""lookahead_days"": 21, ""planning_window_days"": 28}",1,20311052,6f3c180b2a2846c325ddbcf1f286850950460ead826cde9424f5ac1ff74eccbc,14199.9,128.09,17069.95,19078.46,0.0,29.67,31773.03,25493,38000,1456,0,TIME_LIMIT,False,GEOGRAPHIC_ROLLING,True,GEOGRAPHIC_WINDOW_BASELINE_FALLBACK,48,40,10,0,0,0,False,64026,1797063,14792063,,True,,,4865,785,4080,4690,175,0,False,0,"[{""committed_round_count"": 16, ""fallback_used"": false, ""heuristic_candidate_pruning_used"": false, ""pruned_hard_compatible_pair_count"": 0, ""solver_status"": ""TIME_LIMIT"", ""strategy_used"": ""GEOGRAPHIC_CLUSTER""}, {""committed_round_count"": 16, ""fallback_used"": true, ""heuristic_candidate_pruning_used"": false, ""pruned_hard_compatible_pair_count"": 0, ""solver_status"": ""TIME_LIMIT"", ""strategy_used"": ""BASELINE_FALLBACK""}, {""committed_round_count"": 4, ""fallback_used"": true, ""heuristic_candidate_pruning_used"": false, ""pruned_hard_compatible_pair_count"": 0, ""solver_status"": ""FEASIBLE"", ""strategy_used"": ""BASELINE_FALLBACK""}, {""committed_round_count"": 12, ""fallback_used"": true, ""heuristic_candidate_pruning_used"": false, ""pruned_hard_compatible_pair_count"": 0, ""solver_status"": ""FEASIBLE"", ""strategy_used"": ""BASELINE_FALLBACK""}]",[],,0.23076923076923078,0.1891891891891892,0.6,0.23076923076923078,0.1891891891891892,0.02,SYNTHETIC_GENERATOR_AND_SYNTHETIC_ROAD_EDGES
normal-50-5-seed20311052,NORMAL,S4_GEOGRAPHIC_ROLLING_7_21,50,5,4,"{""commit_window_days"": 7, ""lookahead_days"": 21, ""planning_window_days"": 28}",2,20311052,6f3c180b2a2846c325ddbcf1f286850950460ead826cde9424f5ac1ff74eccbc,14048.59,129.94,17247.23,18965.0,0.0,27.93,31748.85,25493,38000,1456,0,TIME_LIMIT,False,GEOGRAPHIC_ROLLING,True,GEOGRAPHIC_WINDOW_BASELINE_FALLBACK,48,40,10,0,0,0,False,64026,1797063,14792063,,True,,,4865,785,4080,4690,175,0,False,0,"[{""committed_round_count"": 16, ""fallback_used"": false, ""heuristic_candidate_pruning_used"": false, ""pruned_hard_compatible_pair_count"": 0, ""solver_status"": ""TIME_LIMIT"", ""strategy_used"": ""GEOGRAPHIC_CLUSTER""}, {""committed_round_count"": 16, ""fallback_used"": true, ""heuristic_candidate_pruning_used"": false, ""pruned_hard_compatible_pair_count"": 0, ""solver_status"": ""TIME_LIMIT"", ""strategy_used"": ""BASELINE_FALLBACK""}, {""committed_round_count"": 4, ""fallback_used"": true, ""heuristic_candidate_pruning_used"": false, ""pruned_hard_compatible_pair_count"": 0, ""solver_status"": ""FEASIBLE"", ""strategy_used"": ""BASELINE_FALLBACK""}, {""committed_round_count"": 12, ""fallback_used"": true, ""heuristic_candidate_pruning_used"": false, ""pruned_hard_compatible_pair_count"": 0, ""solver_status"": ""FEASIBLE"", ""strategy_used"": ""BASELINE_FALLBACK""}]",[],,0.23076923076923078,0.1891891891891892,0.6,0.23076923076923078,0.1891891891891892,0.02,SYNTHETIC_GENERATOR_AND_SYNTHETIC_ROAD_EDGES
normal-50-5-seed20311052,NORMAL,S4_GEOGRAPHIC_ROLLING_7_21,50,5,4,"{""commit_window_days"": 7, ""lookahead_days"": 21, ""planning_window_days"": 28}",3,20311052,6f3c180b2a2846c325ddbcf1f286850950460ead826cde9424f5ac1ff74eccbc,13986.92,131.19,17006.43,18947.79,0.0,29.81,31617.49,25493,38000,1456,0,TIME_LIMIT,False,GEOGRAPHIC_ROLLING,True,GEOGRAPHIC_WINDOW_BASELINE_FALLBACK,48,40,10,0,0,0,False,64026,1797063,14792063,,True,,,4865,785,4080,4690,175,0,False,0,"[{""committed_round_count"": 16, ""fallback_used"": false, ""heuristic_candidate_pruning_used"": false, ""pruned_hard_compatible_pair_count"": 0, ""solver_status"": ""TIME_LIMIT"", ""strategy_used"": ""GEOGRAPHIC_CLUSTER""}, {""committed_round_count"": 16, ""fallback_used"": true, ""heuristic_candidate_pruning_used"": false, ""pruned_hard_compatible_pair_count"": 0, ""solver_status"": ""TIME_LIMIT"", ""strategy_used"": ""BASELINE_FALLBACK""}, {""committed_round_count"": 4, ""fallback_used"": true, ""heuristic_candidate_pruning_used"": false, ""pruned_hard_compatible_pair_count"": 0, ""solver_status"": ""FEASIBLE"", ""strategy_used"": ""BASELINE_FALLBACK""}, {""committed_round_count"": 12, ""fallback_used"": true, ""heuristic_candidate_pruning_used"": false, ""pruned_hard_compatible_pair_count"": 0, ""solver_status"": ""FEASIBLE"", ""strategy_used"": ""BASELINE_FALLBACK""}]",[],,0.23076923076923078,0.1891891891891892,0.6,0.23076923076923078,0.1891891891891892,0.02,SYNTHETIC_GENERATOR_AND_SYNTHETIC_ROAD_EDGES
tight_budget-50-5-seed20311053,TIGHT_BUDGET,S0_MONOLITHIC,50,5,,FULL_MONTH,1,20311053,b9a8086b4de6db3e3d15add8848747fe3a28f6e25dcb5a40cdb1577d180bb571,909.27,18.11,2322.85,0.0,4.06,0.0,3257.52,62175,74528,1460,49912,UNKNOWN,False,BASELINE_MONOLITHIC,False,,0,0,50,,,,False,0,0,0,,True,,,50246,2784,47462,50246,0,0,False,0,[],[],,,,,,,0.0,SYNTHETIC_GENERATOR_AND_SYNTHETIC_ROAD_EDGES
tight_budget-50-5-seed20311053,TIGHT_BUDGET,S0_MONOLITHIC,50,5,,FULL_MONTH,2,20311053,b9a8086b4de6db3e3d15add8848747fe3a28f6e25dcb5a40cdb1577d180bb571,941.04,18.69,2247.28,0.0,3.63,0.0,3213.78,62175,74528,1460,49912,UNKNOWN,False,BASELINE_MONOLITHIC,False,,0,0,50,,,,False,0,0,0,,True,,,50246,2784,47462,50246,0,0,False,0,[],[],,,,,,,0.0,SYNTHETIC_GENERATOR_AND_SYNTHETIC_ROAD_EDGES
tight_budget-50-5-seed20311053,TIGHT_BUDGET,S0_MONOLITHIC,50,5,,FULL_MONTH,3,20311053,b9a8086b4de6db3e3d15add8848747fe3a28f6e25dcb5a40cdb1577d180bb571,913.52,18.37,2257.12,0.0,5.55,0.0,3197.81,62175,74528,1460,49912,UNKNOWN,False,BASELINE_MONOLITHIC,False,,0,0,50,,,,False,0,0,0,,True,,,50246,2784,47462,50246,0,0,False,0,[],[],,,,,,,0.0,SYNTHETIC_GENERATOR_AND_SYNTHETIC_ROAD_EDGES
tight_budget-50-5-seed20311053,TIGHT_BUDGET,S1_V5_BASELINE,50,5,,FULL_MONTH,1,20311053,b9a8086b4de6db3e3d15add8848747fe3a28f6e25dcb5a40cdb1577d180bb571,1607.02,18.18,2152.25,0.0,0.0,2.02,2191.48,2625,4051,1460,0,OPTIMAL,True,BASELINE_DECOMPOSED,False,,14,14,36,0,0,0,False,19303,541864,3971864,,True,,,452,367,85,442,10,0,False,0,[],[],,,,,,,549.98,SYNTHETIC_GENERATOR_AND_SYNTHETIC_ROAD_EDGES
tight_budget-50-5-seed20311053,TIGHT_BUDGET,S1_V5_BASELINE,50,5,,FULL_MONTH,2,20311053,b9a8086b4de6db3e3d15add8848747fe3a28f6e25dcb5a40cdb1577d180bb571,1664.22,17.77,2195.19,0.0,0.0,1.85,2234.77,2625,4051,1460,0,OPTIMAL,True,BASELINE_DECOMPOSED,False,,14,14,36,0,0,0,False,19303,541864,3971864,,True,,,452,367,85,442,10,0,False,0,[],[],,,,,,,535.64,SYNTHETIC_GENERATOR_AND_SYNTHETIC_ROAD_EDGES
tight_budget-50-5-seed20311053,TIGHT_BUDGET,S1_V5_BASELINE,50,5,,FULL_MONTH,3,20311053,b9a8086b4de6db3e3d15add8848747fe3a28f6e25dcb5a40cdb1577d180bb571,1624.54,18.12,2163.54,0.0,0.0,1.84,2228.04,2625,4051,1460,0,OPTIMAL,True,BASELINE_DECOMPOSED,False,,14,14,36,0,0,0,False,19303,541864,3971864,,True,,,452,367,85,442,10,0,False,0,[],[],,,,,,,544.17,SYNTHETIC_GENERATOR_AND_SYNTHETIC_ROAD_EDGES
tight_budget-50-5-seed20311053,TIGHT_BUDGET,S2_GEOGRAPHIC_CLUSTER,50,5,4,FULL_MONTH,1,20311053,b9a8086b4de6db3e3d15add8848747fe3a28f6e25dcb5a40cdb1577d180bb571,55.08,36.72,4717.38,4001.17,0.0,0.12,6424.59,5454,8393,1460,0,TIME_LIMIT,False,GEOGRAPHIC_CLUSTER,False,,13,13,37,0,0,0,False,19506,547518,3992518,,True,,"{""budget"": true, ""minimum_coverage_reported_truthfully"": true, ""provider_capacity"": true, ""provider_monthly_compensation"": true, ""route_feasibility"": true, ""schedule_overlap_and_daily_hours"": true, ""service_compatibility"": true}",752,348,404,752,0,0,False,0,[],[],,,,,0.6875,0.7647058823529411,541.59,SYNTHETIC_GENERATOR_AND_SYNTHETIC_ROAD_EDGES
tight_budget-50-5-seed20311053,TIGHT_BUDGET,S2_GEOGRAPHIC_CLUSTER,50,5,4,FULL_MONTH,2,20311053,b9a8086b4de6db3e3d15add8848747fe3a28f6e25dcb5a40cdb1577d180bb571,56.58,37.67,4705.44,3986.39,0.0,0.12,6405.75,5454,8393,1460,0,TIME_LIMIT,False,GEOGRAPHIC_CLUSTER,False,,13,13,37,0,0,0,False,19506,547518,3992518,,True,,"{""budget"": true, ""minimum_coverage_reported_truthfully"": true, ""provider_capacity"": true, ""provider_monthly_compensation"": true, ""route_feasibility"": true, ""schedule_overlap_and_daily_hours"": true, ""service_compatibility"": true}",752,348,404,752,0,0,False,0,[],[],,,,,0.6875,0.7647058823529411,557.88,SYNTHETIC_GENERATOR_AND_SYNTHETIC_ROAD_EDGES
tight_budget-50-5-seed20311053,TIGHT_BUDGET,S2_GEOGRAPHIC_CLUSTER,50,5,4,FULL_MONTH,3,20311053,b9a8086b4de6db3e3d15add8848747fe3a28f6e25dcb5a40cdb1577d180bb571,78.24,48.54,4705.0,3979.87,0.0,0.12,6409.59,5454,8393,1460,0,TIME_LIMIT,False,GEOGRAPHIC_CLUSTER,False,,13,13,37,0,0,0,False,19506,547518,3992518,,True,,"{""budget"": true, ""minimum_coverage_reported_truthfully"": true, ""provider_capacity"": true, ""provider_monthly_compensation"": true, ""route_feasibility"": true, ""schedule_overlap_and_daily_hours"": true, ""service_compatibility"": true}",752,348,404,752,0,0,False,0,[],[],,,,,0.6875,0.7647058823529411,561.82,SYNTHETIC_GENERATOR_AND_SYNTHETIC_ROAD_EDGES
tight_budget-50-5-seed20311053,TIGHT_BUDGET,S3_ROLLING_HORIZON_7_21,50,5,,"{""commit_window_days"": 7, ""lookahead_days"": 21, ""planning_window_days"": 28}",1,20311053,b9a8086b4de6db3e3d15add8848747fe3a28f6e25dcb5a40cdb1577d180bb571,9559.64,68.09,8036.64,0.0,0.0,5.9,8162.1,8430,13120,1460,0,OPTIMAL,True,BASELINE_FALLBACK,True,ROLLING_QUALITY_BELOW_FULL_LOOKAHEAD,14,14,36,0,0,0,False,19303,541864,3971864,,True,,,1976,395,1581,1946,30,0,False,0,"[{""committed_round_count"": 4, ""fallback_used"": false, ""heuristic_candidate_pruning_used"": false, ""pruned_hard_compatible_pair_count"": 0, ""solver_status"": ""OPTIMAL"", ""strategy_used"": ""BASELINE_DECOMPOSED""}, {""committed_round_count"": 1, ""fallback_used"": false, ""heuristic_candidate_pruning_used"": false, ""pruned_hard_compatible_pair_count"": 0, ""solver_status"": ""FEASIBLE"", ""strategy_used"": ""BASELINE_DECOMPOSED""}, {""committed_round_count"": 3, ""fallback_used"": false, ""heuristic_candidate_pruning_used"": false, ""pruned_hard_compatible_pair_count"": 0, ""solver_status"": ""FEASIBLE"", ""strategy_used"": ""BASELINE_DECOMPOSED""}, {""committed_round_count"": 0, ""fallback_used"": false, ""heuristic_candidate_pruning_used"": false, ""pruned_hard_compatible_pair_count"": 0, ""solver_status"": ""FEASIBLE"", ""strategy_used"": ""BASELINE_DECOMPOSED""}]","[""COVERED_AREA_COUNT_BELOW_FULL_LOOKAHEAD"", ""SERVICE_ROUNDS_BELOW_FULL_LOOKAHEAD_BY_OVER_10_PERCENT""]","{""boundary_zero_service_rate"": null, ""covered_areas"": 8, ""late_horizon_zero_service_rate"": 1.0, ""minimum_coverage_met"": false, ""non_boundary_zero_service_rate"": 0.84, ""service_rounds"": 8, ""underserved_points_covered"": 0}",,,,,,0.01,SYNTHETIC_GENERATOR_AND_SYNTHETIC_ROAD_EDGES
tight_budget-50-5-seed20311053,TIGHT_BUDGET,S3_ROLLING_HORIZON_7_21,50,5,,"{""commit_window_days"": 7, ""lookahead_days"": 21, ""planning_window_days"": 28}",2,20311053,b9a8086b4de6db3e3d15add8848747fe3a28f6e25dcb5a40cdb1577d180bb571,9762.51,68.55,8131.72,0.0,0.0,5.87,8245.72,8430,13120,1460,0,OPTIMAL,True,BASELINE_FALLBACK,True,ROLLING_QUALITY_BELOW_FULL_LOOKAHEAD,14,14,36,0,0,0,False,19303,541864,3971864,,True,,,1976,395,1581,1946,30,0,False,0,"[{""committed_round_count"": 4, ""fallback_used"": false, ""heuristic_candidate_pruning_used"": false, ""pruned_hard_compatible_pair_count"": 0, ""solver_status"": ""OPTIMAL"", ""strategy_used"": ""BASELINE_DECOMPOSED""}, {""committed_round_count"": 1, ""fallback_used"": false, ""heuristic_candidate_pruning_used"": false, ""pruned_hard_compatible_pair_count"": 0, ""solver_status"": ""FEASIBLE"", ""strategy_used"": ""BASELINE_DECOMPOSED""}, {""committed_round_count"": 3, ""fallback_used"": false, ""heuristic_candidate_pruning_used"": false, ""pruned_hard_compatible_pair_count"": 0, ""solver_status"": ""FEASIBLE"", ""strategy_used"": ""BASELINE_DECOMPOSED""}, {""committed_round_count"": 0, ""fallback_used"": false, ""heuristic_candidate_pruning_used"": false, ""pruned_hard_compatible_pair_count"": 0, ""solver_status"": ""FEASIBLE"", ""strategy_used"": ""BASELINE_DECOMPOSED""}]","[""COVERED_AREA_COUNT_BELOW_FULL_LOOKAHEAD"", ""SERVICE_ROUNDS_BELOW_FULL_LOOKAHEAD_BY_OVER_10_PERCENT""]","{""boundary_zero_service_rate"": null, ""covered_areas"": 8, ""late_horizon_zero_service_rate"": 1.0, ""minimum_coverage_met"": false, ""non_boundary_zero_service_rate"": 0.84, ""service_rounds"": 8, ""underserved_points_covered"": 0}",,,,,,0.01,SYNTHETIC_GENERATOR_AND_SYNTHETIC_ROAD_EDGES
tight_budget-50-5-seed20311053,TIGHT_BUDGET,S3_ROLLING_HORIZON_7_21,50,5,,"{""commit_window_days"": 7, ""lookahead_days"": 21, ""planning_window_days"": 28}",3,20311053,b9a8086b4de6db3e3d15add8848747fe3a28f6e25dcb5a40cdb1577d180bb571,9682.6,68.3,8114.41,0.0,0.0,6.5,8240.6,8430,13120,1460,0,OPTIMAL,True,BASELINE_FALLBACK,True,ROLLING_QUALITY_BELOW_FULL_LOOKAHEAD,14,14,36,0,0,0,False,19303,541864,3971864,,True,,,1976,395,1581,1946,30,0,False,0,"[{""committed_round_count"": 4, ""fallback_used"": false, ""heuristic_candidate_pruning_used"": false, ""pruned_hard_compatible_pair_count"": 0, ""solver_status"": ""OPTIMAL"", ""strategy_used"": ""BASELINE_DECOMPOSED""}, {""committed_round_count"": 1, ""fallback_used"": false, ""heuristic_candidate_pruning_used"": false, ""pruned_hard_compatible_pair_count"": 0, ""solver_status"": ""FEASIBLE"", ""strategy_used"": ""BASELINE_DECOMPOSED""}, {""committed_round_count"": 3, ""fallback_used"": false, ""heuristic_candidate_pruning_used"": false, ""pruned_hard_compatible_pair_count"": 0, ""solver_status"": ""FEASIBLE"", ""strategy_used"": ""BASELINE_DECOMPOSED""}, {""committed_round_count"": 0, ""fallback_used"": false, ""heuristic_candidate_pruning_used"": false, ""pruned_hard_compatible_pair_count"": 0, ""solver_status"": ""FEASIBLE"", ""strategy_used"": ""BASELINE_DECOMPOSED""}]","[""COVERED_AREA_COUNT_BELOW_FULL_LOOKAHEAD"", ""SERVICE_ROUNDS_BELOW_FULL_LOOKAHEAD_BY_OVER_10_PERCENT""]","{""boundary_zero_service_rate"": null, ""covered_areas"": 8, ""late_horizon_zero_service_rate"": 1.0, ""minimum_coverage_met"": false, ""non_boundary_zero_service_rate"": 0.84, ""service_rounds"": 8, ""underserved_points_covered"": 0}",,,,,,0.01,SYNTHETIC_GENERATOR_AND_SYNTHETIC_ROAD_EDGES
tight_budget-50-5-seed20311053,TIGHT_BUDGET,S4_GEOGRAPHIC_ROLLING_7_21,50,5,4,"{""commit_window_days"": 7, ""lookahead_days"": 21, ""planning_window_days"": 28}",1,20311053,b9a8086b4de6db3e3d15add8848747fe3a28f6e25dcb5a40cdb1577d180bb571,17431.01,169.06,6384.67,26383.13,0.0,5.47,30678.29,23690,36468,1460,0,OPTIMAL,True,BASELINE_FALLBACK,True,ROLLING_QUALITY_BELOW_FULL_LOOKAHEAD,14,14,36,0,0,0,False,19303,541864,3971864,,True,,,4602,406,4196,4576,26,0,False,0,"[{""committed_round_count"": 7, ""fallback_used"": false, ""heuristic_candidate_pruning_used"": false, ""pruned_hard_compatible_pair_count"": 0, ""solver_status"": ""TIME_LIMIT"", ""strategy_used"": ""GEOGRAPHIC_CLUSTER""}, {""committed_round_count"": 0, ""fallback_used"": true, ""heuristic_candidate_pruning_used"": false, ""pruned_hard_compatible_pair_count"": 0, ""solver_status"": ""FEASIBLE"", ""strategy_used"": ""BASELINE_FALLBACK""}, {""committed_round_count"": 0, ""fallback_used"": true, ""heuristic_candidate_pruning_used"": false, ""pruned_hard_compatible_pair_count"": 0, ""solver_status"": ""FEASIBLE"", ""strategy_used"": ""BASELINE_FALLBACK""}, {""committed_round_count"": 0, ""fallback_used"": true, ""heuristic_candidate_pruning_used"": false, ""pruned_hard_compatible_pair_count"": 0, ""solver_status"": ""FEASIBLE"", ""strategy_used"": ""BASELINE_FALLBACK""}]","[""COVERED_AREA_COUNT_BELOW_FULL_LOOKAHEAD"", ""SERVICE_ROUNDS_BELOW_FULL_LOOKAHEAD_BY_OVER_10_PERCENT""]","{""boundary_zero_service_rate"": 0.875, ""covered_areas"": 7, ""late_horizon_zero_service_rate"": 1.0, ""minimum_coverage_met"": false, ""non_boundary_zero_service_rate"": 0.8529411764705882, ""service_rounds"": 7, ""underserved_points_covered"": 0}",,,,,,545.46,SYNTHETIC_GENERATOR_AND_SYNTHETIC_ROAD_EDGES
tight_budget-50-5-seed20311053,TIGHT_BUDGET,S4_GEOGRAPHIC_ROLLING_7_21,50,5,4,"{""commit_window_days"": 7, ""lookahead_days"": 21, ""planning_window_days"": 28}",2,20311053,b9a8086b4de6db3e3d15add8848747fe3a28f6e25dcb5a40cdb1577d180bb571,17449.63,178.45,6354.73,26420.12,0.0,5.95,30697.53,23690,36468,1460,0,OPTIMAL,True,BASELINE_FALLBACK,True,ROLLING_QUALITY_BELOW_FULL_LOOKAHEAD,14,14,36,0,0,0,False,19303,541864,3971864,,True,,,4602,406,4196,4576,26,0,False,0,"[{""committed_round_count"": 7, ""fallback_used"": false, ""heuristic_candidate_pruning_used"": false, ""pruned_hard_compatible_pair_count"": 0, ""solver_status"": ""TIME_LIMIT"", ""strategy_used"": ""GEOGRAPHIC_CLUSTER""}, {""committed_round_count"": 0, ""fallback_used"": true, ""heuristic_candidate_pruning_used"": false, ""pruned_hard_compatible_pair_count"": 0, ""solver_status"": ""FEASIBLE"", ""strategy_used"": ""BASELINE_FALLBACK""}, {""committed_round_count"": 0, ""fallback_used"": true, ""heuristic_candidate_pruning_used"": false, ""pruned_hard_compatible_pair_count"": 0, ""solver_status"": ""FEASIBLE"", ""strategy_used"": ""BASELINE_FALLBACK""}, {""committed_round_count"": 0, ""fallback_used"": true, ""heuristic_candidate_pruning_used"": false, ""pruned_hard_compatible_pair_count"": 0, ""solver_status"": ""FEASIBLE"", ""strategy_used"": ""BASELINE_FALLBACK""}]","[""COVERED_AREA_COUNT_BELOW_FULL_LOOKAHEAD"", ""SERVICE_ROUNDS_BELOW_FULL_LOOKAHEAD_BY_OVER_10_PERCENT""]","{""boundary_zero_service_rate"": 0.875, ""covered_areas"": 7, ""late_horizon_zero_service_rate"": 1.0, ""minimum_coverage_met"": false, ""non_boundary_zero_service_rate"": 0.8529411764705882, ""service_rounds"": 7, ""underserved_points_covered"": 0}",,,,,,568.85,SYNTHETIC_GENERATOR_AND_SYNTHETIC_ROAD_EDGES
tight_budget-50-5-seed20311053,TIGHT_BUDGET,S4_GEOGRAPHIC_ROLLING_7_21,50,5,4,"{""commit_window_days"": 7, ""lookahead_days"": 21, ""planning_window_days"": 28}",3,20311053,b9a8086b4de6db3e3d15add8848747fe3a28f6e25dcb5a40cdb1577d180bb571,17751.32,178.77,6395.78,26601.96,0.0,5.62,30901.1,23690,36468,1460,0,OPTIMAL,True,BASELINE_FALLBACK,True,ROLLING_QUALITY_BELOW_FULL_LOOKAHEAD,14,14,36,0,0,0,False,19303,541864,3971864,,True,,,4602,406,4196,4576,26,0,False,0,"[{""committed_round_count"": 7, ""fallback_used"": false, ""heuristic_candidate_pruning_used"": false, ""pruned_hard_compatible_pair_count"": 0, ""solver_status"": ""TIME_LIMIT"", ""strategy_used"": ""GEOGRAPHIC_CLUSTER""}, {""committed_round_count"": 0, ""fallback_used"": true, ""heuristic_candidate_pruning_used"": false, ""pruned_hard_compatible_pair_count"": 0, ""solver_status"": ""FEASIBLE"", ""strategy_used"": ""BASELINE_FALLBACK""}, {""committed_round_count"": 0, ""fallback_used"": true, ""heuristic_candidate_pruning_used"": false, ""pruned_hard_compatible_pair_count"": 0, ""solver_status"": ""FEASIBLE"", ""strategy_used"": ""BASELINE_FALLBACK""}, {""committed_round_count"": 0, ""fallback_used"": true, ""heuristic_candidate_pruning_used"": false, ""pruned_hard_compatible_pair_count"": 0, ""solver_status"": ""FEASIBLE"", ""strategy_used"": ""BASELINE_FALLBACK""}]","[""COVERED_AREA_COUNT_BELOW_FULL_LOOKAHEAD"", ""SERVICE_ROUNDS_BELOW_FULL_LOOKAHEAD_BY_OVER_10_PERCENT""]","{""boundary_zero_service_rate"": 0.875, ""covered_areas"": 7, ""late_horizon_zero_service_rate"": 1.0, ""minimum_coverage_met"": false, ""non_boundary_zero_service_rate"": 0.8529411764705882, ""service_rounds"": 7, ""underserved_points_covered"": 0}",,,,,,540.68,SYNTHETIC_GENERATOR_AND_SYNTHETIC_ROAD_EDGES
provider_shortage-50-5-seed20311054,PROVIDER_SHORTAGE,S0_MONOLITHIC,50,5,,FULL_MONTH,1,20311054,2fa63768798c537255468fead6042c0a4aa958c755692d1ded9f08109fabd028,908.17,18.57,2247.8,0.0,2.41,0.0,3180.43,61887,74208,1456,49656,UNKNOWN,False,BASELINE_MONOLITHIC,False,,0,0,50,,,,False,0,0,0,,True,,,49990,2750,47240,49990,0,0,False,0,[],[],,,,,,,0.0,SYNTHETIC_GENERATOR_AND_SYNTHETIC_ROAD_EDGES
provider_shortage-50-5-seed20311054,PROVIDER_SHORTAGE,S0_MONOLITHIC,50,5,,FULL_MONTH,2,20311054,2fa63768798c537255468fead6042c0a4aa958c755692d1ded9f08109fabd028,932.49,17.98,2234.98,0.0,4.94,0.0,3193.84,61887,74208,1456,49656,UNKNOWN,False,BASELINE_MONOLITHIC,False,,0,0,50,,,,False,0,0,0,,True,,,49990,2750,47240,49990,0,0,False,0,[],[],,,,,,,0.0,SYNTHETIC_GENERATOR_AND_SYNTHETIC_ROAD_EDGES
provider_shortage-50-5-seed20311054,PROVIDER_SHORTAGE,S0_MONOLITHIC,50,5,,FULL_MONTH,3,20311054,2fa63768798c537255468fead6042c0a4aa958c755692d1ded9f08109fabd028,915.48,18.71,2211.62,0.0,3.52,0.0,3152.52,61887,74208,1456,49656,UNKNOWN,False,BASELINE_MONOLITHIC,False,,0,0,50,,,,False,0,0,0,,True,,,49990,2750,47240,49990,0,0,False,0,[],[],,,,,,,0.0,SYNTHETIC_GENERATOR_AND_SYNTHETIC_ROAD_EDGES
provider_shortage-50-5-seed20311054,PROVIDER_SHORTAGE,S1_V5_BASELINE,50,5,,FULL_MONTH,1,20311054,2fa63768798c537255468fead6042c0a4aa958c755692d1ded9f08109fabd028,1435.76,18.64,1493.13,0.0,0.0,3.17,1537.68,2099,3280,1456,0,OPTIMAL,True,BASELINE_DECOMPOSED,False,,19,19,31,0,0,0,False,53297,1495581,11485581,,True,,,455,375,80,436,19,0,False,0,[],[],,,,,,,29.81,SYNTHETIC_GENERATOR_AND_SYNTHETIC_ROAD_EDGES
provider_shortage-50-5-seed20311054,PROVIDER_SHORTAGE,S1_V5_BASELINE,50,5,,FULL_MONTH,2,20311054,2fa63768798c537255468fead6042c0a4aa958c755692d1ded9f08109fabd028,1504.81,17.79,1562.49,0.0,0.0,3.55,1607.04,2099,3280,1456,0,OPTIMAL,True,BASELINE_DECOMPOSED,False,,19,19,31,0,0,0,False,53297,1495581,11485581,,True,,,455,375,80,436,19,0,False,0,[],[],,,,,,,30.08,SYNTHETIC_GENERATOR_AND_SYNTHETIC_ROAD_EDGES
provider_shortage-50-5-seed20311054,PROVIDER_SHORTAGE,S1_V5_BASELINE,50,5,,FULL_MONTH,3,20311054,2fa63768798c537255468fead6042c0a4aa958c755692d1ded9f08109fabd028,1465.81,18.46,1551.08,0.0,0.0,3.73,1595.9,2099,3280,1456,0,OPTIMAL,True,BASELINE_DECOMPOSED,False,,19,19,31,0,0,0,False,53297,1495581,11485581,,True,,,455,375,80,436,19,0,False,0,[],[],,,,,,,56.89,SYNTHETIC_GENERATOR_AND_SYNTHETIC_ROAD_EDGES
provider_shortage-50-5-seed20311054,PROVIDER_SHORTAGE,S2_GEOGRAPHIC_CLUSTER,50,5,4,FULL_MONTH,1,20311054,2fa63768798c537255468fead6042c0a4aa958c755692d1ded9f08109fabd028,62.08,36.46,5705.7,3608.7,0.0,2.09,6531.1,5150,7974,1456,0,TIME_LIMIT,False,GEOGRAPHIC_CLUSTER,False,,19,18,32,0,0,0,False,60913,1709321,11474321,,True,,"{""budget"": true, ""minimum_coverage_reported_truthfully"": true, ""provider_capacity"": true, ""provider_monthly_compensation"": true, ""route_feasibility"": true, ""schedule_overlap_and_daily_hours"": true, ""service_compatibility"": true}",750,362,388,740,10,0,False,0,[],[],,,,,0.8888888888888888,0.5853658536585366,29.85,SYNTHETIC_GENERATOR_AND_SYNTHETIC_ROAD_EDGES
provider_shortage-50-5-seed20311054,PROVIDER_SHORTAGE,S2_GEOGRAPHIC_CLUSTER,50,5,4,FULL_MONTH,2,20311054,2fa63768798c537255468fead6042c0a4aa958c755692d1ded9f08109fabd028,63.64,36.77,5725.66,3634.3,0.0,2.05,6566.9,5150,7974,1456,0,TIME_LIMIT,False,GEOGRAPHIC_CLUSTER,False,,19,18,32,0,0,0,False,60913,1709321,11474321,,True,,"{""budget"": true, ""minimum_coverage_reported_truthfully"": true, ""provider_capacity"": true, ""provider_monthly_compensation"": true, ""route_feasibility"": true, ""schedule_overlap_and_daily_hours"": true, ""service_compatibility"": true}",750,362,388,740,10,0,False,0,[],[],,,,,0.8888888888888888,0.5853658536585366,30.32,SYNTHETIC_GENERATOR_AND_SYNTHETIC_ROAD_EDGES
provider_shortage-50-5-seed20311054,PROVIDER_SHORTAGE,S2_GEOGRAPHIC_CLUSTER,50,5,4,FULL_MONTH,3,20311054,2fa63768798c537255468fead6042c0a4aa958c755692d1ded9f08109fabd028,60.16,36.09,5758.96,3603.28,0.0,1.85,6551.12,5150,7974,1456,0,TIME_LIMIT,False,GEOGRAPHIC_CLUSTER,False,,19,18,32,0,0,0,False,60913,1709321,11474321,,True,,"{""budget"": true, ""minimum_coverage_reported_truthfully"": true, ""provider_capacity"": true, ""provider_monthly_compensation"": true, ""route_feasibility"": true, ""schedule_overlap_and_daily_hours"": true, ""service_compatibility"": true}",750,362,388,740,10,0,False,0,[],[],,,,,0.8888888888888888,0.5853658536585366,30.3,SYNTHETIC_GENERATOR_AND_SYNTHETIC_ROAD_EDGES
provider_shortage-50-5-seed20311054,PROVIDER_SHORTAGE,S3_ROLLING_HORIZON_7_21,50,5,,"{""commit_window_days"": 7, ""lookahead_days"": 21, ""planning_window_days"": 28}",1,20311054,2fa63768798c537255468fead6042c0a4aa958c755692d1ded9f08109fabd028,7384.23,66.84,7451.54,0.0,0.0,11.91,7615.08,8337,12961,1456,0,FEASIBLE,False,ROLLING_HORIZON,False,,19,19,31,0,0,0,False,48365,1357260,11787260,,True,,,1955,417,1538,1896,59,0,False,0,"[{""committed_round_count"": 6, ""fallback_used"": false, ""heuristic_candidate_pruning_used"": false, ""pruned_hard_compatible_pair_count"": 0, ""solver_status"": ""OPTIMAL"", ""strategy_used"": ""BASELINE_DECOMPOSED""}, {""committed_round_count"": 3, ""fallback_used"": false, ""heuristic_candidate_pruning_used"": false, ""pruned_hard_compatible_pair_count"": 0, ""solver_status"": ""FEASIBLE"", ""strategy_used"": ""BASELINE_DECOMPOSED""}, {""committed_round_count"": 2, ""fallback_used"": false, ""heuristic_candidate_pruning_used"": false, ""pruned_hard_compatible_pair_count"": 0, ""solver_status"": ""FEASIBLE"", ""strategy_used"": ""BASELINE_DECOMPOSED""}, {""committed_round_count"": 8, ""fallback_used"": false, ""heuristic_candidate_pruning_used"": false, ""pruned_hard_compatible_pair_count"": 0, ""solver_status"": ""FEASIBLE"", ""strategy_used"": ""BASELINE_DECOMPOSED""}]",[],,,0.62,0.813953488372093,,0.62,0.01,SYNTHETIC_GENERATOR_AND_SYNTHETIC_ROAD_EDGES
provider_shortage-50-5-seed20311054,PROVIDER_SHORTAGE,S3_ROLLING_HORIZON_7_21,50,5,,"{""commit_window_days"": 7, ""lookahead_days"": 21, ""planning_window_days"": 28}",2,20311054,2fa63768798c537255468fead6042c0a4aa958c755692d1ded9f08109fabd028,7356.07,67.38,7421.98,0.0,0.0,11.17,7574.01,8337,12961,1456,0,FEASIBLE,False,ROLLING_HORIZON,False,,19,19,31,0,0,0,False,48365,1357260,11787260,,True,,,1955,417,1538,1896,59,0,False,0,"[{""committed_round_count"": 6, ""fallback_used"": false, ""heuristic_candidate_pruning_used"": false, ""pruned_hard_compatible_pair_count"": 0, ""solver_status"": ""OPTIMAL"", ""strategy_used"": ""BASELINE_DECOMPOSED""}, {""committed_round_count"": 3, ""fallback_used"": false, ""heuristic_candidate_pruning_used"": false, ""pruned_hard_compatible_pair_count"": 0, ""solver_status"": ""FEASIBLE"", ""strategy_used"": ""BASELINE_DECOMPOSED""}, {""committed_round_count"": 2, ""fallback_used"": false, ""heuristic_candidate_pruning_used"": false, ""pruned_hard_compatible_pair_count"": 0, ""solver_status"": ""FEASIBLE"", ""strategy_used"": ""BASELINE_DECOMPOSED""}, {""committed_round_count"": 8, ""fallback_used"": false, ""heuristic_candidate_pruning_used"": false, ""pruned_hard_compatible_pair_count"": 0, ""solver_status"": ""FEASIBLE"", ""strategy_used"": ""BASELINE_DECOMPOSED""}]",[],,,0.62,0.813953488372093,,0.62,0.01,SYNTHETIC_GENERATOR_AND_SYNTHETIC_ROAD_EDGES
provider_shortage-50-5-seed20311054,PROVIDER_SHORTAGE,S3_ROLLING_HORIZON_7_21,50,5,,"{""commit_window_days"": 7, ""lookahead_days"": 21, ""planning_window_days"": 28}",3,20311054,2fa63768798c537255468fead6042c0a4aa958c755692d1ded9f08109fabd028,7319.26,68.02,7385.69,0.0,0.0,11.03,7550.18,8337,12961,1456,0,FEASIBLE,False,ROLLING_HORIZON,False,,19,19,31,0,0,0,False,48365,1357260,11787260,,True,,,1955,417,1538,1896,59,0,False,0,"[{""committed_round_count"": 6, ""fallback_used"": false, ""heuristic_candidate_pruning_used"": false, ""pruned_hard_compatible_pair_count"": 0, ""solver_status"": ""OPTIMAL"", ""strategy_used"": ""BASELINE_DECOMPOSED""}, {""committed_round_count"": 3, ""fallback_used"": false, ""heuristic_candidate_pruning_used"": false, ""pruned_hard_compatible_pair_count"": 0, ""solver_status"": ""FEASIBLE"", ""strategy_used"": ""BASELINE_DECOMPOSED""}, {""committed_round_count"": 2, ""fallback_used"": false, ""heuristic_candidate_pruning_used"": false, ""pruned_hard_compatible_pair_count"": 0, ""solver_status"": ""FEASIBLE"", ""strategy_used"": ""BASELINE_DECOMPOSED""}, {""committed_round_count"": 8, ""fallback_used"": false, ""heuristic_candidate_pruning_used"": false, ""pruned_hard_compatible_pair_count"": 0, ""solver_status"": ""FEASIBLE"", ""strategy_used"": ""BASELINE_DECOMPOSED""}]",[],,,0.62,0.813953488372093,,0.62,0.01,SYNTHETIC_GENERATOR_AND_SYNTHETIC_ROAD_EDGES
provider_shortage-50-5-seed20311054,PROVIDER_SHORTAGE,S4_GEOGRAPHIC_ROLLING_7_21,50,5,4,"{""commit_window_days"": 7, ""lookahead_days"": 21, ""planning_window_days"": 28}",1,20311054,2fa63768798c537255468fead6042c0a4aa958c755692d1ded9f08109fabd028,9332.39,138.22,6043.55,18021.85,0.0,16.13,21462.09,21165,32592,1456,0,TIME_LIMIT,False,GEOGRAPHIC_ROLLING,True,GEOGRAPHIC_WINDOW_BASELINE_FALLBACK,19,19,31,0,0,0,False,52204,1464993,11514993,,True,,,3915,440,3475,3836,79,0,False,0,"[{""committed_round_count"": 4, ""fallback_used"": false, ""heuristic_candidate_pruning_used"": false, ""pruned_hard_compatible_pair_count"": 0, ""solver_status"": ""TIME_LIMIT"", ""strategy_used"": ""GEOGRAPHIC_CLUSTER""}, {""committed_round_count"": 4, ""fallback_used"": true, ""heuristic_candidate_pruning_used"": false, ""pruned_hard_compatible_pair_count"": 0, ""solver_status"": ""OPTIMAL"", ""strategy_used"": ""BASELINE_FALLBACK""}, {""committed_round_count"": 3, ""fallback_used"": false, ""heuristic_candidate_pruning_used"": false, ""pruned_hard_compatible_pair_count"": 0, ""solver_status"": ""FEASIBLE"", ""strategy_used"": ""GEOGRAPHIC_CLUSTER""}, {""committed_round_count"": 8, ""fallback_used"": true, ""heuristic_candidate_pruning_used"": false, ""pruned_hard_compatible_pair_count"": 0, ""solver_status"": ""OPTIMAL"", ""strategy_used"": ""BASELINE_FALLBACK""}]",[],,0.7777777777777778,0.5853658536585366,0.8181818181818182,0.7777777777777778,0.5853658536585366,0.02,SYNTHETIC_GENERATOR_AND_SYNTHETIC_ROAD_EDGES
provider_shortage-50-5-seed20311054,PROVIDER_SHORTAGE,S4_GEOGRAPHIC_ROLLING_7_21,50,5,4,"{""commit_window_days"": 7, ""lookahead_days"": 21, ""planning_window_days"": 28}",2,20311054,2fa63768798c537255468fead6042c0a4aa958c755692d1ded9f08109fabd028,9307.72,153.21,6068.18,18048.7,0.0,15.06,21501.83,21165,32592,1456,0,TIME_LIMIT,False,GEOGRAPHIC_ROLLING,True,GEOGRAPHIC_WINDOW_BASELINE_FALLBACK,19,19,31,0,0,0,False,52204,1464993,11514993,,True,,,3915,440,3475,3836,79,0,False,0,"[{""committed_round_count"": 4, ""fallback_used"": false, ""heuristic_candidate_pruning_used"": false, ""pruned_hard_compatible_pair_count"": 0, ""solver_status"": ""TIME_LIMIT"", ""strategy_used"": ""GEOGRAPHIC_CLUSTER""}, {""committed_round_count"": 4, ""fallback_used"": true, ""heuristic_candidate_pruning_used"": false, ""pruned_hard_compatible_pair_count"": 0, ""solver_status"": ""OPTIMAL"", ""strategy_used"": ""BASELINE_FALLBACK""}, {""committed_round_count"": 3, ""fallback_used"": false, ""heuristic_candidate_pruning_used"": false, ""pruned_hard_compatible_pair_count"": 0, ""solver_status"": ""FEASIBLE"", ""strategy_used"": ""GEOGRAPHIC_CLUSTER""}, {""committed_round_count"": 8, ""fallback_used"": true, ""heuristic_candidate_pruning_used"": false, ""pruned_hard_compatible_pair_count"": 0, ""solver_status"": ""OPTIMAL"", ""strategy_used"": ""BASELINE_FALLBACK""}]",[],,0.7777777777777778,0.5853658536585366,0.8181818181818182,0.7777777777777778,0.5853658536585366,0.02,SYNTHETIC_GENERATOR_AND_SYNTHETIC_ROAD_EDGES
provider_shortage-50-5-seed20311054,PROVIDER_SHORTAGE,S4_GEOGRAPHIC_ROLLING_7_21,50,5,4,"{""commit_window_days"": 7, ""lookahead_days"": 21, ""planning_window_days"": 28}",3,20311054,2fa63768798c537255468fead6042c0a4aa958c755692d1ded9f08109fabd028,9290.98,138.82,6072.04,18004.76,0.0,15.44,21455.23,21165,32592,1456,0,TIME_LIMIT,False,GEOGRAPHIC_ROLLING,True,GEOGRAPHIC_WINDOW_BASELINE_FALLBACK,19,19,31,0,0,0,False,52204,1464993,11514993,,True,,,3915,440,3475,3836,79,0,False,0,"[{""committed_round_count"": 4, ""fallback_used"": false, ""heuristic_candidate_pruning_used"": false, ""pruned_hard_compatible_pair_count"": 0, ""solver_status"": ""TIME_LIMIT"", ""strategy_used"": ""GEOGRAPHIC_CLUSTER""}, {""committed_round_count"": 4, ""fallback_used"": true, ""heuristic_candidate_pruning_used"": false, ""pruned_hard_compatible_pair_count"": 0, ""solver_status"": ""OPTIMAL"", ""strategy_used"": ""BASELINE_FALLBACK""}, {""committed_round_count"": 3, ""fallback_used"": false, ""heuristic_candidate_pruning_used"": false, ""pruned_hard_compatible_pair_count"": 0, ""solver_status"": ""FEASIBLE"", ""strategy_used"": ""GEOGRAPHIC_CLUSTER""}, {""committed_round_count"": 8, ""fallback_used"": true, ""heuristic_candidate_pruning_used"": false, ""pruned_hard_compatible_pair_count"": 0, ""solver_status"": ""OPTIMAL"", ""strategy_used"": ""BASELINE_FALLBACK""}]",[],,0.7777777777777778,0.5853658536585366,0.8181818181818182,0.7777777777777778,0.5853658536585366,0.02,SYNTHETIC_GENERATOR_AND_SYNTHETIC_ROAD_EDGES
remote_areas-50-5-seed20311055,REMOTE_AREAS,S0_MONOLITHIC,50,5,,FULL_MONTH,1,20311055,a7ecd826d9dea6e8593dacc1925df106a17e868055c94c5899ec34775e04ce4e,472.66,14.06,1951.15,0.0,0.0,0.0,2438.38,34088,42986,1032,25248,UNKNOWN,False,BASELINE_MONOLITHIC,False,,0,0,50,,,,False,0,0,0,,True,,,25582,1524,24058,25582,0,0,False,0,[],[],,,,,,,0.0,SYNTHETIC_GENERATOR_AND_SYNTHETIC_ROAD_EDGES
remote_areas-50-5-seed20311055,REMOTE_AREAS,S0_MONOLITHIC,50,5,,FULL_MONTH,2,20311055,a7ecd826d9dea6e8593dacc1925df106a17e868055c94c5899ec34775e04ce4e,476.5,14.71,1900.53,0.0,0.0,0.0,2392.37,34088,42986,1032,25248,UNKNOWN,False,BASELINE_MONOLITHIC,False,,0,0,50,,,,False,0,0,0,,True,,,25582,1524,24058,25582,0,0,False,0,[],[],,,,,,,0.0,SYNTHETIC_GENERATOR_AND_SYNTHETIC_ROAD_EDGES
remote_areas-50-5-seed20311055,REMOTE_AREAS,S0_MONOLITHIC,50,5,,FULL_MONTH,3,20311055,a7ecd826d9dea6e8593dacc1925df106a17e868055c94c5899ec34775e04ce4e,478.69,13.24,1904.94,0.0,0.0,0.0,2399.57,34088,42986,1032,25248,UNKNOWN,False,BASELINE_MONOLITHIC,False,,0,0,50,,,,False,0,0,0,,True,,,25582,1524,24058,25582,0,0,False,0,[],[],,,,,,,0.0,SYNTHETIC_GENERATOR_AND_SYNTHETIC_ROAD_EDGES
remote_areas-50-5-seed20311055,REMOTE_AREAS,S1_V5_BASELINE,50,5,,FULL_MONTH,1,20311055,a7ecd826d9dea6e8593dacc1925df106a17e868055c94c5899ec34775e04ce4e,1970.47,13.66,3749.1,0.0,0.0,6.48,3821.29,2421,3738,1032,0,TIME_LIMIT,False,BASELINE_DECOMPOSED,False,,35,35,15,0,0,0,False,52301,1467481,14547481,,True,,,547,465,82,510,37,0,False,0,[],[],,,,,,,9.67,SYNTHETIC_GENERATOR_AND_SYNTHETIC_ROAD_EDGES
remote_areas-50-5-seed20311055,REMOTE_AREAS,S1_V5_BASELINE,50,5,,FULL_MONTH,2,20311055,a7ecd826d9dea6e8593dacc1925df106a17e868055c94c5899ec34775e04ce4e,2057.88,13.63,3841.2,0.0,0.0,6.2,3888.78,2421,3738,1032,0,TIME_LIMIT,False,BASELINE_DECOMPOSED,False,,35,35,15,0,0,0,False,52301,1467481,14547481,,True,,,547,465,82,510,37,0,False,0,[],[],,,,,,,8.99,SYNTHETIC_GENERATOR_AND_SYNTHETIC_ROAD_EDGES
remote_areas-50-5-seed20311055,REMOTE_AREAS,S1_V5_BASELINE,50,5,,FULL_MONTH,3,20311055,a7ecd826d9dea6e8593dacc1925df106a17e868055c94c5899ec34775e04ce4e,2089.25,14.14,3855.75,0.0,0.0,6.43,3903.9,2421,3738,1032,0,TIME_LIMIT,False,BASELINE_DECOMPOSED,False,,35,35,15,0,0,0,False,52301,1467481,14547481,,True,,,547,465,82,510,37,0,False,0,[],[],,,,,,,8.39,SYNTHETIC_GENERATOR_AND_SYNTHETIC_ROAD_EDGES
remote_areas-50-5-seed20311055,REMOTE_AREAS,S2_GEOGRAPHIC_CLUSTER,50,5,4,FULL_MONTH,1,20311055,a7ecd826d9dea6e8593dacc1925df106a17e868055c94c5899ec34775e04ce4e,61.7,26.94,6014.42,2942.07,0.0,3.82,6014.0,5625,8648,1032,0,TIME_LIMIT,False,GEOGRAPHIC_CLUSTER,False,,25,25,25,0,0,0,False,34508,968357,10998357,,True,,"{""budget"": true, ""minimum_coverage_reported_truthfully"": true, ""provider_capacity"": true, ""provider_monthly_compensation"": true, ""route_feasibility"": true, ""schedule_overlap_and_daily_hours"": true, ""service_compatibility"": true}",870,393,477,848,22,0,False,0,[],[],,,,,0.2857142857142857,0.5348837209302325,8.59,SYNTHETIC_GENERATOR_AND_SYNTHETIC_ROAD_EDGES
remote_areas-50-5-seed20311055,REMOTE_AREAS,S2_GEOGRAPHIC_CLUSTER,50,5,4,FULL_MONTH,2,20311055,a7ecd826d9dea6e8593dacc1925df106a17e868055c94c5899ec34775e04ce4e,65.58,28.07,6003.02,2950.96,0.0,4.05,6019.77,5625,8648,1032,0,TIME_LIMIT,False,GEOGRAPHIC_CLUSTER,False,,25,25,25,0,0,0,False,34508,968357,10998357,,True,,"{""budget"": true, ""minimum_coverage_reported_truthfully"": true, ""provider_capacity"": true, ""provider_monthly_compensation"": true, ""route_feasibility"": true, ""schedule_overlap_and_daily_hours"": true, ""service_compatibility"": true}",870,393,477,848,22,0,False,0,[],[],,,,,0.2857142857142857,0.5348837209302325,8.96,SYNTHETIC_GENERATOR_AND_SYNTHETIC_ROAD_EDGES
remote_areas-50-5-seed20311055,REMOTE_AREAS,S2_GEOGRAPHIC_CLUSTER,50,5,4,FULL_MONTH,3,20311055,a7ecd826d9dea6e8593dacc1925df106a17e868055c94c5899ec34775e04ce4e,65.66,29.16,6035.22,2931.97,0.0,3.68,6029.37,5625,8648,1032,0,TIME_LIMIT,False,GEOGRAPHIC_CLUSTER,False,,25,25,25,0,0,0,False,34508,968357,10998357,,True,,"{""budget"": true, ""minimum_coverage_reported_truthfully"": true, ""provider_capacity"": true, ""provider_monthly_compensation"": true, ""route_feasibility"": true, ""schedule_overlap_and_daily_hours"": true, ""service_compatibility"": true}",870,393,477,848,22,0,False,0,[],[],,,,,0.2857142857142857,0.5348837209302325,8.29,SYNTHETIC_GENERATOR_AND_SYNTHETIC_ROAD_EDGES
remote_areas-50-5-seed20311055,REMOTE_AREAS,S3_ROLLING_HORIZON_7_21,50,5,,"{""commit_window_days"": 7, ""lookahead_days"": 21, ""planning_window_days"": 28}",1,20311055,a7ecd826d9dea6e8593dacc1925df106a17e868055c94c5899ec34775e04ce4e,9685.54,50.85,17216.35,0.0,0.0,22.29,15601.74,10840,16699,1032,0,TIME_LIMIT,False,BASELINE_FALLBACK,True,ROLLING_QUALITY_BELOW_FULL_LOOKAHEAD,35,35,15,0,0,0,False,52301,1467481,14547481,,True,,,2508,561,1947,2364,144,0,False,0,"[{""committed_round_count"": 3, ""fallback_used"": false, ""heuristic_candidate_pruning_used"": false, ""pruned_hard_compatible_pair_count"": 0, ""solver_status"": ""TIME_LIMIT"", ""strategy_used"": ""BASELINE_DECOMPOSED""}, {""committed_round_count"": 11, ""fallback_used"": false, ""heuristic_candidate_pruning_used"": false, ""pruned_hard_compatible_pair_count"": 0, ""solver_status"": ""TIME_LIMIT"", ""strategy_used"": ""BASELINE_DECOMPOSED""}, {""committed_round_count"": 10, ""fallback_used"": false, ""heuristic_candidate_pruning_used"": false, ""pruned_hard_compatible_pair_count"": 0, ""solver_status"": ""TIME_LIMIT"", ""strategy_used"": ""BASELINE_DECOMPOSED""}, {""committed_round_count"": 15, ""fallback_used"": false, ""heuristic_candidate_pruning_used"": false, ""pruned_hard_compatible_pair_count"": 0, ""solver_status"": ""TIME_LIMIT"", ""strategy_used"": ""BASELINE_DECOMPOSED""}]","[""COVERED_AREA_COUNT_BELOW_FULL_LOOKAHEAD""]","{""boundary_zero_service_rate"": null, ""covered_areas"": 31, ""late_horizon_zero_service_rate"": 0.5714285714285714, ""minimum_coverage_met"": false, ""non_boundary_zero_service_rate"": 0.38, ""service_rounds"": 39, ""underserved_points_covered"": 0}",,,,,,0.01,SYNTHETIC_GENERATOR_AND_SYNTHETIC_ROAD_EDGES
remote_areas-50-5-seed20311055,REMOTE_AREAS,S3_ROLLING_HORIZON_7_21,50,5,,"{""commit_window_days"": 7, ""lookahead_days"": 21, ""planning_window_days"": 28}",2,20311055,a7ecd826d9dea6e8593dacc1925df106a17e868055c94c5899ec34775e04ce4e,9774.82,50.56,17352.52,0.0,0.0,22.37,15733.5,10840,16699,1032,0,TIME_LIMIT,False,BASELINE_FALLBACK,True,ROLLING_QUALITY_BELOW_FULL_LOOKAHEAD,35,35,15,0,0,0,False,52301,1467481,14547481,,True,,,2508,561,1947,2364,144,0,False,0,"[{""committed_round_count"": 3, ""fallback_used"": false, ""heuristic_candidate_pruning_used"": false, ""pruned_hard_compatible_pair_count"": 0, ""solver_status"": ""TIME_LIMIT"", ""strategy_used"": ""BASELINE_DECOMPOSED""}, {""committed_round_count"": 11, ""fallback_used"": false, ""heuristic_candidate_pruning_used"": false, ""pruned_hard_compatible_pair_count"": 0, ""solver_status"": ""TIME_LIMIT"", ""strategy_used"": ""BASELINE_DECOMPOSED""}, {""committed_round_count"": 10, ""fallback_used"": false, ""heuristic_candidate_pruning_used"": false, ""pruned_hard_compatible_pair_count"": 0, ""solver_status"": ""TIME_LIMIT"", ""strategy_used"": ""BASELINE_DECOMPOSED""}, {""committed_round_count"": 15, ""fallback_used"": false, ""heuristic_candidate_pruning_used"": false, ""pruned_hard_compatible_pair_count"": 0, ""solver_status"": ""TIME_LIMIT"", ""strategy_used"": ""BASELINE_DECOMPOSED""}]","[""COVERED_AREA_COUNT_BELOW_FULL_LOOKAHEAD""]","{""boundary_zero_service_rate"": null, ""covered_areas"": 31, ""late_horizon_zero_service_rate"": 0.5714285714285714, ""minimum_coverage_met"": false, ""non_boundary_zero_service_rate"": 0.38, ""service_rounds"": 39, ""underserved_points_covered"": 0}",,,,,,0.01,SYNTHETIC_GENERATOR_AND_SYNTHETIC_ROAD_EDGES
remote_areas-50-5-seed20311055,REMOTE_AREAS,S3_ROLLING_HORIZON_7_21,50,5,,"{""commit_window_days"": 7, ""lookahead_days"": 21, ""planning_window_days"": 28}",3,20311055,a7ecd826d9dea6e8593dacc1925df106a17e868055c94c5899ec34775e04ce4e,9710.47,51.71,17318.22,0.0,0.0,21.98,15700.15,10840,16699,1032,0,TIME_LIMIT,False,BASELINE_FALLBACK,True,ROLLING_QUALITY_BELOW_FULL_LOOKAHEAD,35,35,15,0,0,0,False,52301,1467481,14547481,,True,,,2508,561,1947,2364,144,0,False,0,"[{""committed_round_count"": 3, ""fallback_used"": false, ""heuristic_candidate_pruning_used"": false, ""pruned_hard_compatible_pair_count"": 0, ""solver_status"": ""TIME_LIMIT"", ""strategy_used"": ""BASELINE_DECOMPOSED""}, {""committed_round_count"": 11, ""fallback_used"": false, ""heuristic_candidate_pruning_used"": false, ""pruned_hard_compatible_pair_count"": 0, ""solver_status"": ""TIME_LIMIT"", ""strategy_used"": ""BASELINE_DECOMPOSED""}, {""committed_round_count"": 10, ""fallback_used"": false, ""heuristic_candidate_pruning_used"": false, ""pruned_hard_compatible_pair_count"": 0, ""solver_status"": ""TIME_LIMIT"", ""strategy_used"": ""BASELINE_DECOMPOSED""}, {""committed_round_count"": 15, ""fallback_used"": false, ""heuristic_candidate_pruning_used"": false, ""pruned_hard_compatible_pair_count"": 0, ""solver_status"": ""TIME_LIMIT"", ""strategy_used"": ""BASELINE_DECOMPOSED""}]","[""COVERED_AREA_COUNT_BELOW_FULL_LOOKAHEAD""]","{""boundary_zero_service_rate"": null, ""covered_areas"": 31, ""late_horizon_zero_service_rate"": 0.5714285714285714, ""minimum_coverage_met"": false, ""non_boundary_zero_service_rate"": 0.38, ""service_rounds"": 39, ""underserved_points_covered"": 0}",,,,,,0.01,SYNTHETIC_GENERATOR_AND_SYNTHETIC_ROAD_EDGES
remote_areas-50-5-seed20311055,REMOTE_AREAS,S4_GEOGRAPHIC_ROLLING_7_21,50,5,4,"{""commit_window_days"": 7, ""lookahead_days"": 21, ""planning_window_days"": 28}",1,20311055,a7ecd826d9dea6e8593dacc1925df106a17e868055c94c5899ec34775e04ce4e,5477.61,97.09,17562.11,13058.27,0.0,27.43,23893.41,17953,27234,1032,0,TIME_LIMIT,False,GEOGRAPHIC_ROLLING,True,GEOGRAPHIC_WINDOW_BASELINE_FALLBACK,37,34,16,0,0,0,False,49251,1382167,14562167,,True,,,3904,577,3327,3746,158,0,False,0,"[{""committed_round_count"": 8, ""fallback_used"": false, ""heuristic_candidate_pruning_used"": false, ""pruned_hard_compatible_pair_count"": 0, ""solver_status"": ""TIME_LIMIT"", ""strategy_used"": ""GEOGRAPHIC_CLUSTER""}, {""committed_round_count"": 5, ""fallback_used"": false, ""heuristic_candidate_pruning_used"": false, ""pruned_hard_compatible_pair_count"": 0, ""solver_status"": ""TIME_LIMIT"", ""strategy_used"": ""GEOGRAPHIC_CLUSTER""}, {""committed_round_count"": 6, ""fallback_used"": false, ""heuristic_candidate_pruning_used"": false, ""pruned_hard_compatible_pair_count"": 0, ""solver_status"": ""TIME_LIMIT"", ""strategy_used"": ""GEOGRAPHIC_CLUSTER""}, {""committed_round_count"": 18, ""fallback_used"": true, ""heuristic_candidate_pruning_used"": false, ""pruned_hard_compatible_pair_count"": 0, ""solver_status"": ""OPTIMAL"", ""strategy_used"": ""BASELINE_FALLBACK""}]",[],,0.0,0.37209302325581395,0.47058823529411764,0.0,0.37209302325581395,0.02,SYNTHETIC_GENERATOR_AND_SYNTHETIC_ROAD_EDGES
remote_areas-50-5-seed20311055,REMOTE_AREAS,S4_GEOGRAPHIC_ROLLING_7_21,50,5,4,"{""commit_window_days"": 7, ""lookahead_days"": 21, ""planning_window_days"": 28}",2,20311055,a7ecd826d9dea6e8593dacc1925df106a17e868055c94c5899ec34775e04ce4e,5296.26,91.83,17476.5,12916.2,0.0,24.45,23700.63,17953,27234,1032,0,TIME_LIMIT,False,GEOGRAPHIC_ROLLING,True,GEOGRAPHIC_WINDOW_BASELINE_FALLBACK,37,34,16,0,0,0,False,49251,1382167,14562167,,True,,,3904,577,3327,3746,158,0,False,0,"[{""committed_round_count"": 8, ""fallback_used"": false, ""heuristic_candidate_pruning_used"": false, ""pruned_hard_compatible_pair_count"": 0, ""solver_status"": ""TIME_LIMIT"", ""strategy_used"": ""GEOGRAPHIC_CLUSTER""}, {""committed_round_count"": 5, ""fallback_used"": false, ""heuristic_candidate_pruning_used"": false, ""pruned_hard_compatible_pair_count"": 0, ""solver_status"": ""TIME_LIMIT"", ""strategy_used"": ""GEOGRAPHIC_CLUSTER""}, {""committed_round_count"": 6, ""fallback_used"": false, ""heuristic_candidate_pruning_used"": false, ""pruned_hard_compatible_pair_count"": 0, ""solver_status"": ""TIME_LIMIT"", ""strategy_used"": ""GEOGRAPHIC_CLUSTER""}, {""committed_round_count"": 18, ""fallback_used"": true, ""heuristic_candidate_pruning_used"": false, ""pruned_hard_compatible_pair_count"": 0, ""solver_status"": ""OPTIMAL"", ""strategy_used"": ""BASELINE_FALLBACK""}]",[],,0.0,0.37209302325581395,0.47058823529411764,0.0,0.37209302325581395,0.01,SYNTHETIC_GENERATOR_AND_SYNTHETIC_ROAD_EDGES
remote_areas-50-5-seed20311055,REMOTE_AREAS,S4_GEOGRAPHIC_ROLLING_7_21,50,5,4,"{""commit_window_days"": 7, ""lookahead_days"": 21, ""planning_window_days"": 28}",3,20311055,a7ecd826d9dea6e8593dacc1925df106a17e868055c94c5899ec34775e04ce4e,5292.03,93.44,17493.51,12928.0,0.0,24.31,23719.7,17953,27234,1032,0,TIME_LIMIT,False,GEOGRAPHIC_ROLLING,True,GEOGRAPHIC_WINDOW_BASELINE_FALLBACK,37,34,16,0,0,0,False,49251,1382167,14562167,,True,,,3904,577,3327,3746,158,0,False,0,"[{""committed_round_count"": 8, ""fallback_used"": false, ""heuristic_candidate_pruning_used"": false, ""pruned_hard_compatible_pair_count"": 0, ""solver_status"": ""TIME_LIMIT"", ""strategy_used"": ""GEOGRAPHIC_CLUSTER""}, {""committed_round_count"": 5, ""fallback_used"": false, ""heuristic_candidate_pruning_used"": false, ""pruned_hard_compatible_pair_count"": 0, ""solver_status"": ""TIME_LIMIT"", ""strategy_used"": ""GEOGRAPHIC_CLUSTER""}, {""committed_round_count"": 6, ""fallback_used"": false, ""heuristic_candidate_pruning_used"": false, ""pruned_hard_compatible_pair_count"": 0, ""solver_status"": ""TIME_LIMIT"", ""strategy_used"": ""GEOGRAPHIC_CLUSTER""}, {""committed_round_count"": 18, ""fallback_used"": true, ""heuristic_candidate_pruning_used"": false, ""pruned_hard_compatible_pair_count"": 0, ""solver_status"": ""OPTIMAL"", ""strategy_used"": ""BASELINE_FALLBACK""}]",[],,0.0,0.37209302325581395,0.47058823529411764,0.0,0.37209302325581395,0.02,SYNTHETIC_GENERATOR_AND_SYNTHETIC_ROAD_EDGES
many_low_data-50-5-seed20311056,MANY_LOW_DATA,S0_MONOLITHIC,50,5,,FULL_MONTH,1,20311056,707d0eaca0be9302560128d2d0d767a0a88cd338844432df248d70ff2f79d2ab,938.84,17.79,2536.7,0.0,3.36,0.0,3499.81,62495,74880,1464,50200,TIME_LIMIT,False,BASELINE_MONOLITHIC,False,,0,0,50,,,,False,0,0,0,,True,,,50534,2784,47750,50534,0,0,False,0,[],[],,,,,,,0.0,SYNTHETIC_GENERATOR_AND_SYNTHETIC_ROAD_EDGES
many_low_data-50-5-seed20311056,MANY_LOW_DATA,S0_MONOLITHIC,50,5,,FULL_MONTH,2,20311056,707d0eaca0be9302560128d2d0d767a0a88cd338844432df248d70ff2f79d2ab,921.58,36.82,2521.72,0.0,0.0,0.0,3468.46,62495,74880,1464,50200,TIME_LIMIT,False,BASELINE_MONOLITHIC,False,,0,0,50,,,,False,0,0,0,,True,,,50534,2784,47750,50534,0,0,False,0,[],[],,,,,,,0.0,SYNTHETIC_GENERATOR_AND_SYNTHETIC_ROAD_EDGES
many_low_data-50-5-seed20311056,MANY_LOW_DATA,S0_MONOLITHIC,50,5,,FULL_MONTH,3,20311056,707d0eaca0be9302560128d2d0d767a0a88cd338844432df248d70ff2f79d2ab,918.72,18.46,2519.3,0.0,5.94,0.0,3465.75,62495,74880,1464,50200,TIME_LIMIT,False,BASELINE_MONOLITHIC,False,,0,0,50,,,,False,0,0,0,,True,,,50534,2784,47750,50534,0,0,False,0,[],[],,,,,,,0.0,SYNTHETIC_GENERATOR_AND_SYNTHETIC_ROAD_EDGES
many_low_data-50-5-seed20311056,MANY_LOW_DATA,S1_V5_BASELINE,50,5,,FULL_MONTH,1,20311056,707d0eaca0be9302560128d2d0d767a0a88cd338844432df248d70ff2f79d2ab,2162.96,17.78,4850.64,0.0,0.0,7.39,4913.95,4253,6476,1464,0,TIME_LIMIT,False,BASELINE_DECOMPOSED,False,,46,46,4,0,0,0,False,67479,1893972,14363972,,True,,,732,509,223,688,44,0,False,0,[],[],,,,,,,640.37,SYNTHETIC_GENERATOR_AND_SYNTHETIC_ROAD_EDGES
many_low_data-50-5-seed20311056,MANY_LOW_DATA,S1_V5_BASELINE,50,5,,FULL_MONTH,2,20311056,707d0eaca0be9302560128d2d0d767a0a88cd338844432df248d70ff2f79d2ab,2032.0,18.57,4729.94,0.0,0.0,6.49,4793.29,4253,6476,1464,0,TIME_LIMIT,False,BASELINE_DECOMPOSED,False,,46,46,4,0,0,0,False,67479,1893972,14363972,,True,,,732,509,223,688,44,0,False,0,[],[],,,,,,,640.28,SYNTHETIC_GENERATOR_AND_SYNTHETIC_ROAD_EDGES
many_low_data-50-5-seed20311056,MANY_LOW_DATA,S1_V5_BASELINE,50,5,,FULL_MONTH,3,20311056,707d0eaca0be9302560128d2d0d767a0a88cd338844432df248d70ff2f79d2ab,2063.35,18.05,4767.89,0.0,0.0,6.68,4830.57,4253,6476,1464,0,TIME_LIMIT,False,BASELINE_DECOMPOSED,False,,46,46,4,0,0,0,False,67479,1893972,14363972,,True,,,732,509,223,688,44,0,False,0,[],[],,,,,,,639.3,SYNTHETIC_GENERATOR_AND_SYNTHETIC_ROAD_EDGES
many_low_data-50-5-seed20311056,MANY_LOW_DATA,S2_GEOGRAPHIC_CLUSTER,50,5,4,FULL_MONTH,1,20311056,707d0eaca0be9302560128d2d0d767a0a88cd338844432df248d70ff2f79d2ab,82.58,36.84,6248.18,3873.85,0.0,3.42,7080.63,8294,12567,1464,0,TIME_LIMIT,False,GEOGRAPHIC_CLUSTER,False,,31,31,19,0,0,0,False,52782,1481464,14246464,,True,,"{""budget"": true, ""minimum_coverage_reported_truthfully"": true, ""provider_capacity"": true, ""provider_monthly_compensation"": true, ""route_feasibility"": true, ""schedule_overlap_and_daily_hours"": true, ""service_compatibility"": true}",873,391,482,854,19,0,False,0,[],[],,,,,0.125,0.42857142857142855,636.67,SYNTHETIC_GENERATOR_AND_SYNTHETIC_ROAD_EDGES
many_low_data-50-5-seed20311056,MANY_LOW_DATA,S2_GEOGRAPHIC_CLUSTER,50,5,4,FULL_MONTH,2,20311056,707d0eaca0be9302560128d2d0d767a0a88cd338844432df248d70ff2f79d2ab,83.36,36.65,6436.88,3923.44,0.0,4.39,7245.62,8294,12567,1464,0,TIME_LIMIT,False,GEOGRAPHIC_CLUSTER,False,,31,31,19,0,0,0,False,52782,1481464,14246464,,True,,"{""budget"": true, ""minimum_coverage_reported_truthfully"": true, ""provider_capacity"": true, ""provider_monthly_compensation"": true, ""route_feasibility"": true, ""schedule_overlap_and_daily_hours"": true, ""service_compatibility"": true}",873,391,482,854,19,0,False,0,[],[],,,,,0.125,0.42857142857142855,682.32,SYNTHETIC_GENERATOR_AND_SYNTHETIC_ROAD_EDGES
many_low_data-50-5-seed20311056,MANY_LOW_DATA,S2_GEOGRAPHIC_CLUSTER,50,5,4,FULL_MONTH,3,20311056,707d0eaca0be9302560128d2d0d767a0a88cd338844432df248d70ff2f79d2ab,82.6,36.58,6274.62,3905.35,0.0,3.84,7125.53,8294,12567,1464,0,TIME_LIMIT,False,GEOGRAPHIC_CLUSTER,False,,31,31,19,0,0,0,False,52782,1481464,14246464,,True,,"{""budget"": true, ""minimum_coverage_reported_truthfully"": true, ""provider_capacity"": true, ""provider_monthly_compensation"": true, ""route_feasibility"": true, ""schedule_overlap_and_daily_hours"": true, ""service_compatibility"": true}",873,391,482,854,19,0,False,0,[],[],,,,,0.125,0.42857142857142855,649.02,SYNTHETIC_GENERATOR_AND_SYNTHETIC_ROAD_EDGES
many_low_data-50-5-seed20311056,MANY_LOW_DATA,S3_ROLLING_HORIZON_7_21,50,5,,"{""commit_window_days"": 7, ""lookahead_days"": 21, ""planning_window_days"": 28}",1,20311056,707d0eaca0be9302560128d2d0d767a0a88cd338844432df248d70ff2f79d2ab,9772.49,67.61,16569.23,0.0,0.0,22.48,14677.13,13735,20683,1464,0,TIME_LIMIT,False,BASELINE_FALLBACK,True,ROLLING_QUALITY_BELOW_FULL_LOOKAHEAD,46,46,4,0,0,0,False,67479,1893972,14363972,,True,,,2594,576,2018,2448,146,0,False,0,"[{""committed_round_count"": 29, ""fallback_used"": false, ""heuristic_candidate_pruning_used"": false, ""pruned_hard_compatible_pair_count"": 0, ""solver_status"": ""TIME_LIMIT"", ""strategy_used"": ""BASELINE_DECOMPOSED""}, {""committed_round_count"": 2, ""fallback_used"": false, ""heuristic_candidate_pruning_used"": false, ""pruned_hard_compatible_pair_count"": 0, ""solver_status"": ""TIME_LIMIT"", ""strategy_used"": ""BASELINE_DECOMPOSED""}, {""committed_round_count"": 5, ""fallback_used"": false, ""heuristic_candidate_pruning_used"": false, ""pruned_hard_compatible_pair_count"": 0, ""solver_status"": ""FEASIBLE"", ""strategy_used"": ""BASELINE_DECOMPOSED""}, {""committed_round_count"": 13, ""fallback_used"": false, ""heuristic_candidate_pruning_used"": false, ""pruned_hard_compatible_pair_count"": 0, ""solver_status"": ""FEASIBLE"", ""strategy_used"": ""BASELINE_DECOMPOSED""}]","[""COVERED_AREA_COUNT_BELOW_FULL_LOOKAHEAD""]","{""boundary_zero_service_rate"": null, ""covered_areas"": 40, ""late_horizon_zero_service_rate"": 0.6486486486486487, ""minimum_coverage_met"": false, ""non_boundary_zero_service_rate"": 0.2, ""service_rounds"": 49, ""underserved_points_covered"": 0}",,,,,,0.01,SYNTHETIC_GENERATOR_AND_SYNTHETIC_ROAD_EDGES
many_low_data-50-5-seed20311056,MANY_LOW_DATA,S3_ROLLING_HORIZON_7_21,50,5,,"{""commit_window_days"": 7, ""lookahead_days"": 21, ""planning_window_days"": 28}",2,20311056,707d0eaca0be9302560128d2d0d767a0a88cd338844432df248d70ff2f79d2ab,9813.54,66.2,16553.7,0.0,0.0,22.05,14671.89,13735,20683,1464,0,TIME_LIMIT,False,BASELINE_FALLBACK,True,ROLLING_QUALITY_BELOW_FULL_LOOKAHEAD,46,46,4,0,0,0,False,67479,1893972,14363972,,True,,,2594,576,2018,2448,146,0,False,0,"[{""committed_round_count"": 29, ""fallback_used"": false, ""heuristic_candidate_pruning_used"": false, ""pruned_hard_compatible_pair_count"": 0, ""solver_status"": ""TIME_LIMIT"", ""strategy_used"": ""BASELINE_DECOMPOSED""}, {""committed_round_count"": 2, ""fallback_used"": false, ""heuristic_candidate_pruning_used"": false, ""pruned_hard_compatible_pair_count"": 0, ""solver_status"": ""TIME_LIMIT"", ""strategy_used"": ""BASELINE_DECOMPOSED""}, {""committed_round_count"": 5, ""fallback_used"": false, ""heuristic_candidate_pruning_used"": false, ""pruned_hard_compatible_pair_count"": 0, ""solver_status"": ""FEASIBLE"", ""strategy_used"": ""BASELINE_DECOMPOSED""}, {""committed_round_count"": 13, ""fallback_used"": false, ""heuristic_candidate_pruning_used"": false, ""pruned_hard_compatible_pair_count"": 0, ""solver_status"": ""FEASIBLE"", ""strategy_used"": ""BASELINE_DECOMPOSED""}]","[""COVERED_AREA_COUNT_BELOW_FULL_LOOKAHEAD""]","{""boundary_zero_service_rate"": null, ""covered_areas"": 40, ""late_horizon_zero_service_rate"": 0.6486486486486487, ""minimum_coverage_met"": false, ""non_boundary_zero_service_rate"": 0.2, ""service_rounds"": 49, ""underserved_points_covered"": 0}",,,,,,0.01,SYNTHETIC_GENERATOR_AND_SYNTHETIC_ROAD_EDGES
many_low_data-50-5-seed20311056,MANY_LOW_DATA,S3_ROLLING_HORIZON_7_21,50,5,,"{""commit_window_days"": 7, ""lookahead_days"": 21, ""planning_window_days"": 28}",3,20311056,707d0eaca0be9302560128d2d0d767a0a88cd338844432df248d70ff2f79d2ab,9784.02,77.47,16552.11,0.0,0.0,24.34,14671.61,13735,20683,1464,0,TIME_LIMIT,False,BASELINE_FALLBACK,True,ROLLING_QUALITY_BELOW_FULL_LOOKAHEAD,46,46,4,0,0,0,False,67479,1893972,14363972,,True,,,2594,576,2018,2448,146,0,False,0,"[{""committed_round_count"": 29, ""fallback_used"": false, ""heuristic_candidate_pruning_used"": false, ""pruned_hard_compatible_pair_count"": 0, ""solver_status"": ""TIME_LIMIT"", ""strategy_used"": ""BASELINE_DECOMPOSED""}, {""committed_round_count"": 2, ""fallback_used"": false, ""heuristic_candidate_pruning_used"": false, ""pruned_hard_compatible_pair_count"": 0, ""solver_status"": ""TIME_LIMIT"", ""strategy_used"": ""BASELINE_DECOMPOSED""}, {""committed_round_count"": 5, ""fallback_used"": false, ""heuristic_candidate_pruning_used"": false, ""pruned_hard_compatible_pair_count"": 0, ""solver_status"": ""FEASIBLE"", ""strategy_used"": ""BASELINE_DECOMPOSED""}, {""committed_round_count"": 13, ""fallback_used"": false, ""heuristic_candidate_pruning_used"": false, ""pruned_hard_compatible_pair_count"": 0, ""solver_status"": ""FEASIBLE"", ""strategy_used"": ""BASELINE_DECOMPOSED""}]","[""COVERED_AREA_COUNT_BELOW_FULL_LOOKAHEAD""]","{""boundary_zero_service_rate"": null, ""covered_areas"": 40, ""late_horizon_zero_service_rate"": 0.6486486486486487, ""minimum_coverage_met"": false, ""non_boundary_zero_service_rate"": 0.2, ""service_rounds"": 49, ""underserved_points_covered"": 0}",,,,,,0.02,SYNTHETIC_GENERATOR_AND_SYNTHETIC_ROAD_EDGES
many_low_data-50-5-seed20311056,MANY_LOW_DATA,S4_GEOGRAPHIC_ROLLING_7_21,50,5,4,"{""commit_window_days"": 7, ""lookahead_days"": 21, ""planning_window_days"": 28}",1,20311056,707d0eaca0be9302560128d2d0d767a0a88cd338844432df248d70ff2f79d2ab,13783.1,139.53,17784.3,19419.31,0.0,28.81,31812.44,26832,39738,1464,0,TIME_LIMIT,False,GEOGRAPHIC_ROLLING,True,GEOGRAPHIC_WINDOW_BASELINE_FALLBACK,45,38,12,0,0,0,False,64000,1796323,14856323,,True,,,4767,699,4068,4604,163,0,False,0,"[{""committed_round_count"": 12, ""fallback_used"": false, ""heuristic_candidate_pruning_used"": false, ""pruned_hard_compatible_pair_count"": 0, ""solver_status"": ""TIME_LIMIT"", ""strategy_used"": ""GEOGRAPHIC_CLUSTER""}, {""committed_round_count"": 21, ""fallback_used"": true, ""heuristic_candidate_pruning_used"": false, ""pruned_hard_compatible_pair_count"": 0, ""solver_status"": ""TIME_LIMIT"", ""strategy_used"": ""BASELINE_FALLBACK""}, {""committed_round_count"": 4, ""fallback_used"": true, ""heuristic_candidate_pruning_used"": false, ""pruned_hard_compatible_pair_count"": 0, ""solver_status"": ""FEASIBLE"", ""strategy_used"": ""BASELINE_FALLBACK""}, {""committed_round_count"": 8, ""fallback_used"": true, ""heuristic_candidate_pruning_used"": false, ""pruned_hard_compatible_pair_count"": 0, ""solver_status"": ""FEASIBLE"", ""strategy_used"": ""BASELINE_FALLBACK""}]",[],,0.25,0.23809523809523808,0.7647058823529411,0.25,0.23809523809523808,0.02,SYNTHETIC_GENERATOR_AND_SYNTHETIC_ROAD_EDGES
many_low_data-50-5-seed20311056,MANY_LOW_DATA,S4_GEOGRAPHIC_ROLLING_7_21,50,5,4,"{""commit_window_days"": 7, ""lookahead_days"": 21, ""planning_window_days"": 28}",2,20311056,707d0eaca0be9302560128d2d0d767a0a88cd338844432df248d70ff2f79d2ab,13493.96,139.6,17865.67,19239.7,0.0,28.44,31688.1,26832,39738,1464,0,TIME_LIMIT,False,GEOGRAPHIC_ROLLING,True,GEOGRAPHIC_WINDOW_BASELINE_FALLBACK,45,38,12,0,0,0,False,64000,1796323,14856323,,True,,,4767,699,4068,4604,163,0,False,0,"[{""committed_round_count"": 12, ""fallback_used"": false, ""heuristic_candidate_pruning_used"": false, ""pruned_hard_compatible_pair_count"": 0, ""solver_status"": ""TIME_LIMIT"", ""strategy_used"": ""GEOGRAPHIC_CLUSTER""}, {""committed_round_count"": 21, ""fallback_used"": true, ""heuristic_candidate_pruning_used"": false, ""pruned_hard_compatible_pair_count"": 0, ""solver_status"": ""TIME_LIMIT"", ""strategy_used"": ""BASELINE_FALLBACK""}, {""committed_round_count"": 4, ""fallback_used"": true, ""heuristic_candidate_pruning_used"": false, ""pruned_hard_compatible_pair_count"": 0, ""solver_status"": ""FEASIBLE"", ""strategy_used"": ""BASELINE_FALLBACK""}, {""committed_round_count"": 8, ""fallback_used"": true, ""heuristic_candidate_pruning_used"": false, ""pruned_hard_compatible_pair_count"": 0, ""solver_status"": ""FEASIBLE"", ""strategy_used"": ""BASELINE_FALLBACK""}]",[],,0.25,0.23809523809523808,0.7647058823529411,0.25,0.23809523809523808,0.02,SYNTHETIC_GENERATOR_AND_SYNTHETIC_ROAD_EDGES
many_low_data-50-5-seed20311056,MANY_LOW_DATA,S4_GEOGRAPHIC_ROLLING_7_21,50,5,4,"{""commit_window_days"": 7, ""lookahead_days"": 21, ""planning_window_days"": 28}",3,20311056,707d0eaca0be9302560128d2d0d767a0a88cd338844432df248d70ff2f79d2ab,13537.64,138.32,17777.56,19280.98,0.0,27.69,31675.29,26832,39738,1464,0,TIME_LIMIT,False,GEOGRAPHIC_ROLLING,True,GEOGRAPHIC_WINDOW_BASELINE_FALLBACK,45,38,12,0,0,0,False,64000,1796323,14856323,,True,,,4767,699,4068,4604,163,0,False,0,"[{""committed_round_count"": 12, ""fallback_used"": false, ""heuristic_candidate_pruning_used"": false, ""pruned_hard_compatible_pair_count"": 0, ""solver_status"": ""TIME_LIMIT"", ""strategy_used"": ""GEOGRAPHIC_CLUSTER""}, {""committed_round_count"": 21, ""fallback_used"": true, ""heuristic_candidate_pruning_used"": false, ""pruned_hard_compatible_pair_count"": 0, ""solver_status"": ""TIME_LIMIT"", ""strategy_used"": ""BASELINE_FALLBACK""}, {""committed_round_count"": 4, ""fallback_used"": true, ""heuristic_candidate_pruning_used"": false, ""pruned_hard_compatible_pair_count"": 0, ""solver_status"": ""FEASIBLE"", ""strategy_used"": ""BASELINE_FALLBACK""}, {""committed_round_count"": 8, ""fallback_used"": true, ""heuristic_candidate_pruning_used"": false, ""pruned_hard_compatible_pair_count"": 0, ""solver_status"": ""FEASIBLE"", ""strategy_used"": ""BASELINE_FALLBACK""}]",[],,0.25,0.23809523809523808,0.7647058823529411,0.25,0.23809523809523808,0.02,SYNTHETIC_GENERATOR_AND_SYNTHETIC_ROAD_EDGES
home_repair_mixed-50-5-seed20311057,HOME_REPAIR_MIXED,S0_MONOLITHIC,50,5,,FULL_MONTH,1,20311057,222049ffcfeedbff50205c231f1a6687ec12ccc8cadec5d8f420423d027b9341,865.72,17.12,2485.16,0.0,3.23,0.0,3374.41,58751,69792,1296,47800,TIME_LIMIT,False,BASELINE_MONOLITHIC,False,,0,0,50,,,,False,0,0,0,,True,,,48114,2764,45350,48114,0,0,False,0,[],[],,,,,,,0.0,SYNTHETIC_GENERATOR_AND_SYNTHETIC_ROAD_EDGES
home_repair_mixed-50-5-seed20311057,HOME_REPAIR_MIXED,S0_MONOLITHIC,50,5,,FULL_MONTH,2,20311057,222049ffcfeedbff50205c231f1a6687ec12ccc8cadec5d8f420423d027b9341,862.13,17.43,2417.84,0.0,3.95,0.0,3304.48,58751,69792,1296,47800,UNKNOWN,False,BASELINE_MONOLITHIC,False,,0,0,50,,,,False,0,0,0,,True,,,48114,2764,45350,48114,0,0,False,0,[],[],,,,,,,0.0,SYNTHETIC_GENERATOR_AND_SYNTHETIC_ROAD_EDGES
home_repair_mixed-50-5-seed20311057,HOME_REPAIR_MIXED,S0_MONOLITHIC,50,5,,FULL_MONTH,3,20311057,222049ffcfeedbff50205c231f1a6687ec12ccc8cadec5d8f420423d027b9341,899.86,16.74,2405.43,0.0,4.09,0.0,3329.38,58751,69792,1296,47800,UNKNOWN,False,BASELINE_MONOLITHIC,False,,0,0,50,,,,False,0,0,0,,True,,,48114,2764,45350,48114,0,0,False,0,[],[],,,,,,,0.0,SYNTHETIC_GENERATOR_AND_SYNTHETIC_ROAD_EDGES
home_repair_mixed-50-5-seed20311057,HOME_REPAIR_MIXED,S1_V5_BASELINE,50,5,,FULL_MONTH,1,20311057,222049ffcfeedbff50205c231f1a6687ec12ccc8cadec5d8f420423d027b9341,2029.33,16.65,4860.58,0.0,0.0,5.6,4917.89,3925,6030,1296,0,TIME_LIMIT,False,BASELINE_DECOMPOSED,False,,43,43,7,0,0,0,False,57118,1603172,14463172,,True,,,663,481,182,626,37,0,False,0,[],[],,,,,,,703.0,SYNTHETIC_GENERATOR_AND_SYNTHETIC_ROAD_EDGES
home_repair_mixed-50-5-seed20311057,HOME_REPAIR_MIXED,S1_V5_BASELINE,50,5,,FULL_MONTH,2,20311057,222049ffcfeedbff50205c231f1a6687ec12ccc8cadec5d8f420423d027b9341,2079.53,16.81,4752.48,0.0,0.0,5.38,4809.79,3925,6030,1296,0,TIME_LIMIT,False,BASELINE_DECOMPOSED,False,,43,43,7,0,0,0,False,57118,1603172,14463172,,True,,,663,481,182,626,37,0,False,0,[],[],,,,,,,544.75,SYNTHETIC_GENERATOR_AND_SYNTHETIC_ROAD_EDGES
home_repair_mixed-50-5-seed20311057,HOME_REPAIR_MIXED,S1_V5_BASELINE,50,5,,FULL_MONTH,3,20311057,222049ffcfeedbff50205c231f1a6687ec12ccc8cadec5d8f420423d027b9341,2103.75,17.05,4773.99,0.0,0.0,6.92,4832.7,3925,6030,1296,0,TIME_LIMIT,False,BASELINE_DECOMPOSED,False,,43,43,7,0,0,0,False,57118,1603172,14463172,,True,,,663,481,182,626,37,0,False,0,[],[],,,,,,,550.74,SYNTHETIC_GENERATOR_AND_SYNTHETIC_ROAD_EDGES
home_repair_mixed-50-5-seed20311057,HOME_REPAIR_MIXED,S2_GEOGRAPHIC_CLUSTER,50,5,4,FULL_MONTH,1,20311057,222049ffcfeedbff50205c231f1a6687ec12ccc8cadec5d8f420423d027b9341,74.66,34.69,4096.84,3103.84,0.0,3.97,5248.76,7438,11391,1296,0,TIME_LIMIT,False,GEOGRAPHIC_CLUSTER,False,,30,30,20,0,0,0,False,51360,1441409,14546409,,True,,"{""budget"": true, ""minimum_coverage_reported_truthfully"": true, ""provider_capacity"": true, ""provider_monthly_compensation"": true, ""route_feasibility"": true, ""schedule_overlap_and_daily_hours"": true, ""service_compatibility"": true}",778,383,395,752,26,0,False,0,[],[],,,,,0.36363636363636365,0.41025641025641024,550.17,SYNTHETIC_GENERATOR_AND_SYNTHETIC_ROAD_EDGES
home_repair_mixed-50-5-seed20311057,HOME_REPAIR_MIXED,S2_GEOGRAPHIC_CLUSTER,50,5,4,FULL_MONTH,2,20311057,222049ffcfeedbff50205c231f1a6687ec12ccc8cadec5d8f420423d027b9341,74.52,34.05,4050.86,3119.36,0.0,3.92,5221.86,7438,11391,1296,0,TIME_LIMIT,False,GEOGRAPHIC_CLUSTER,False,,30,30,20,0,0,0,False,51360,1441409,14546409,,True,,"{""budget"": true, ""minimum_coverage_reported_truthfully"": true, ""provider_capacity"": true, ""provider_monthly_compensation"": true, ""route_feasibility"": true, ""schedule_overlap_and_daily_hours"": true, ""service_compatibility"": true}",778,383,395,752,26,0,False,0,[],[],,,,,0.36363636363636365,0.41025641025641024,558.38,SYNTHETIC_GENERATOR_AND_SYNTHETIC_ROAD_EDGES
home_repair_mixed-50-5-seed20311057,HOME_REPAIR_MIXED,S2_GEOGRAPHIC_CLUSTER,50,5,4,FULL_MONTH,3,20311057,222049ffcfeedbff50205c231f1a6687ec12ccc8cadec5d8f420423d027b9341,77.24,34.74,4008.56,3125.71,0.0,3.94,5207.8,7438,11391,1296,0,TIME_LIMIT,False,GEOGRAPHIC_CLUSTER,False,,30,30,20,0,0,0,False,51360,1441409,14546409,,True,,"{""budget"": true, ""minimum_coverage_reported_truthfully"": true, ""provider_capacity"": true, ""provider_monthly_compensation"": true, ""route_feasibility"": true, ""schedule_overlap_and_daily_hours"": true, ""service_compatibility"": true}",778,383,395,752,26,0,False,0,[],[],,,,,0.36363636363636365,0.41025641025641024,545.77,SYNTHETIC_GENERATOR_AND_SYNTHETIC_ROAD_EDGES
home_repair_mixed-50-5-seed20311057,HOME_REPAIR_MIXED,S3_ROLLING_HORIZON_7_21,50,5,,"{""commit_window_days"": 7, ""lookahead_days"": 21, ""planning_window_days"": 28}",1,20311057,222049ffcfeedbff50205c231f1a6687ec12ccc8cadec5d8f420423d027b9341,9637.7,61.66,15417.1,0.0,0.0,19.2,13447.94,12474,18996,1296,0,TIME_LIMIT,False,BASELINE_FALLBACK,True,ROLLING_QUALITY_BELOW_FULL_LOOKAHEAD,43,43,7,0,0,0,False,57118,1603172,14463172,,True,,,2343,554,1789,2226,117,0,False,0,"[{""committed_round_count"": 27, ""fallback_used"": false, ""heuristic_candidate_pruning_used"": false, ""pruned_hard_compatible_pair_count"": 0, ""solver_status"": ""TIME_LIMIT"", ""strategy_used"": ""BASELINE_DECOMPOSED""}, {""committed_round_count"": 3, ""fallback_used"": false, ""heuristic_candidate_pruning_used"": false, ""pruned_hard_compatible_pair_count"": 0, ""solver_status"": ""TIME_LIMIT"", ""strategy_used"": ""BASELINE_DECOMPOSED""}, {""committed_round_count"": 5, ""fallback_used"": false, ""heuristic_candidate_pruning_used"": false, ""pruned_hard_compatible_pair_count"": 0, ""solver_status"": ""FEASIBLE"", ""strategy_used"": ""BASELINE_DECOMPOSED""}, {""committed_round_count"": 10, ""fallback_used"": false, ""heuristic_candidate_pruning_used"": false, ""pruned_hard_compatible_pair_count"": 0, ""solver_status"": ""FEASIBLE"", ""strategy_used"": ""BASELINE_DECOMPOSED""}]","[""COVERED_AREA_COUNT_BELOW_FULL_LOOKAHEAD""]","{""boundary_zero_service_rate"": null, ""covered_areas"": 37, ""late_horizon_zero_service_rate"": 0.7435897435897436, ""minimum_coverage_met"": false, ""non_boundary_zero_service_rate"": 0.26, ""service_rounds"": 45, ""underserved_points_covered"": 0}",,,,,,0.01,SYNTHETIC_GENERATOR_AND_SYNTHETIC_ROAD_EDGES
home_repair_mixed-50-5-seed20311057,HOME_REPAIR_MIXED,S3_ROLLING_HORIZON_7_21,50,5,,"{""commit_window_days"": 7, ""lookahead_days"": 21, ""planning_window_days"": 28}",2,20311057,222049ffcfeedbff50205c231f1a6687ec12ccc8cadec5d8f420423d027b9341,9811.3,60.84,15514.93,0.0,0.0,19.2,13543.33,12474,18996,1296,0,TIME_LIMIT,False,BASELINE_FALLBACK,True,ROLLING_QUALITY_BELOW_FULL_LOOKAHEAD,43,43,7,0,0,0,False,57118,1603172,14463172,,True,,,2343,554,1789,2226,117,0,False,0,"[{""committed_round_count"": 27, ""fallback_used"": false, ""heuristic_candidate_pruning_used"": false, ""pruned_hard_compatible_pair_count"": 0, ""solver_status"": ""TIME_LIMIT"", ""strategy_used"": ""BASELINE_DECOMPOSED""}, {""committed_round_count"": 3, ""fallback_used"": false, ""heuristic_candidate_pruning_used"": false, ""pruned_hard_compatible_pair_count"": 0, ""solver_status"": ""TIME_LIMIT"", ""strategy_used"": ""BASELINE_DECOMPOSED""}, {""committed_round_count"": 5, ""fallback_used"": false, ""heuristic_candidate_pruning_used"": false, ""pruned_hard_compatible_pair_count"": 0, ""solver_status"": ""FEASIBLE"", ""strategy_used"": ""BASELINE_DECOMPOSED""}, {""committed_round_count"": 10, ""fallback_used"": false, ""heuristic_candidate_pruning_used"": false, ""pruned_hard_compatible_pair_count"": 0, ""solver_status"": ""FEASIBLE"", ""strategy_used"": ""BASELINE_DECOMPOSED""}]","[""COVERED_AREA_COUNT_BELOW_FULL_LOOKAHEAD""]","{""boundary_zero_service_rate"": null, ""covered_areas"": 37, ""late_horizon_zero_service_rate"": 0.7435897435897436, ""minimum_coverage_met"": false, ""non_boundary_zero_service_rate"": 0.26, ""service_rounds"": 45, ""underserved_points_covered"": 0}",,,,,,0.01,SYNTHETIC_GENERATOR_AND_SYNTHETIC_ROAD_EDGES
home_repair_mixed-50-5-seed20311057,HOME_REPAIR_MIXED,S3_ROLLING_HORIZON_7_21,50,5,,"{""commit_window_days"": 7, ""lookahead_days"": 21, ""planning_window_days"": 28}",3,20311057,222049ffcfeedbff50205c231f1a6687ec12ccc8cadec5d8f420423d027b9341,9745.14,61.04,15457.94,0.0,0.0,18.5,13491.66,12474,18996,1296,0,TIME_LIMIT,False,BASELINE_FALLBACK,True,ROLLING_QUALITY_BELOW_FULL_LOOKAHEAD,43,43,7,0,0,0,False,57118,1603172,14463172,,True,,,2343,554,1789,2226,117,0,False,0,"[{""committed_round_count"": 27, ""fallback_used"": false, ""heuristic_candidate_pruning_used"": false, ""pruned_hard_compatible_pair_count"": 0, ""solver_status"": ""TIME_LIMIT"", ""strategy_used"": ""BASELINE_DECOMPOSED""}, {""committed_round_count"": 3, ""fallback_used"": false, ""heuristic_candidate_pruning_used"": false, ""pruned_hard_compatible_pair_count"": 0, ""solver_status"": ""TIME_LIMIT"", ""strategy_used"": ""BASELINE_DECOMPOSED""}, {""committed_round_count"": 5, ""fallback_used"": false, ""heuristic_candidate_pruning_used"": false, ""pruned_hard_compatible_pair_count"": 0, ""solver_status"": ""FEASIBLE"", ""strategy_used"": ""BASELINE_DECOMPOSED""}, {""committed_round_count"": 10, ""fallback_used"": false, ""heuristic_candidate_pruning_used"": false, ""pruned_hard_compatible_pair_count"": 0, ""solver_status"": ""FEASIBLE"", ""strategy_used"": ""BASELINE_DECOMPOSED""}]","[""COVERED_AREA_COUNT_BELOW_FULL_LOOKAHEAD""]","{""boundary_zero_service_rate"": null, ""covered_areas"": 37, ""late_horizon_zero_service_rate"": 0.7435897435897436, ""minimum_coverage_met"": false, ""non_boundary_zero_service_rate"": 0.26, ""service_rounds"": 45, ""underserved_points_covered"": 0}",,,,,,0.01,SYNTHETIC_GENERATOR_AND_SYNTHETIC_ROAD_EDGES
home_repair_mixed-50-5-seed20311057,HOME_REPAIR_MIXED,S4_GEOGRAPHIC_ROLLING_7_21,50,5,4,"{""commit_window_days"": 7, ""lookahead_days"": 21, ""planning_window_days"": 28}",1,20311057,222049ffcfeedbff50205c231f1a6687ec12ccc8cadec5d8f420423d027b9341,9657.38,133.53,14262.79,16513.38,0.0,29.52,27285.73,25915,39118,1296,0,TIME_LIMIT,False,GEOGRAPHIC_ROLLING,True,GEOGRAPHIC_WINDOW_BASELINE_FALLBACK,46,37,13,0,0,0,False,55863,1568121,14783121,,True,,,4816,726,4090,4630,186,0,False,0,"[{""committed_round_count"": 3, ""fallback_used"": false, ""heuristic_candidate_pruning_used"": false, ""pruned_hard_compatible_pair_count"": 0, ""solver_status"": ""TIME_LIMIT"", ""strategy_used"": ""GEOGRAPHIC_CLUSTER""}, {""committed_round_count"": 25, ""fallback_used"": true, ""heuristic_candidate_pruning_used"": false, ""pruned_hard_compatible_pair_count"": 0, ""solver_status"": ""TIME_LIMIT"", ""strategy_used"": ""BASELINE_FALLBACK""}, {""committed_round_count"": 5, ""fallback_used"": true, ""heuristic_candidate_pruning_used"": false, ""pruned_hard_compatible_pair_count"": 0, ""solver_status"": ""OPTIMAL"", ""strategy_used"": ""BASELINE_FALLBACK""}, {""committed_round_count"": 13, ""fallback_used"": false, ""heuristic_candidate_pruning_used"": false, ""pruned_hard_compatible_pair_count"": 0, ""solver_status"": ""FEASIBLE"", ""strategy_used"": ""GEOGRAPHIC_CLUSTER""}]",[],,0.18181818181818182,0.28205128205128205,0.6666666666666666,0.18181818181818182,0.28205128205128205,0.02,SYNTHETIC_GENERATOR_AND_SYNTHETIC_ROAD_EDGES
home_repair_mixed-50-5-seed20311057,HOME_REPAIR_MIXED,S4_GEOGRAPHIC_ROLLING_7_21,50,5,4,"{""commit_window_days"": 7, ""lookahead_days"": 21, ""planning_window_days"": 28}",2,20311057,222049ffcfeedbff50205c231f1a6687ec12ccc8cadec5d8f420423d027b9341,9561.27,132.23,14217.49,16433.94,0.0,29.98,27180.09,25915,39118,1296,0,TIME_LIMIT,False,GEOGRAPHIC_ROLLING,True,GEOGRAPHIC_WINDOW_BASELINE_FALLBACK,46,37,13,0,0,0,False,55863,1568121,14783121,,True,,,4816,726,4090,4630,186,0,False,0,"[{""committed_round_count"": 3, ""fallback_used"": false, ""heuristic_candidate_pruning_used"": false, ""pruned_hard_compatible_pair_count"": 0, ""solver_status"": ""TIME_LIMIT"", ""strategy_used"": ""GEOGRAPHIC_CLUSTER""}, {""committed_round_count"": 25, ""fallback_used"": true, ""heuristic_candidate_pruning_used"": false, ""pruned_hard_compatible_pair_count"": 0, ""solver_status"": ""TIME_LIMIT"", ""strategy_used"": ""BASELINE_FALLBACK""}, {""committed_round_count"": 5, ""fallback_used"": true, ""heuristic_candidate_pruning_used"": false, ""pruned_hard_compatible_pair_count"": 0, ""solver_status"": ""OPTIMAL"", ""strategy_used"": ""BASELINE_FALLBACK""}, {""committed_round_count"": 13, ""fallback_used"": false, ""heuristic_candidate_pruning_used"": false, ""pruned_hard_compatible_pair_count"": 0, ""solver_status"": ""FEASIBLE"", ""strategy_used"": ""GEOGRAPHIC_CLUSTER""}]",[],,0.18181818181818182,0.28205128205128205,0.6666666666666666,0.18181818181818182,0.28205128205128205,0.02,SYNTHETIC_GENERATOR_AND_SYNTHETIC_ROAD_EDGES
home_repair_mixed-50-5-seed20311057,HOME_REPAIR_MIXED,S4_GEOGRAPHIC_ROLLING_7_21,50,5,4,"{""commit_window_days"": 7, ""lookahead_days"": 21, ""planning_window_days"": 28}",3,20311057,222049ffcfeedbff50205c231f1a6687ec12ccc8cadec5d8f420423d027b9341,9718.27,130.43,14270.24,16540.53,0.0,29.5,27335.94,25915,39118,1296,0,TIME_LIMIT,False,GEOGRAPHIC_ROLLING,True,GEOGRAPHIC_WINDOW_BASELINE_FALLBACK,46,37,13,0,0,0,False,55863,1568121,14783121,,True,,,4816,726,4090,4630,186,0,False,0,"[{""committed_round_count"": 3, ""fallback_used"": false, ""heuristic_candidate_pruning_used"": false, ""pruned_hard_compatible_pair_count"": 0, ""solver_status"": ""TIME_LIMIT"", ""strategy_used"": ""GEOGRAPHIC_CLUSTER""}, {""committed_round_count"": 25, ""fallback_used"": true, ""heuristic_candidate_pruning_used"": false, ""pruned_hard_compatible_pair_count"": 0, ""solver_status"": ""TIME_LIMIT"", ""strategy_used"": ""BASELINE_FALLBACK""}, {""committed_round_count"": 5, ""fallback_used"": true, ""heuristic_candidate_pruning_used"": false, ""pruned_hard_compatible_pair_count"": 0, ""solver_status"": ""OPTIMAL"", ""strategy_used"": ""BASELINE_FALLBACK""}, {""committed_round_count"": 13, ""fallback_used"": false, ""heuristic_candidate_pruning_used"": false, ""pruned_hard_compatible_pair_count"": 0, ""solver_status"": ""FEASIBLE"", ""strategy_used"": ""GEOGRAPHIC_CLUSTER""}]",[],,0.18181818181818182,0.28205128205128205,0.6666666666666666,0.18181818181818182,0.28205128205128205,0.02,SYNTHETIC_GENERATOR_AND_SYNTHETIC_ROAD_EDGES
mass_decline-50-5-seed20311058,MASS_DECLINE,S0_MONOLITHIC,50,5,,FULL_MONTH,1,20311058,b5a3319ce4fb544dfea9643a3b9da92861c099c782b4f3030d50850c6f118348,272.16,12.97,2521.63,0.0,0.0,0.0,2804.71,17894,21527,408,14280,TIME_LIMIT,False,BASELINE_MONOLITHIC,False,,0,0,50,,,,False,0,0,0,,True,,,14614,1456,13158,14614,0,0,False,0,[],[],,,,,,,0.0,SYNTHETIC_GENERATOR_AND_SYNTHETIC_ROAD_EDGES
mass_decline-50-5-seed20311058,MASS_DECLINE,S0_MONOLITHIC,50,5,,FULL_MONTH,2,20311058,b5a3319ce4fb544dfea9643a3b9da92861c099c782b4f3030d50850c6f118348,263.7,13.74,2522.18,0.0,0.0,0.0,2797.57,17894,21527,408,14280,TIME_LIMIT,False,BASELINE_MONOLITHIC,False,,0,0,50,,,,False,0,0,0,,True,,,14614,1456,13158,14614,0,0,False,0,[],[],,,,,,,0.0,SYNTHETIC_GENERATOR_AND_SYNTHETIC_ROAD_EDGES
mass_decline-50-5-seed20311058,MASS_DECLINE,S0_MONOLITHIC,50,5,,FULL_MONTH,3,20311058,b5a3319ce4fb544dfea9643a3b9da92861c099c782b4f3030d50850c6f118348,271.34,12.88,2521.49,0.0,0.0,0.0,2803.68,17894,21527,408,14280,TIME_LIMIT,False,BASELINE_MONOLITHIC,False,,0,0,50,,,,False,0,0,0,,True,,,14614,1456,13158,14614,0,0,False,0,[],[],,,,,,,0.0,SYNTHETIC_GENERATOR_AND_SYNTHETIC_ROAD_EDGES
mass_decline-50-5-seed20311058,MASS_DECLINE,S1_V5_BASELINE,50,5,,FULL_MONTH,1,20311058,b5a3319ce4fb544dfea9643a3b9da92861c099c782b4f3030d50850c6f118348,1929.96,40.71,3837.94,0.0,0.0,7.14,5757.91,2062,3123,408,0,TIME_LIMIT,False,BASELINE_DECOMPOSED,False,,19,19,31,0,0,0,False,32384,908843,12308843,,True,,,2153,614,1539,2116,37,0,False,0,[],[],,,,,,,1808.23,SYNTHETIC_GENERATOR_AND_SYNTHETIC_ROAD_EDGES
mass_decline-50-5-seed20311058,MASS_DECLINE,S1_V5_BASELINE,50,5,,FULL_MONTH,2,20311058,b5a3319ce4fb544dfea9643a3b9da92861c099c782b4f3030d50850c6f118348,1926.18,39.36,3826.25,0.0,0.0,6.01,5742.38,2062,3123,408,0,TIME_LIMIT,False,BASELINE_DECOMPOSED,False,,19,19,31,0,0,0,False,32384,908843,12308843,,True,,,2153,614,1539,2116,37,0,False,0,[],[],,,,,,,1806.8,SYNTHETIC_GENERATOR_AND_SYNTHETIC_ROAD_EDGES
mass_decline-50-5-seed20311058,MASS_DECLINE,S1_V5_BASELINE,50,5,,FULL_MONTH,3,20311058,b5a3319ce4fb544dfea9643a3b9da92861c099c782b4f3030d50850c6f118348,1926.61,40.38,3833.91,0.0,0.0,6.23,5768.65,2062,3123,408,0,TIME_LIMIT,False,BASELINE_DECOMPOSED,False,,19,19,31,0,0,0,False,32384,908843,12308843,,True,,,2153,614,1539,2116,37,0,False,0,[],[],,,,,,,1822.59,SYNTHETIC_GENERATOR_AND_SYNTHETIC_ROAD_EDGES
mass_decline-50-5-seed20311058,MASS_DECLINE,S2_GEOGRAPHIC_CLUSTER,50,5,3,FULL_MONTH,1,20311058,b5a3319ce4fb544dfea9643a3b9da92861c099c782b4f3030d50850c6f118348,58.86,54.32,5415.24,616.17,0.0,5.99,5181.93,4480,6734,408,0,TIME_LIMIT,False,GEOGRAPHIC_CLUSTER,False,,18,18,32,0,0,0,False,32303,906551,10926551,,True,,"{""budget"": true, ""minimum_coverage_reported_truthfully"": true, ""provider_capacity"": true, ""provider_monthly_compensation"": true, ""route_feasibility"": true, ""schedule_overlap_and_daily_hours"": true, ""service_compatibility"": true}",2396,582,1814,2358,38,0,False,0,[],[],,,,,0.5,0.675,1797.39,SYNTHETIC_GENERATOR_AND_SYNTHETIC_ROAD_EDGES
mass_decline-50-5-seed20311058,MASS_DECLINE,S2_GEOGRAPHIC_CLUSTER,50,5,3,FULL_MONTH,2,20311058,b5a3319ce4fb544dfea9643a3b9da92861c099c782b4f3030d50850c6f118348,62.26,53.5,5476.24,611.18,0.0,6.68,5221.8,4480,6734,408,0,TIME_LIMIT,False,GEOGRAPHIC_CLUSTER,False,,18,18,32,0,0,0,False,32303,906551,10926551,,True,,"{""budget"": true, ""minimum_coverage_reported_truthfully"": true, ""provider_capacity"": true, ""provider_monthly_compensation"": true, ""route_feasibility"": true, ""schedule_overlap_and_daily_hours"": true, ""service_compatibility"": true}",2396,582,1814,2358,38,0,False,0,[],[],,,,,0.5,0.675,1810.69,SYNTHETIC_GENERATOR_AND_SYNTHETIC_ROAD_EDGES
mass_decline-50-5-seed20311058,MASS_DECLINE,S2_GEOGRAPHIC_CLUSTER,50,5,3,FULL_MONTH,3,20311058,b5a3319ce4fb544dfea9643a3b9da92861c099c782b4f3030d50850c6f118348,58.18,54.1,5429.9,614.01,0.0,6.63,5195.94,4480,6734,408,0,TIME_LIMIT,False,GEOGRAPHIC_CLUSTER,False,,18,18,32,0,0,0,False,32303,906551,10926551,,True,,"{""budget"": true, ""minimum_coverage_reported_truthfully"": true, ""provider_capacity"": true, ""provider_monthly_compensation"": true, ""route_feasibility"": true, ""schedule_overlap_and_daily_hours"": true, ""service_compatibility"": true}",2396,582,1814,2358,38,0,False,0,[],[],,,,,0.5,0.675,1805.66,SYNTHETIC_GENERATOR_AND_SYNTHETIC_ROAD_EDGES
mass_decline-50-5-seed20311058,MASS_DECLINE,S3_ROLLING_HORIZON_7_21,50,5,,"{""commit_window_days"": 7, ""lookahead_days"": 21, ""planning_window_days"": 28}",1,20311058,b5a3319ce4fb544dfea9643a3b9da92861c099c782b4f3030d50850c6f118348,4761.28,48.03,9026.63,0.0,0.0,12.0,9354.78,7120,10704,408,0,TIME_LIMIT,False,ROLLING_HORIZON,False,,19,19,31,0,0,0,False,31518,884575,12284575,,True,,,2307,478,1829,2244,63,0,False,0,"[{""committed_round_count"": 8, ""fallback_used"": false, ""heuristic_candidate_pruning_used"": false, ""pruned_hard_compatible_pair_count"": 0, ""solver_status"": ""TIME_LIMIT"", ""strategy_used"": ""BASELINE_DECOMPOSED""}, {""committed_round_count"": 1, ""fallback_used"": false, ""heuristic_candidate_pruning_used"": false, ""pruned_hard_compatible_pair_count"": 0, ""solver_status"": ""FEASIBLE"", ""strategy_used"": ""BASELINE_DECOMPOSED""}, {""committed_round_count"": 2, ""fallback_used"": false, ""heuristic_candidate_pruning_used"": false, ""pruned_hard_compatible_pair_count"": 0, ""solver_status"": ""FEASIBLE"", ""strategy_used"": ""BASELINE_DECOMPOSED""}, {""committed_round_count"": 8, ""fallback_used"": false, ""heuristic_candidate_pruning_used"": false, ""pruned_hard_compatible_pair_count"": 0, ""solver_status"": ""FEASIBLE"", ""strategy_used"": ""BASELINE_DECOMPOSED""}]",[],,,0.62,0.7948717948717948,,0.62,0.01,SYNTHETIC_GENERATOR_AND_SYNTHETIC_ROAD_EDGES
mass_decline-50-5-seed20311058,MASS_DECLINE,S3_ROLLING_HORIZON_7_21,50,5,,"{""commit_window_days"": 7, ""lookahead_days"": 21, ""planning_window_days"": 28}",2,20311058,b5a3319ce4fb544dfea9643a3b9da92861c099c782b4f3030d50850c6f118348,4786.6,48.87,9063.41,0.0,0.0,11.07,9396.4,7120,10704,408,0,TIME_LIMIT,False,ROLLING_HORIZON,False,,19,19,31,0,0,0,False,31518,884575,12284575,,True,,,2307,478,1829,2244,63,0,False,0,"[{""committed_round_count"": 8, ""fallback_used"": false, ""heuristic_candidate_pruning_used"": false, ""pruned_hard_compatible_pair_count"": 0, ""solver_status"": ""TIME_LIMIT"", ""strategy_used"": ""BASELINE_DECOMPOSED""}, {""committed_round_count"": 1, ""fallback_used"": false, ""heuristic_candidate_pruning_used"": false, ""pruned_hard_compatible_pair_count"": 0, ""solver_status"": ""FEASIBLE"", ""strategy_used"": ""BASELINE_DECOMPOSED""}, {""committed_round_count"": 2, ""fallback_used"": false, ""heuristic_candidate_pruning_used"": false, ""pruned_hard_compatible_pair_count"": 0, ""solver_status"": ""FEASIBLE"", ""strategy_used"": ""BASELINE_DECOMPOSED""}, {""committed_round_count"": 8, ""fallback_used"": false, ""heuristic_candidate_pruning_used"": false, ""pruned_hard_compatible_pair_count"": 0, ""solver_status"": ""FEASIBLE"", ""strategy_used"": ""BASELINE_DECOMPOSED""}]",[],,,0.62,0.7948717948717948,,0.62,0.01,SYNTHETIC_GENERATOR_AND_SYNTHETIC_ROAD_EDGES
mass_decline-50-5-seed20311058,MASS_DECLINE,S3_ROLLING_HORIZON_7_21,50,5,,"{""commit_window_days"": 7, ""lookahead_days"": 21, ""planning_window_days"": 28}",3,20311058,b5a3319ce4fb544dfea9643a3b9da92861c099c782b4f3030d50850c6f118348,4743.2,47.66,9002.52,0.0,0.0,11.57,9332.08,7120,10704,408,0,TIME_LIMIT,False,ROLLING_HORIZON,False,,19,19,31,0,0,0,False,31518,884575,12284575,,True,,,2307,478,1829,2244,63,0,False,0,"[{""committed_round_count"": 8, ""fallback_used"": false, ""heuristic_candidate_pruning_used"": false, ""pruned_hard_compatible_pair_count"": 0, ""solver_status"": ""TIME_LIMIT"", ""strategy_used"": ""BASELINE_DECOMPOSED""}, {""committed_round_count"": 1, ""fallback_used"": false, ""heuristic_candidate_pruning_used"": false, ""pruned_hard_compatible_pair_count"": 0, ""solver_status"": ""FEASIBLE"", ""strategy_used"": ""BASELINE_DECOMPOSED""}, {""committed_round_count"": 2, ""fallback_used"": false, ""heuristic_candidate_pruning_used"": false, ""pruned_hard_compatible_pair_count"": 0, ""solver_status"": ""FEASIBLE"", ""strategy_used"": ""BASELINE_DECOMPOSED""}, {""committed_round_count"": 8, ""fallback_used"": false, ""heuristic_candidate_pruning_used"": false, ""pruned_hard_compatible_pair_count"": 0, ""solver_status"": ""FEASIBLE"", ""strategy_used"": ""BASELINE_DECOMPOSED""}]",[],,,0.62,0.7948717948717948,,0.62,0.01,SYNTHETIC_GENERATOR_AND_SYNTHETIC_ROAD_EDGES
mass_decline-50-5-seed20311058,MASS_DECLINE,S4_GEOGRAPHIC_ROLLING_7_21,50,5,5,"{""commit_window_days"": 7, ""lookahead_days"": 21, ""planning_window_days"": 28}",1,20311058,b5a3319ce4fb544dfea9643a3b9da92861c099c782b4f3030d50850c6f118348,5161.37,92.79,16919.58,5029.44,0.0,13.82,14796.46,14651,21807,408,0,TIME_LIMIT,False,GEOGRAPHIC_ROLLING,True,GEOGRAPHIC_WINDOW_BASELINE_FALLBACK,18,18,32,0,0,0,False,30676,860952,10940952,,True,,,4385,639,3746,4308,77,0,False,0,"[{""committed_round_count"": 2, ""fallback_used"": false, ""heuristic_candidate_pruning_used"": false, ""pruned_hard_compatible_pair_count"": 0, ""solver_status"": ""TIME_LIMIT"", ""strategy_used"": ""GEOGRAPHIC_CLUSTER""}, {""committed_round_count"": 5, ""fallback_used"": false, ""heuristic_candidate_pruning_used"": false, ""pruned_hard_compatible_pair_count"": 0, ""solver_status"": ""TIME_LIMIT"", ""strategy_used"": ""GEOGRAPHIC_CLUSTER""}, {""committed_round_count"": 4, ""fallback_used"": false, ""heuristic_candidate_pruning_used"": false, ""pruned_hard_compatible_pair_count"": 0, ""solver_status"": ""TIME_LIMIT"", ""strategy_used"": ""GEOGRAPHIC_CLUSTER""}, {""committed_round_count"": 7, ""fallback_used"": true, ""heuristic_candidate_pruning_used"": false, ""pruned_hard_compatible_pair_count"": 0, ""solver_status"": ""FEASIBLE"", ""strategy_used"": ""BASELINE_FALLBACK""}]",[],,0.4,0.7,0.825,0.4,0.7,0.01,SYNTHETIC_GENERATOR_AND_SYNTHETIC_ROAD_EDGES
mass_decline-50-5-seed20311058,MASS_DECLINE,S4_GEOGRAPHIC_ROLLING_7_21,50,5,5,"{""commit_window_days"": 7, ""lookahead_days"": 21, ""planning_window_days"": 28}",2,20311058,b5a3319ce4fb544dfea9643a3b9da92861c099c782b4f3030d50850c6f118348,5164.08,93.36,16874.81,5064.1,0.0,14.0,14789.91,14651,21807,408,0,TIME_LIMIT,False,GEOGRAPHIC_ROLLING,True,GEOGRAPHIC_WINDOW_BASELINE_FALLBACK,18,18,32,0,0,0,False,30676,860952,10940952,,True,,,4385,639,3746,4308,77,0,False,0,"[{""committed_round_count"": 2, ""fallback_used"": false, ""heuristic_candidate_pruning_used"": false, ""pruned_hard_compatible_pair_count"": 0, ""solver_status"": ""TIME_LIMIT"", ""strategy_used"": ""GEOGRAPHIC_CLUSTER""}, {""committed_round_count"": 5, ""fallback_used"": false, ""heuristic_candidate_pruning_used"": false, ""pruned_hard_compatible_pair_count"": 0, ""solver_status"": ""TIME_LIMIT"", ""strategy_used"": ""GEOGRAPHIC_CLUSTER""}, {""committed_round_count"": 4, ""fallback_used"": false, ""heuristic_candidate_pruning_used"": false, ""pruned_hard_compatible_pair_count"": 0, ""solver_status"": ""TIME_LIMIT"", ""strategy_used"": ""GEOGRAPHIC_CLUSTER""}, {""committed_round_count"": 7, ""fallback_used"": true, ""heuristic_candidate_pruning_used"": false, ""pruned_hard_compatible_pair_count"": 0, ""solver_status"": ""FEASIBLE"", ""strategy_used"": ""BASELINE_FALLBACK""}]",[],,0.4,0.7,0.825,0.4,0.7,0.01,SYNTHETIC_GENERATOR_AND_SYNTHETIC_ROAD_EDGES
mass_decline-50-5-seed20311058,MASS_DECLINE,S4_GEOGRAPHIC_ROLLING_7_21,50,5,5,"{""commit_window_days"": 7, ""lookahead_days"": 21, ""planning_window_days"": 28}",3,20311058,b5a3319ce4fb544dfea9643a3b9da92861c099c782b4f3030d50850c6f118348,5216.54,106.14,16852.16,5071.77,0.0,14.31,14800.18,14651,21807,408,0,TIME_LIMIT,False,GEOGRAPHIC_ROLLING,True,GEOGRAPHIC_WINDOW_BASELINE_FALLBACK,18,18,32,0,0,0,False,30676,860952,10940952,,True,,,4385,639,3746,4308,77,0,False,0,"[{""committed_round_count"": 2, ""fallback_used"": false, ""heuristic_candidate_pruning_used"": false, ""pruned_hard_compatible_pair_count"": 0, ""solver_status"": ""TIME_LIMIT"", ""strategy_used"": ""GEOGRAPHIC_CLUSTER""}, {""committed_round_count"": 5, ""fallback_used"": false, ""heuristic_candidate_pruning_used"": false, ""pruned_hard_compatible_pair_count"": 0, ""solver_status"": ""TIME_LIMIT"", ""strategy_used"": ""GEOGRAPHIC_CLUSTER""}, {""committed_round_count"": 4, ""fallback_used"": false, ""heuristic_candidate_pruning_used"": false, ""pruned_hard_compatible_pair_count"": 0, ""solver_status"": ""TIME_LIMIT"", ""strategy_used"": ""GEOGRAPHIC_CLUSTER""}, {""committed_round_count"": 7, ""fallback_used"": true, ""heuristic_candidate_pruning_used"": false, ""pruned_hard_compatible_pair_count"": 0, ""solver_status"": ""FEASIBLE"", ""strategy_used"": ""BASELINE_FALLBACK""}]",[],,0.4,0.7,0.825,0.4,0.7,0.01,SYNTHETIC_GENERATOR_AND_SYNTHETIC_ROAD_EDGES
normal-100-10-seed20361102,NORMAL,S0_MONOLITHIC,100,10,,FULL_MONTH,1,20361102,e6d9c730bc4d47e9a063d2f474cc9aa81b396b85cd59a4d2f3deae26f7a01386,7739.83,74.7,3158.15,0.0,220.88,0.0,11207.31,438547,486453,5820,390832,TIME_LIMIT,False,BASELINE_MONOLITHIC,False,,0,0,100,,,,False,0,0,0,,True,,,392166,11234,380932,392166,0,0,False,0,[],[],,,,,,,0.0,SYNTHETIC_GENERATOR_AND_SYNTHETIC_ROAD_EDGES
normal-100-10-seed20361102,NORMAL,S0_MONOLITHIC,100,10,,FULL_MONTH,2,20361102,e6d9c730bc4d47e9a063d2f474cc9aa81b396b85cd59a4d2f3deae26f7a01386,7244.0,73.07,3134.09,0.0,145.59,0.0,10610.56,438547,486453,5820,390832,TIME_LIMIT,False,BASELINE_MONOLITHIC,False,,0,0,100,,,,False,0,0,0,,True,,,392166,11234,380932,392166,0,0,False,0,[],[],,,,,,,0.0,SYNTHETIC_GENERATOR_AND_SYNTHETIC_ROAD_EDGES
normal-100-10-seed20361102,NORMAL,S0_MONOLITHIC,100,10,,FULL_MONTH,3,20361102,e6d9c730bc4d47e9a063d2f474cc9aa81b396b85cd59a4d2f3deae26f7a01386,7166.75,73.78,3131.87,0.0,144.71,0.0,10530.62,438547,486453,5820,390832,TIME_LIMIT,False,BASELINE_MONOLITHIC,False,,0,0,100,,,,False,0,0,0,,True,,,392166,11234,380932,392166,0,0,False,0,[],[],,,,,,,0.0,SYNTHETIC_GENERATOR_AND_SYNTHETIC_ROAD_EDGES
normal-100-10-seed20361102,NORMAL,S1_V5_BASELINE,100,10,,FULL_MONTH,1,20361102,e6d9c730bc4d47e9a063d2f474cc9aa81b396b85cd59a4d2f3deae26f7a01386,3845.88,72.5,6019.64,0.0,0.0,7.98,6196.69,11577,17173,5820,0,TIME_LIMIT,False,BASELINE_DECOMPOSED,False,,73,73,27,0,0,0,False,94009,2638879,23953879,,True,,,2435,1609,826,2386,49,0,False,0,[],[],,,,,,,722.84,SYNTHETIC_GENERATOR_AND_SYNTHETIC_ROAD_EDGES
normal-100-10-seed20361102,NORMAL,S1_V5_BASELINE,100,10,,FULL_MONTH,2,20361102,e6d9c730bc4d47e9a063d2f474cc9aa81b396b85cd59a4d2f3deae26f7a01386,4031.05,73.7,6190.55,0.0,0.0,7.65,6367.18,11577,17173,5820,0,TIME_LIMIT,False,BASELINE_DECOMPOSED,False,,73,73,27,0,0,0,False,94009,2638879,23953879,,True,,,2435,1609,826,2386,49,0,False,0,[],[],,,,,,,713.41,SYNTHETIC_GENERATOR_AND_SYNTHETIC_ROAD_EDGES
normal-100-10-seed20361102,NORMAL,S1_V5_BASELINE,100,10,,FULL_MONTH,3,20361102,e6d9c730bc4d47e9a063d2f474cc9aa81b396b85cd59a4d2f3deae26f7a01386,3918.37,74.09,6059.54,0.0,0.0,7.82,6248.65,11577,17173,5820,0,TIME_LIMIT,False,BASELINE_DECOMPOSED,False,,73,73,27,0,0,0,False,94009,2638879,23953879,,True,,,2435,1609,826,2386,49,0,False,0,[],[],,,,,,,716.07,SYNTHETIC_GENERATOR_AND_SYNTHETIC_ROAD_EDGES
normal-100-10-seed20361102,NORMAL,S2_GEOGRAPHIC_CLUSTER,100,10,7,FULL_MONTH,1,20361102,e6d9c730bc4d47e9a063d2f474cc9aa81b396b85cd59a4d2f3deae26f7a01386,219.2,152.51,6870.28,4500.93,0.0,4.97,8216.52,19749,29382,5820,0,TIME_LIMIT,False,GEOGRAPHIC_CLUSTER,False,,43,43,57,0,0,0,False,58389,1638943,24248943,,True,,"{""budget"": true, ""minimum_coverage_reported_truthfully"": true, ""provider_capacity"": true, ""provider_monthly_compensation"": true, ""route_feasibility"": true, ""schedule_overlap_and_daily_hours"": true, ""service_compatibility"": true}",2883,1434,1449,2848,35,0,False,0,[],[],,,,,0.5925925925925926,0.5616438356164384,731.82,SYNTHETIC_GENERATOR_AND_SYNTHETIC_ROAD_EDGES
normal-100-10-seed20361102,NORMAL,S2_GEOGRAPHIC_CLUSTER,100,10,7,FULL_MONTH,2,20361102,e6d9c730bc4d47e9a063d2f474cc9aa81b396b85cd59a4d2f3deae26f7a01386,215.64,147.55,6842.82,4467.54,0.0,5.64,8158.36,19749,29382,5820,0,TIME_LIMIT,False,GEOGRAPHIC_CLUSTER,False,,43,43,57,0,0,0,False,58389,1638943,24248943,,True,,"{""budget"": true, ""minimum_coverage_reported_truthfully"": true, ""provider_capacity"": true, ""provider_monthly_compensation"": true, ""route_feasibility"": true, ""schedule_overlap_and_daily_hours"": true, ""service_compatibility"": true}",2883,1434,1449,2848,35,0,False,0,[],[],,,,,0.5925925925925926,0.5616438356164384,712.36,SYNTHETIC_GENERATOR_AND_SYNTHETIC_ROAD_EDGES
normal-100-10-seed20361102,NORMAL,S2_GEOGRAPHIC_CLUSTER,100,10,7,FULL_MONTH,3,20361102,e6d9c730bc4d47e9a063d2f474cc9aa81b396b85cd59a4d2f3deae26f7a01386,216.68,149.04,6917.76,4486.57,0.0,6.1,8218.4,19749,29382,5820,0,TIME_LIMIT,False,GEOGRAPHIC_CLUSTER,False,,43,43,57,0,0,0,False,58389,1638943,24248943,,True,,"{""budget"": true, ""minimum_coverage_reported_truthfully"": true, ""provider_capacity"": true, ""provider_monthly_compensation"": true, ""route_feasibility"": true, ""schedule_overlap_and_daily_hours"": true, ""service_compatibility"": true}",2883,1434,1449,2848,35,0,False,0,[],[],,,,,0.5925925925925926,0.5616438356164384,735.46,SYNTHETIC_GENERATOR_AND_SYNTHETIC_ROAD_EDGES
normal-100-10-seed20361102,NORMAL,S3_ROLLING_HORIZON_7_21,100,10,,"{""commit_window_days"": 7, ""lookahead_days"": 21, ""planning_window_days"": 28}",1,20361102,e6d9c730bc4d47e9a063d2f474cc9aa81b396b85cd59a4d2f3deae26f7a01386,16951.17,264.06,23092.23,0.0,0.0,45.68,22110.75,34390,50883,5820,0,TIME_LIMIT,False,BASELINE_FALLBACK,True,ROLLING_QUALITY_BELOW_FULL_LOOKAHEAD,73,73,27,0,0,0,False,94009,2638879,23953879,,True,,,8721,1879,6842,8528,193,0,False,0,"[{""committed_round_count"": 31, ""fallback_used"": false, ""heuristic_candidate_pruning_used"": false, ""pruned_hard_compatible_pair_count"": 0, ""solver_status"": ""TIME_LIMIT"", ""strategy_used"": ""BASELINE_DECOMPOSED""}, {""committed_round_count"": 40, ""fallback_used"": false, ""heuristic_candidate_pruning_used"": false, ""pruned_hard_compatible_pair_count"": 0, ""solver_status"": ""TIME_LIMIT"", ""strategy_used"": ""BASELINE_DECOMPOSED""}, {""committed_round_count"": 11, ""fallback_used"": false, ""heuristic_candidate_pruning_used"": false, ""pruned_hard_compatible_pair_count"": 0, ""solver_status"": ""TIME_LIMIT"", ""strategy_used"": ""BASELINE_DECOMPOSED""}, {""committed_round_count"": 15, ""fallback_used"": false, ""heuristic_candidate_pruning_used"": false, ""pruned_hard_compatible_pair_count"": 0, ""solver_status"": ""TIME_LIMIT"", ""strategy_used"": ""BASELINE_DECOMPOSED""}]","[""COVERED_AREA_COUNT_BELOW_FULL_LOOKAHEAD""]","{""boundary_zero_service_rate"": null, ""covered_areas"": 72, ""late_horizon_zero_service_rate"": 0.75, ""minimum_coverage_met"": false, ""non_boundary_zero_service_rate"": 0.28, ""service_rounds"": 97, ""underserved_points_covered"": 0}",,,,,,0.01,SYNTHETIC_GENERATOR_AND_SYNTHETIC_ROAD_EDGES
normal-100-10-seed20361102,NORMAL,S3_ROLLING_HORIZON_7_21,100,10,,"{""commit_window_days"": 7, ""lookahead_days"": 21, ""planning_window_days"": 28}",2,20361102,e6d9c730bc4d47e9a063d2f474cc9aa81b396b85cd59a4d2f3deae26f7a01386,16653.49,283.44,22872.94,0.0,0.0,31.95,21893.84,34390,50883,5820,0,TIME_LIMIT,False,BASELINE_FALLBACK,True,ROLLING_QUALITY_BELOW_FULL_LOOKAHEAD,73,73,27,0,0,0,False,94009,2638879,23953879,,True,,,8721,1879,6842,8528,193,0,False,0,"[{""committed_round_count"": 31, ""fallback_used"": false, ""heuristic_candidate_pruning_used"": false, ""pruned_hard_compatible_pair_count"": 0, ""solver_status"": ""TIME_LIMIT"", ""strategy_used"": ""BASELINE_DECOMPOSED""}, {""committed_round_count"": 40, ""fallback_used"": false, ""heuristic_candidate_pruning_used"": false, ""pruned_hard_compatible_pair_count"": 0, ""solver_status"": ""TIME_LIMIT"", ""strategy_used"": ""BASELINE_DECOMPOSED""}, {""committed_round_count"": 11, ""fallback_used"": false, ""heuristic_candidate_pruning_used"": false, ""pruned_hard_compatible_pair_count"": 0, ""solver_status"": ""TIME_LIMIT"", ""strategy_used"": ""BASELINE_DECOMPOSED""}, {""committed_round_count"": 15, ""fallback_used"": false, ""heuristic_candidate_pruning_used"": false, ""pruned_hard_compatible_pair_count"": 0, ""solver_status"": ""TIME_LIMIT"", ""strategy_used"": ""BASELINE_DECOMPOSED""}]","[""COVERED_AREA_COUNT_BELOW_FULL_LOOKAHEAD""]","{""boundary_zero_service_rate"": null, ""covered_areas"": 72, ""late_horizon_zero_service_rate"": 0.75, ""minimum_coverage_met"": false, ""non_boundary_zero_service_rate"": 0.28, ""service_rounds"": 97, ""underserved_points_covered"": 0}",,,,,,0.02,SYNTHETIC_GENERATOR_AND_SYNTHETIC_ROAD_EDGES
normal-100-10-seed20361102,NORMAL,S3_ROLLING_HORIZON_7_21,100,10,,"{""commit_window_days"": 7, ""lookahead_days"": 21, ""planning_window_days"": 28}",3,20361102,e6d9c730bc4d47e9a063d2f474cc9aa81b396b85cd59a4d2f3deae26f7a01386,16554.53,279.47,22745.36,0.0,0.0,31.06,21761.75,34390,50883,5820,0,TIME_LIMIT,False,BASELINE_FALLBACK,True,ROLLING_QUALITY_BELOW_FULL_LOOKAHEAD,73,73,27,0,0,0,False,94009,2638879,23953879,,True,,,8721,1879,6842,8528,193,0,False,0,"[{""committed_round_count"": 31, ""fallback_used"": false, ""heuristic_candidate_pruning_used"": false, ""pruned_hard_compatible_pair_count"": 0, ""solver_status"": ""TIME_LIMIT"", ""strategy_used"": ""BASELINE_DECOMPOSED""}, {""committed_round_count"": 40, ""fallback_used"": false, ""heuristic_candidate_pruning_used"": false, ""pruned_hard_compatible_pair_count"": 0, ""solver_status"": ""TIME_LIMIT"", ""strategy_used"": ""BASELINE_DECOMPOSED""}, {""committed_round_count"": 11, ""fallback_used"": false, ""heuristic_candidate_pruning_used"": false, ""pruned_hard_compatible_pair_count"": 0, ""solver_status"": ""TIME_LIMIT"", ""strategy_used"": ""BASELINE_DECOMPOSED""}, {""committed_round_count"": 15, ""fallback_used"": false, ""heuristic_candidate_pruning_used"": false, ""pruned_hard_compatible_pair_count"": 0, ""solver_status"": ""TIME_LIMIT"", ""strategy_used"": ""BASELINE_DECOMPOSED""}]","[""COVERED_AREA_COUNT_BELOW_FULL_LOOKAHEAD""]","{""boundary_zero_service_rate"": null, ""covered_areas"": 72, ""late_horizon_zero_service_rate"": 0.75, ""minimum_coverage_met"": false, ""non_boundary_zero_service_rate"": 0.28, ""service_rounds"": 97, ""underserved_points_covered"": 0}",,,,,,0.01,SYNTHETIC_GENERATOR_AND_SYNTHETIC_ROAD_EDGES
normal-100-10-seed20361102,NORMAL,S4_GEOGRAPHIC_ROLLING_7_21,100,10,7,"{""commit_window_days"": 7, ""lookahead_days"": 21, ""planning_window_days"": 28}",1,20361102,e6d9c730bc4d47e9a063d2f474cc9aa81b396b85cd59a4d2f3deae26f7a01386,12291.31,541.24,30042.43,22685.14,0.0,54.81,42313.33,71635,105791,5820,0,TIME_LIMIT,False,GEOGRAPHIC_ROLLING,True,GEOGRAPHIC_WINDOW_BASELINE_FALLBACK,97,79,21,0,0,0,False,112465,3156851,29456851,,True,,,17151,2352,14799,16802,349,0,False,0,"[{""committed_round_count"": 3, ""fallback_used"": false, ""heuristic_candidate_pruning_used"": false, ""pruned_hard_compatible_pair_count"": 0, ""solver_status"": ""TIME_LIMIT"", ""strategy_used"": ""GEOGRAPHIC_CLUSTER""}, {""committed_round_count"": 18, ""fallback_used"": false, ""heuristic_candidate_pruning_used"": false, ""pruned_hard_compatible_pair_count"": 0, ""solver_status"": ""TIME_LIMIT"", ""strategy_used"": ""GEOGRAPHIC_CLUSTER""}, {""committed_round_count"": 33, ""fallback_used"": true, ""heuristic_candidate_pruning_used"": false, ""pruned_hard_compatible_pair_count"": 0, ""solver_status"": ""TIME_LIMIT"", ""strategy_used"": ""BASELINE_FALLBACK""}, {""committed_round_count"": 43, ""fallback_used"": true, ""heuristic_candidate_pruning_used"": false, ""pruned_hard_compatible_pair_count"": 0, ""solver_status"": ""TIME_LIMIT"", ""strategy_used"": ""BASELINE_FALLBACK""}]",[],,0.1111111111111111,0.2465753424657534,0.39436619718309857,0.1111111111111111,0.2465753424657534,0.02,SYNTHETIC_GENERATOR_AND_SYNTHETIC_ROAD_EDGES
normal-100-10-seed20361102,NORMAL,S4_GEOGRAPHIC_ROLLING_7_21,100,10,7,"{""commit_window_days"": 7, ""lookahead_days"": 21, ""planning_window_days"": 28}",2,20361102,e6d9c730bc4d47e9a063d2f474cc9aa81b396b85cd59a4d2f3deae26f7a01386,12533.16,541.19,29837.26,22854.64,0.0,54.87,42375.46,71635,105791,5820,0,TIME_LIMIT,False,GEOGRAPHIC_ROLLING,True,GEOGRAPHIC_WINDOW_BASELINE_FALLBACK,97,79,21,0,0,0,False,112465,3156851,29456851,,True,,,17151,2352,14799,16802,349,0,False,0,"[{""committed_round_count"": 3, ""fallback_used"": false, ""heuristic_candidate_pruning_used"": false, ""pruned_hard_compatible_pair_count"": 0, ""solver_status"": ""TIME_LIMIT"", ""strategy_used"": ""GEOGRAPHIC_CLUSTER""}, {""committed_round_count"": 18, ""fallback_used"": false, ""heuristic_candidate_pruning_used"": false, ""pruned_hard_compatible_pair_count"": 0, ""solver_status"": ""TIME_LIMIT"", ""strategy_used"": ""GEOGRAPHIC_CLUSTER""}, {""committed_round_count"": 33, ""fallback_used"": true, ""heuristic_candidate_pruning_used"": false, ""pruned_hard_compatible_pair_count"": 0, ""solver_status"": ""TIME_LIMIT"", ""strategy_used"": ""BASELINE_FALLBACK""}, {""committed_round_count"": 43, ""fallback_used"": true, ""heuristic_candidate_pruning_used"": false, ""pruned_hard_compatible_pair_count"": 0, ""solver_status"": ""TIME_LIMIT"", ""strategy_used"": ""BASELINE_FALLBACK""}]",[],,0.1111111111111111,0.2465753424657534,0.39436619718309857,0.1111111111111111,0.2465753424657534,0.02,SYNTHETIC_GENERATOR_AND_SYNTHETIC_ROAD_EDGES
normal-100-10-seed20361102,NORMAL,S4_GEOGRAPHIC_ROLLING_7_21,100,10,7,"{""commit_window_days"": 7, ""lookahead_days"": 21, ""planning_window_days"": 28}",3,20361102,e6d9c730bc4d47e9a063d2f474cc9aa81b396b85cd59a4d2f3deae26f7a01386,12569.04,529.45,29747.16,22978.32,0.0,53.9,42463.0,71635,105791,5820,0,TIME_LIMIT,False,GEOGRAPHIC_ROLLING,True,GEOGRAPHIC_WINDOW_BASELINE_FALLBACK,97,79,21,0,0,0,False,112465,3156851,29456851,,True,,,17151,2352,14799,16802,349,0,False,0,"[{""committed_round_count"": 3, ""fallback_used"": false, ""heuristic_candidate_pruning_used"": false, ""pruned_hard_compatible_pair_count"": 0, ""solver_status"": ""TIME_LIMIT"", ""strategy_used"": ""GEOGRAPHIC_CLUSTER""}, {""committed_round_count"": 18, ""fallback_used"": false, ""heuristic_candidate_pruning_used"": false, ""pruned_hard_compatible_pair_count"": 0, ""solver_status"": ""TIME_LIMIT"", ""strategy_used"": ""GEOGRAPHIC_CLUSTER""}, {""committed_round_count"": 33, ""fallback_used"": true, ""heuristic_candidate_pruning_used"": false, ""pruned_hard_compatible_pair_count"": 0, ""solver_status"": ""TIME_LIMIT"", ""strategy_used"": ""BASELINE_FALLBACK""}, {""committed_round_count"": 43, ""fallback_used"": true, ""heuristic_candidate_pruning_used"": false, ""pruned_hard_compatible_pair_count"": 0, ""solver_status"": ""TIME_LIMIT"", ""strategy_used"": ""BASELINE_FALLBACK""}]",[],,0.1111111111111111,0.2465753424657534,0.39436619718309857,0.1111111111111111,0.2465753424657534,0.02,SYNTHETIC_GENERATOR_AND_SYNTHETIC_ROAD_EDGES
tight_budget-100-10-seed20361103,TIGHT_BUDGET,S0_MONOLITHIC,100,10,,FULL_MONTH,1,20361103,523f8f616aaec75b9770b05e84f02bf7c0ae5c69d3431517425073a519f0d3c3,7315.04,76.82,3176.1,0.0,144.71,0.0,10726.33,444723,492981,5864,396656,TIME_LIMIT,False,BASELINE_MONOLITHIC,False,,0,0,100,,,,False,0,0,0,,True,,,397990,11234,386756,397990,0,0,False,0,[],[],,,,,,,0.0,SYNTHETIC_GENERATOR_AND_SYNTHETIC_ROAD_EDGES
tight_budget-100-10-seed20361103,TIGHT_BUDGET,S0_MONOLITHIC,100,10,,FULL_MONTH,2,20361103,523f8f616aaec75b9770b05e84f02bf7c0ae5c69d3431517425073a519f0d3c3,7401.38,144.94,3166.11,0.0,77.2,0.0,10802.87,444723,492981,5864,396656,TIME_LIMIT,False,BASELINE_MONOLITHIC,False,,0,0,100,,,,False,0,0,0,,True,,,397990,11234,386756,397990,0,0,False,0,[],[],,,,,,,0.0,SYNTHETIC_GENERATOR_AND_SYNTHETIC_ROAD_EDGES
tight_budget-100-10-seed20361103,TIGHT_BUDGET,S0_MONOLITHIC,100,10,,FULL_MONTH,3,20361103,523f8f616aaec75b9770b05e84f02bf7c0ae5c69d3431517425073a519f0d3c3,7321.86,75.81,3169.61,0.0,144.13,0.0,10725.53,444723,492981,5864,396656,TIME_LIMIT,False,BASELINE_MONOLITHIC,False,,0,0,100,,,,False,0,0,0,,True,,,397990,11234,386756,397990,0,0,False,0,[],[],,,,,,,0.0,SYNTHETIC_GENERATOR_AND_SYNTHETIC_ROAD_EDGES
tight_budget-100-10-seed20361103,TIGHT_BUDGET,S1_V5_BASELINE,100,10,,FULL_MONTH,1,20361103,523f8f616aaec75b9770b05e84f02bf7c0ae5c69d3431517425073a519f0d3c3,2644.08,75.16,3858.39,0.0,0.0,3.68,3995.66,8421,12442,5864,0,FEASIBLE,False,BASELINE_DECOMPOSED,False,,29,29,71,0,0,0,False,25824,725027,7780027,,True,,,1737,1460,277,1714,23,0,False,0,[],[],,,,,,,800.02,SYNTHETIC_GENERATOR_AND_SYNTHETIC_ROAD_EDGES
tight_budget-100-10-seed20361103,TIGHT_BUDGET,S1_V5_BASELINE,100,10,,FULL_MONTH,2,20361103,523f8f616aaec75b9770b05e84f02bf7c0ae5c69d3431517425073a519f0d3c3,2680.76,75.32,3885.99,0.0,0.0,3.62,4033.47,8421,12442,5864,0,FEASIBLE,False,BASELINE_DECOMPOSED,False,,29,29,71,0,0,0,False,25824,725027,7780027,,True,,,1737,1460,277,1714,23,0,False,0,[],[],,,,,,,798.98,SYNTHETIC_GENERATOR_AND_SYNTHETIC_ROAD_EDGES
tight_budget-100-10-seed20361103,TIGHT_BUDGET,S1_V5_BASELINE,100,10,,FULL_MONTH,3,20361103,523f8f616aaec75b9770b05e84f02bf7c0ae5c69d3431517425073a519f0d3c3,2691.93,73.12,3898.42,0.0,0.0,3.4,4047.56,8421,12442,5864,0,FEASIBLE,False,BASELINE_DECOMPOSED,False,,29,29,71,0,0,0,False,25824,725027,7780027,,True,,,1737,1460,277,1714,23,0,False,0,[],[],,,,,,,799.33,SYNTHETIC_GENERATOR_AND_SYNTHETIC_ROAD_EDGES
tight_budget-100-10-seed20361103,TIGHT_BUDGET,S2_GEOGRAPHIC_CLUSTER,100,10,7,FULL_MONTH,1,20361103,523f8f616aaec75b9770b05e84f02bf7c0ae5c69d3431517425073a519f0d3c3,188.7,150.09,5359.4,5796.06,0.0,2.84,8747.87,16957,25176,5864,0,TIME_LIMIT,False,GEOGRAPHIC_CLUSTER,False,,20,20,80,0,0,0,False,24349,683492,6898492,,True,,"{""budget"": true, ""minimum_coverage_reported_truthfully"": true, ""provider_capacity"": true, ""provider_monthly_compensation"": true, ""route_feasibility"": true, ""schedule_overlap_and_daily_hours"": true, ""service_compatibility"": true}",2813,1384,1429,2796,17,0,False,0,[],[],,,,,0.8235294117647058,0.7878787878787878,797.58,SYNTHETIC_GENERATOR_AND_SYNTHETIC_ROAD_EDGES
tight_budget-100-10-seed20361103,TIGHT_BUDGET,S2_GEOGRAPHIC_CLUSTER,100,10,7,FULL_MONTH,2,20361103,523f8f616aaec75b9770b05e84f02bf7c0ae5c69d3431517425073a519f0d3c3,185.48,146.76,5325.94,5797.51,0.0,3.2,8715.87,16957,25176,5864,0,TIME_LIMIT,False,GEOGRAPHIC_CLUSTER,False,,20,20,80,0,0,0,False,24349,683492,6898492,,True,,"{""budget"": true, ""minimum_coverage_reported_truthfully"": true, ""provider_capacity"": true, ""provider_monthly_compensation"": true, ""route_feasibility"": true, ""schedule_overlap_and_daily_hours"": true, ""service_compatibility"": true}",2813,1384,1429,2796,17,0,False,0,[],[],,,,,0.8235294117647058,0.7878787878787878,797.71,SYNTHETIC_GENERATOR_AND_SYNTHETIC_ROAD_EDGES
tight_budget-100-10-seed20361103,TIGHT_BUDGET,S2_GEOGRAPHIC_CLUSTER,100,10,7,FULL_MONTH,3,20361103,523f8f616aaec75b9770b05e84f02bf7c0ae5c69d3431517425073a519f0d3c3,192.62,149.0,5329.46,5787.84,0.0,2.91,8730.75,16957,25176,5864,0,TIME_LIMIT,False,GEOGRAPHIC_CLUSTER,False,,20,20,80,0,0,0,False,24349,683492,6898492,,True,,"{""budget"": true, ""minimum_coverage_reported_truthfully"": true, ""provider_capacity"": true, ""provider_monthly_compensation"": true, ""route_feasibility"": true, ""schedule_overlap_and_daily_hours"": true, ""service_compatibility"": true}",2813,1384,1429,2796,17,0,False,0,[],[],,,,,0.8235294117647058,0.7878787878787878,800.34,SYNTHETIC_GENERATOR_AND_SYNTHETIC_ROAD_EDGES
tight_budget-100-10-seed20361103,TIGHT_BUDGET,S3_ROLLING_HORIZON_7_21,100,10,,"{""commit_window_days"": 7, ""lookahead_days"": 21, ""planning_window_days"": 28}",1,20361103,523f8f616aaec75b9770b05e84f02bf7c0ae5c69d3431517425073a519f0d3c3,14198.14,310.62,14529.08,0.0,0.0,12.12,14514.17,24303,36272,5864,0,FEASIBLE,False,BASELINE_FALLBACK,True,ROLLING_QUALITY_BELOW_FULL_LOOKAHEAD,29,29,71,0,0,0,False,25824,725027,7780027,,True,,,7557,1533,6024,7486,71,0,False,0,"[{""committed_round_count"": 12, ""fallback_used"": false, ""heuristic_candidate_pruning_used"": false, ""pruned_hard_compatible_pair_count"": 0, ""solver_status"": ""FEASIBLE"", ""strategy_used"": ""BASELINE_DECOMPOSED""}, {""committed_round_count"": 8, ""fallback_used"": false, ""heuristic_candidate_pruning_used"": false, ""pruned_hard_compatible_pair_count"": 0, ""solver_status"": ""TIME_LIMIT"", ""strategy_used"": ""BASELINE_DECOMPOSED""}, {""committed_round_count"": 2, ""fallback_used"": false, ""heuristic_candidate_pruning_used"": false, ""pruned_hard_compatible_pair_count"": 0, ""solver_status"": ""FEASIBLE"", ""strategy_used"": ""BASELINE_DECOMPOSED""}, {""committed_round_count"": 4, ""fallback_used"": false, ""heuristic_candidate_pruning_used"": false, ""pruned_hard_compatible_pair_count"": 0, ""solver_status"": ""FEASIBLE"", ""strategy_used"": ""BASELINE_DECOMPOSED""}]","[""COVERED_AREA_COUNT_BELOW_FULL_LOOKAHEAD""]","{""boundary_zero_service_rate"": null, ""covered_areas"": 23, ""late_horizon_zero_service_rate"": 0.9574468085106383, ""minimum_coverage_met"": false, ""non_boundary_zero_service_rate"": 0.77, ""service_rounds"": 26, ""underserved_points_covered"": 0}",,,,,,0.01,SYNTHETIC_GENERATOR_AND_SYNTHETIC_ROAD_EDGES
tight_budget-100-10-seed20361103,TIGHT_BUDGET,S3_ROLLING_HORIZON_7_21,100,10,,"{""commit_window_days"": 7, ""lookahead_days"": 21, ""planning_window_days"": 28}",2,20361103,523f8f616aaec75b9770b05e84f02bf7c0ae5c69d3431517425073a519f0d3c3,14301.21,300.36,14502.99,0.0,0.0,11.86,14485.35,24303,36272,5864,0,FEASIBLE,False,BASELINE_FALLBACK,True,ROLLING_QUALITY_BELOW_FULL_LOOKAHEAD,29,29,71,0,0,0,False,25824,725027,7780027,,True,,,7557,1533,6024,7486,71,0,False,0,"[{""committed_round_count"": 12, ""fallback_used"": false, ""heuristic_candidate_pruning_used"": false, ""pruned_hard_compatible_pair_count"": 0, ""solver_status"": ""FEASIBLE"", ""strategy_used"": ""BASELINE_DECOMPOSED""}, {""committed_round_count"": 8, ""fallback_used"": false, ""heuristic_candidate_pruning_used"": false, ""pruned_hard_compatible_pair_count"": 0, ""solver_status"": ""TIME_LIMIT"", ""strategy_used"": ""BASELINE_DECOMPOSED""}, {""committed_round_count"": 2, ""fallback_used"": false, ""heuristic_candidate_pruning_used"": false, ""pruned_hard_compatible_pair_count"": 0, ""solver_status"": ""FEASIBLE"", ""strategy_used"": ""BASELINE_DECOMPOSED""}, {""committed_round_count"": 4, ""fallback_used"": false, ""heuristic_candidate_pruning_used"": false, ""pruned_hard_compatible_pair_count"": 0, ""solver_status"": ""FEASIBLE"", ""strategy_used"": ""BASELINE_DECOMPOSED""}]","[""COVERED_AREA_COUNT_BELOW_FULL_LOOKAHEAD""]","{""boundary_zero_service_rate"": null, ""covered_areas"": 23, ""late_horizon_zero_service_rate"": 0.9574468085106383, ""minimum_coverage_met"": false, ""non_boundary_zero_service_rate"": 0.77, ""service_rounds"": 26, ""underserved_points_covered"": 0}",,,,,,0.01,SYNTHETIC_GENERATOR_AND_SYNTHETIC_ROAD_EDGES
tight_budget-100-10-seed20361103,TIGHT_BUDGET,S3_ROLLING_HORIZON_7_21,100,10,,"{""commit_window_days"": 7, ""lookahead_days"": 21, ""planning_window_days"": 28}",3,20361103,523f8f616aaec75b9770b05e84f02bf7c0ae5c69d3431517425073a519f0d3c3,14163.22,283.22,14600.0,0.0,0.0,12.63,14548.13,24303,36272,5864,0,FEASIBLE,False,BASELINE_FALLBACK,True,ROLLING_QUALITY_BELOW_FULL_LOOKAHEAD,29,29,71,0,0,0,False,25824,725027,7780027,,True,,,7557,1533,6024,7486,71,0,False,0,"[{""committed_round_count"": 12, ""fallback_used"": false, ""heuristic_candidate_pruning_used"": false, ""pruned_hard_compatible_pair_count"": 0, ""solver_status"": ""FEASIBLE"", ""strategy_used"": ""BASELINE_DECOMPOSED""}, {""committed_round_count"": 8, ""fallback_used"": false, ""heuristic_candidate_pruning_used"": false, ""pruned_hard_compatible_pair_count"": 0, ""solver_status"": ""TIME_LIMIT"", ""strategy_used"": ""BASELINE_DECOMPOSED""}, {""committed_round_count"": 2, ""fallback_used"": false, ""heuristic_candidate_pruning_used"": false, ""pruned_hard_compatible_pair_count"": 0, ""solver_status"": ""FEASIBLE"", ""strategy_used"": ""BASELINE_DECOMPOSED""}, {""committed_round_count"": 4, ""fallback_used"": false, ""heuristic_candidate_pruning_used"": false, ""pruned_hard_compatible_pair_count"": 0, ""solver_status"": ""FEASIBLE"", ""strategy_used"": ""BASELINE_DECOMPOSED""}]","[""COVERED_AREA_COUNT_BELOW_FULL_LOOKAHEAD""]","{""boundary_zero_service_rate"": null, ""covered_areas"": 23, ""late_horizon_zero_service_rate"": 0.9574468085106383, ""minimum_coverage_met"": false, ""non_boundary_zero_service_rate"": 0.77, ""service_rounds"": 26, ""underserved_points_covered"": 0}",,,,,,0.01,SYNTHETIC_GENERATOR_AND_SYNTHETIC_ROAD_EDGES
tight_budget-100-10-seed20361103,TIGHT_BUDGET,S4_GEOGRAPHIC_ROLLING_7_21,100,10,7,"{""commit_window_days"": 7, ""lookahead_days"": 21, ""planning_window_days"": 28}",1,20361103,523f8f616aaec75b9770b05e84f02bf7c0ae5c69d3431517425073a519f0d3c3,11709.91,562.68,17209.86,28343.73,0.0,19.9,39417.82,60741,90144,5864,0,TIME_LIMIT,False,GEOGRAPHIC_ROLLING,True,GEOGRAPHIC_WINDOW_BASELINE_FALLBACK,25,24,76,0,0,0,False,33869,950583,7895583,,True,,,15166,1616,13550,15060,106,0,False,0,"[{""committed_round_count"": 5, ""fallback_used"": false, ""heuristic_candidate_pruning_used"": false, ""pruned_hard_compatible_pair_count"": 0, ""solver_status"": ""TIME_LIMIT"", ""strategy_used"": ""GEOGRAPHIC_CLUSTER""}, {""committed_round_count"": 6, ""fallback_used"": false, ""heuristic_candidate_pruning_used"": false, ""pruned_hard_compatible_pair_count"": 0, ""solver_status"": ""TIME_LIMIT"", ""strategy_used"": ""GEOGRAPHIC_CLUSTER""}, {""committed_round_count"": 1, ""fallback_used"": true, ""heuristic_candidate_pruning_used"": false, ""pruned_hard_compatible_pair_count"": 0, ""solver_status"": ""FEASIBLE"", ""strategy_used"": ""BASELINE_FALLBACK""}, {""committed_round_count"": 13, ""fallback_used"": true, ""heuristic_candidate_pruning_used"": false, ""pruned_hard_compatible_pair_count"": 0, ""solver_status"": ""TIME_LIMIT"", ""strategy_used"": ""BASELINE_FALLBACK""}]",[],,0.7941176470588235,0.7424242424242424,0.8586956521739131,0.7941176470588235,0.7424242424242424,0.02,SYNTHETIC_GENERATOR_AND_SYNTHETIC_ROAD_EDGES
tight_budget-100-10-seed20361103,TIGHT_BUDGET,S4_GEOGRAPHIC_ROLLING_7_21,100,10,7,"{""commit_window_days"": 7, ""lookahead_days"": 21, ""planning_window_days"": 28}",2,20361103,523f8f616aaec75b9770b05e84f02bf7c0ae5c69d3431517425073a519f0d3c3,11670.19,549.97,17151.44,28323.53,0.0,18.93,39389.62,60741,90144,5864,0,TIME_LIMIT,False,GEOGRAPHIC_ROLLING,True,GEOGRAPHIC_WINDOW_BASELINE_FALLBACK,25,24,76,0,0,0,False,33869,950583,7895583,,True,,,15166,1616,13550,15060,106,0,False,0,"[{""committed_round_count"": 5, ""fallback_used"": false, ""heuristic_candidate_pruning_used"": false, ""pruned_hard_compatible_pair_count"": 0, ""solver_status"": ""TIME_LIMIT"", ""strategy_used"": ""GEOGRAPHIC_CLUSTER""}, {""committed_round_count"": 6, ""fallback_used"": false, ""heuristic_candidate_pruning_used"": false, ""pruned_hard_compatible_pair_count"": 0, ""solver_status"": ""TIME_LIMIT"", ""strategy_used"": ""GEOGRAPHIC_CLUSTER""}, {""committed_round_count"": 1, ""fallback_used"": true, ""heuristic_candidate_pruning_used"": false, ""pruned_hard_compatible_pair_count"": 0, ""solver_status"": ""FEASIBLE"", ""strategy_used"": ""BASELINE_FALLBACK""}, {""committed_round_count"": 13, ""fallback_used"": true, ""heuristic_candidate_pruning_used"": false, ""pruned_hard_compatible_pair_count"": 0, ""solver_status"": ""TIME_LIMIT"", ""strategy_used"": ""BASELINE_FALLBACK""}]",[],,0.7941176470588235,0.7424242424242424,0.8586956521739131,0.7941176470588235,0.7424242424242424,0.02,SYNTHETIC_GENERATOR_AND_SYNTHETIC_ROAD_EDGES
tight_budget-100-10-seed20361103,TIGHT_BUDGET,S4_GEOGRAPHIC_ROLLING_7_21,100,10,7,"{""commit_window_days"": 7, ""lookahead_days"": 21, ""planning_window_days"": 28}",3,20361103,523f8f616aaec75b9770b05e84f02bf7c0ae5c69d3431517425073a519f0d3c3,11727.56,569.28,17203.27,28482.72,0.0,18.1,39565.95,60741,90144,5864,0,TIME_LIMIT,False,GEOGRAPHIC_ROLLING,True,GEOGRAPHIC_WINDOW_BASELINE_FALLBACK,25,24,76,0,0,0,False,33869,950583,7895583,,True,,,15166,1616,13550,15060,106,0,False,0,"[{""committed_round_count"": 5, ""fallback_used"": false, ""heuristic_candidate_pruning_used"": false, ""pruned_hard_compatible_pair_count"": 0, ""solver_status"": ""TIME_LIMIT"", ""strategy_used"": ""GEOGRAPHIC_CLUSTER""}, {""committed_round_count"": 6, ""fallback_used"": false, ""heuristic_candidate_pruning_used"": false, ""pruned_hard_compatible_pair_count"": 0, ""solver_status"": ""TIME_LIMIT"", ""strategy_used"": ""GEOGRAPHIC_CLUSTER""}, {""committed_round_count"": 1, ""fallback_used"": true, ""heuristic_candidate_pruning_used"": false, ""pruned_hard_compatible_pair_count"": 0, ""solver_status"": ""FEASIBLE"", ""strategy_used"": ""BASELINE_FALLBACK""}, {""committed_round_count"": 13, ""fallback_used"": true, ""heuristic_candidate_pruning_used"": false, ""pruned_hard_compatible_pair_count"": 0, ""solver_status"": ""TIME_LIMIT"", ""strategy_used"": ""BASELINE_FALLBACK""}]",[],,0.7941176470588235,0.7424242424242424,0.8586956521739131,0.7941176470588235,0.7424242424242424,0.02,SYNTHETIC_GENERATOR_AND_SYNTHETIC_ROAD_EDGES
provider_shortage-100-10-seed20361104,PROVIDER_SHORTAGE,S0_MONOLITHIC,100,10,,FULL_MONTH,1,20361104,8d6f0bbfeb57f8298430a9c8241f2edbe261c5b59c09c69685924bf8b62b9cb2,7253.63,73.83,3160.21,0.0,144.46,0.0,10646.54,441363,489429,5840,393488,TIME_LIMIT,False,BASELINE_MONOLITHIC,False,,0,0,100,,,,False,0,0,0,,True,,,394822,11234,383588,394822,0,0,False,0,[],[],,,,,,,0.0,SYNTHETIC_GENERATOR_AND_SYNTHETIC_ROAD_EDGES
provider_shortage-100-10-seed20361104,PROVIDER_SHORTAGE,S0_MONOLITHIC,100,10,,FULL_MONTH,2,20361104,8d6f0bbfeb57f8298430a9c8241f2edbe261c5b59c09c69685924bf8b62b9cb2,7419.52,74.21,3128.92,0.0,146.52,0.0,10783.15,441363,489429,5840,393488,TIME_LIMIT,False,BASELINE_MONOLITHIC,False,,0,0,100,,,,False,0,0,0,,True,,,394822,11234,383588,394822,0,0,False,0,[],[],,,,,,,0.0,SYNTHETIC_GENERATOR_AND_SYNTHETIC_ROAD_EDGES
provider_shortage-100-10-seed20361104,PROVIDER_SHORTAGE,S0_MONOLITHIC,100,10,,FULL_MONTH,3,20361104,8d6f0bbfeb57f8298430a9c8241f2edbe261c5b59c09c69685924bf8b62b9cb2,7349.67,74.5,2840.59,0.0,142.5,0.0,10420.88,441363,489429,5840,393488,TIME_LIMIT,False,BASELINE_MONOLITHIC,False,,0,0,100,,,,False,0,0,0,,True,,,394822,11234,383588,394822,0,0,False,0,[],[],,,,,,,0.0,SYNTHETIC_GENERATOR_AND_SYNTHETIC_ROAD_EDGES
provider_shortage-100-10-seed20361104,PROVIDER_SHORTAGE,S1_V5_BASELINE,100,10,,FULL_MONTH,1,20361104,8d6f0bbfeb57f8298430a9c8241f2edbe261c5b59c09c69685924bf8b62b9cb2,2532.3,74.12,2797.85,0.0,0.0,5.0,2942.56,5844,8827,5840,0,OPTIMAL,True,BASELINE_DECOMPOSED,False,,41,41,59,0,0,0,False,78749,2210185,23740185,,True,,,1699,1438,261,1666,33,0,False,0,[],[],,,,,,,116.46,SYNTHETIC_GENERATOR_AND_SYNTHETIC_ROAD_EDGES
provider_shortage-100-10-seed20361104,PROVIDER_SHORTAGE,S1_V5_BASELINE,100,10,,FULL_MONTH,2,20361104,8d6f0bbfeb57f8298430a9c8241f2edbe261c5b59c09c69685924bf8b62b9cb2,2438.4,73.82,2702.71,0.0,0.0,5.49,2848.71,5844,8827,5840,0,OPTIMAL,True,BASELINE_DECOMPOSED,False,,41,41,59,0,0,0,False,78749,2210185,23740185,,True,,,1699,1438,261,1666,33,0,False,0,[],[],,,,,,,115.46,SYNTHETIC_GENERATOR_AND_SYNTHETIC_ROAD_EDGES
provider_shortage-100-10-seed20361104,PROVIDER_SHORTAGE,S1_V5_BASELINE,100,10,,FULL_MONTH,3,20361104,8d6f0bbfeb57f8298430a9c8241f2edbe261c5b59c09c69685924bf8b62b9cb2,2399.17,74.98,2658.54,0.0,0.0,5.38,2805.44,5844,8827,5840,0,OPTIMAL,True,BASELINE_DECOMPOSED,False,,41,41,59,0,0,0,False,78749,2210185,23740185,,True,,,1699,1438,261,1666,33,0,False,0,[],[],,,,,,,114.62,SYNTHETIC_GENERATOR_AND_SYNTHETIC_ROAD_EDGES
provider_shortage-100-10-seed20361104,PROVIDER_SHORTAGE,S2_GEOGRAPHIC_CLUSTER,100,10,7,FULL_MONTH,1,20361104,8d6f0bbfeb57f8298430a9c8241f2edbe261c5b59c09c69685924bf8b62b9cb2,204.58,162.01,4995.34,5334.36,0.0,3.8,8108.93,14914,22334,5840,0,FEASIBLE,False,GEOGRAPHIC_CLUSTER,False,,39,39,61,0,0,0,False,87805,2464212,20094212,,True,,"{""budget"": true, ""minimum_coverage_reported_truthfully"": true, ""provider_capacity"": true, ""provider_monthly_compensation"": true, ""route_feasibility"": true, ""schedule_overlap_and_daily_hours"": true, ""service_compatibility"": true}",2762,1388,1374,2742,20,0,False,0,[],[],,,,,0.6666666666666666,0.5857142857142857,114.63,SYNTHETIC_GENERATOR_AND_SYNTHETIC_ROAD_EDGES
provider_shortage-100-10-seed20361104,PROVIDER_SHORTAGE,S2_GEOGRAPHIC_CLUSTER,100,10,7,FULL_MONTH,2,20361104,8d6f0bbfeb57f8298430a9c8241f2edbe261c5b59c09c69685924bf8b62b9cb2,198.46,148.82,4982.92,5380.66,0.0,3.78,8134.54,14914,22334,5840,0,FEASIBLE,False,GEOGRAPHIC_CLUSTER,False,,39,39,61,0,0,0,False,87805,2464212,20094212,,True,,"{""budget"": true, ""minimum_coverage_reported_truthfully"": true, ""provider_capacity"": true, ""provider_monthly_compensation"": true, ""route_feasibility"": true, ""schedule_overlap_and_daily_hours"": true, ""service_compatibility"": true}",2762,1388,1374,2742,20,0,False,0,[],[],,,,,0.6666666666666666,0.5857142857142857,135.71,SYNTHETIC_GENERATOR_AND_SYNTHETIC_ROAD_EDGES
provider_shortage-100-10-seed20361104,PROVIDER_SHORTAGE,S2_GEOGRAPHIC_CLUSTER,100,10,7,FULL_MONTH,3,20361104,8d6f0bbfeb57f8298430a9c8241f2edbe261c5b59c09c69685924bf8b62b9cb2,244.96,170.33,4987.0,5346.68,0.0,3.15,8125.57,14914,22334,5840,0,FEASIBLE,False,GEOGRAPHIC_CLUSTER,False,,39,39,61,0,0,0,False,87805,2464212,20094212,,True,,"{""budget"": true, ""minimum_coverage_reported_truthfully"": true, ""provider_capacity"": true, ""provider_monthly_compensation"": true, ""route_feasibility"": true, ""schedule_overlap_and_daily_hours"": true, ""service_compatibility"": true}",2762,1388,1374,2742,20,0,False,0,[],[],,,,,0.6666666666666666,0.5857142857142857,114.98,SYNTHETIC_GENERATOR_AND_SYNTHETIC_ROAD_EDGES
provider_shortage-100-10-seed20361104,PROVIDER_SHORTAGE,S3_ROLLING_HORIZON_7_21,100,10,,"{""commit_window_days"": 7, ""lookahead_days"": 21, ""planning_window_days"": 28}",1,20361104,8d6f0bbfeb57f8298430a9c8241f2edbe261c5b59c09c69685924bf8b62b9cb2,9741.69,268.41,9986.05,0.0,0.0,19.77,10481.51,23349,34945,5840,0,FEASIBLE,False,ROLLING_HORIZON,False,,41,41,59,0,0,0,False,76833,2156384,22916384,,True,,,7041,1550,5491,6918,123,0,False,0,"[{""committed_round_count"": 17, ""fallback_used"": false, ""heuristic_candidate_pruning_used"": false, ""pruned_hard_compatible_pair_count"": 0, ""solver_status"": ""OPTIMAL"", ""strategy_used"": ""BASELINE_DECOMPOSED""}, {""committed_round_count"": 5, ""fallback_used"": false, ""heuristic_candidate_pruning_used"": false, ""pruned_hard_compatible_pair_count"": 0, ""solver_status"": ""FEASIBLE"", ""strategy_used"": ""BASELINE_DECOMPOSED""}, {""committed_round_count"": 3, ""fallback_used"": false, ""heuristic_candidate_pruning_used"": false, ""pruned_hard_compatible_pair_count"": 0, ""solver_status"": ""FEASIBLE"", ""strategy_used"": ""BASELINE_DECOMPOSED""}, {""committed_round_count"": 16, ""fallback_used"": false, ""heuristic_candidate_pruning_used"": false, ""pruned_hard_compatible_pair_count"": 0, ""solver_status"": ""FEASIBLE"", ""strategy_used"": ""BASELINE_DECOMPOSED""}]",[],,,0.59,0.8072289156626506,,0.59,0.01,SYNTHETIC_GENERATOR_AND_SYNTHETIC_ROAD_EDGES
provider_shortage-100-10-seed20361104,PROVIDER_SHORTAGE,S3_ROLLING_HORIZON_7_21,100,10,,"{""commit_window_days"": 7, ""lookahead_days"": 21, ""planning_window_days"": 28}",2,20361104,8d6f0bbfeb57f8298430a9c8241f2edbe261c5b59c09c69685924bf8b62b9cb2,9670.58,281.42,9912.64,0.0,0.0,21.4,10422.13,23349,34945,5840,0,FEASIBLE,False,ROLLING_HORIZON,False,,41,41,59,0,0,0,False,76833,2156384,22916384,,True,,,7041,1550,5491,6918,123,0,False,0,"[{""committed_round_count"": 17, ""fallback_used"": false, ""heuristic_candidate_pruning_used"": false, ""pruned_hard_compatible_pair_count"": 0, ""solver_status"": ""OPTIMAL"", ""strategy_used"": ""BASELINE_DECOMPOSED""}, {""committed_round_count"": 5, ""fallback_used"": false, ""heuristic_candidate_pruning_used"": false, ""pruned_hard_compatible_pair_count"": 0, ""solver_status"": ""FEASIBLE"", ""strategy_used"": ""BASELINE_DECOMPOSED""}, {""committed_round_count"": 3, ""fallback_used"": false, ""heuristic_candidate_pruning_used"": false, ""pruned_hard_compatible_pair_count"": 0, ""solver_status"": ""FEASIBLE"", ""strategy_used"": ""BASELINE_DECOMPOSED""}, {""committed_round_count"": 16, ""fallback_used"": false, ""heuristic_candidate_pruning_used"": false, ""pruned_hard_compatible_pair_count"": 0, ""solver_status"": ""FEASIBLE"", ""strategy_used"": ""BASELINE_DECOMPOSED""}]",[],,,0.59,0.8072289156626506,,0.59,0.01,SYNTHETIC_GENERATOR_AND_SYNTHETIC_ROAD_EDGES
provider_shortage-100-10-seed20361104,PROVIDER_SHORTAGE,S3_ROLLING_HORIZON_7_21,100,10,,"{""commit_window_days"": 7, ""lookahead_days"": 21, ""planning_window_days"": 28}",3,20361104,8d6f0bbfeb57f8298430a9c8241f2edbe261c5b59c09c69685924bf8b62b9cb2,9738.9,299.68,9961.46,0.0,0.0,19.01,10471.27,23349,34945,5840,0,FEASIBLE,False,ROLLING_HORIZON,False,,41,41,59,0,0,0,False,76833,2156384,22916384,,True,,,7041,1550,5491,6918,123,0,False,0,"[{""committed_round_count"": 17, ""fallback_used"": false, ""heuristic_candidate_pruning_used"": false, ""pruned_hard_compatible_pair_count"": 0, ""solver_status"": ""OPTIMAL"", ""strategy_used"": ""BASELINE_DECOMPOSED""}, {""committed_round_count"": 5, ""fallback_used"": false, ""heuristic_candidate_pruning_used"": false, ""pruned_hard_compatible_pair_count"": 0, ""solver_status"": ""FEASIBLE"", ""strategy_used"": ""BASELINE_DECOMPOSED""}, {""committed_round_count"": 3, ""fallback_used"": false, ""heuristic_candidate_pruning_used"": false, ""pruned_hard_compatible_pair_count"": 0, ""solver_status"": ""FEASIBLE"", ""strategy_used"": ""BASELINE_DECOMPOSED""}, {""committed_round_count"": 16, ""fallback_used"": false, ""heuristic_candidate_pruning_used"": false, ""pruned_hard_compatible_pair_count"": 0, ""solver_status"": ""FEASIBLE"", ""strategy_used"": ""BASELINE_DECOMPOSED""}]",[],,,0.59,0.8072289156626506,,0.59,0.01,SYNTHETIC_GENERATOR_AND_SYNTHETIC_ROAD_EDGES
provider_shortage-100-10-seed20361104,PROVIDER_SHORTAGE,S4_GEOGRAPHIC_ROLLING_7_21,100,10,7,"{""commit_window_days"": 7, ""lookahead_days"": 21, ""planning_window_days"": 28}",1,20361104,8d6f0bbfeb57f8298430a9c8241f2edbe261c5b59c09c69685924bf8b62b9cb2,15543.45,603.2,8682.22,27699.66,0.0,28.8,34857.78,66551,99131,5840,0,FEASIBLE,False,GEOGRAPHIC_ROLLING,True,GEOGRAPHIC_WINDOW_BASELINE_FALLBACK,41,41,59,0,0,0,False,81600,2290095,22915095,,True,,,15601,1702,13899,15428,173,0,False,0,"[{""committed_round_count"": 8, ""fallback_used"": false, ""heuristic_candidate_pruning_used"": false, ""pruned_hard_compatible_pair_count"": 0, ""solver_status"": ""FEASIBLE"", ""strategy_used"": ""GEOGRAPHIC_CLUSTER""}, {""committed_round_count"": 11, ""fallback_used"": true, ""heuristic_candidate_pruning_used"": false, ""pruned_hard_compatible_pair_count"": 0, ""solver_status"": ""OPTIMAL"", ""strategy_used"": ""BASELINE_FALLBACK""}, {""committed_round_count"": 4, ""fallback_used"": true, ""heuristic_candidate_pruning_used"": false, ""pruned_hard_compatible_pair_count"": 0, ""solver_status"": ""OPTIMAL"", ""strategy_used"": ""BASELINE_FALLBACK""}, {""committed_round_count"": 18, ""fallback_used"": true, ""heuristic_candidate_pruning_used"": false, ""pruned_hard_compatible_pair_count"": 0, ""solver_status"": ""OPTIMAL"", ""strategy_used"": ""BASELINE_FALLBACK""}]",[],,0.6333333333333333,0.5714285714285714,0.7831325301204819,0.6333333333333333,0.5714285714285714,0.02,SYNTHETIC_GENERATOR_AND_SYNTHETIC_ROAD_EDGES
provider_shortage-100-10-seed20361104,PROVIDER_SHORTAGE,S4_GEOGRAPHIC_ROLLING_7_21,100,10,7,"{""commit_window_days"": 7, ""lookahead_days"": 21, ""planning_window_days"": 28}",2,20361104,8d6f0bbfeb57f8298430a9c8241f2edbe261c5b59c09c69685924bf8b62b9cb2,15593.37,604.41,8709.89,27602.05,0.0,29.19,34770.28,66551,99131,5840,0,FEASIBLE,False,GEOGRAPHIC_ROLLING,True,GEOGRAPHIC_WINDOW_BASELINE_FALLBACK,41,41,59,0,0,0,False,81600,2290095,22915095,,True,,,15601,1702,13899,15428,173,0,False,0,"[{""committed_round_count"": 8, ""fallback_used"": false, ""heuristic_candidate_pruning_used"": false, ""pruned_hard_compatible_pair_count"": 0, ""solver_status"": ""FEASIBLE"", ""strategy_used"": ""GEOGRAPHIC_CLUSTER""}, {""committed_round_count"": 11, ""fallback_used"": true, ""heuristic_candidate_pruning_used"": false, ""pruned_hard_compatible_pair_count"": 0, ""solver_status"": ""OPTIMAL"", ""strategy_used"": ""BASELINE_FALLBACK""}, {""committed_round_count"": 4, ""fallback_used"": true, ""heuristic_candidate_pruning_used"": false, ""pruned_hard_compatible_pair_count"": 0, ""solver_status"": ""OPTIMAL"", ""strategy_used"": ""BASELINE_FALLBACK""}, {""committed_round_count"": 18, ""fallback_used"": true, ""heuristic_candidate_pruning_used"": false, ""pruned_hard_compatible_pair_count"": 0, ""solver_status"": ""OPTIMAL"", ""strategy_used"": ""BASELINE_FALLBACK""}]",[],,0.6333333333333333,0.5714285714285714,0.7831325301204819,0.6333333333333333,0.5714285714285714,0.03,SYNTHETIC_GENERATOR_AND_SYNTHETIC_ROAD_EDGES
provider_shortage-100-10-seed20361104,PROVIDER_SHORTAGE,S4_GEOGRAPHIC_ROLLING_7_21,100,10,7,"{""commit_window_days"": 7, ""lookahead_days"": 21, ""planning_window_days"": 28}",3,20361104,8d6f0bbfeb57f8298430a9c8241f2edbe261c5b59c09c69685924bf8b62b9cb2,15553.02,589.19,8681.27,27649.23,0.0,28.44,34776.37,66551,99131,5840,0,FEASIBLE,False,GEOGRAPHIC_ROLLING,True,GEOGRAPHIC_WINDOW_BASELINE_FALLBACK,41,41,59,0,0,0,False,81600,2290095,22915095,,True,,,15601,1702,13899,15428,173,0,False,0,"[{""committed_round_count"": 8, ""fallback_used"": false, ""heuristic_candidate_pruning_used"": false, ""pruned_hard_compatible_pair_count"": 0, ""solver_status"": ""FEASIBLE"", ""strategy_used"": ""GEOGRAPHIC_CLUSTER""}, {""committed_round_count"": 11, ""fallback_used"": true, ""heuristic_candidate_pruning_used"": false, ""pruned_hard_compatible_pair_count"": 0, ""solver_status"": ""OPTIMAL"", ""strategy_used"": ""BASELINE_FALLBACK""}, {""committed_round_count"": 4, ""fallback_used"": true, ""heuristic_candidate_pruning_used"": false, ""pruned_hard_compatible_pair_count"": 0, ""solver_status"": ""OPTIMAL"", ""strategy_used"": ""BASELINE_FALLBACK""}, {""committed_round_count"": 18, ""fallback_used"": true, ""heuristic_candidate_pruning_used"": false, ""pruned_hard_compatible_pair_count"": 0, ""solver_status"": ""OPTIMAL"", ""strategy_used"": ""BASELINE_FALLBACK""}]",[],,0.6333333333333333,0.5714285714285714,0.7831325301204819,0.6333333333333333,0.5714285714285714,0.02,SYNTHETIC_GENERATOR_AND_SYNTHETIC_ROAD_EDGES
remote_areas-100-10-seed20361105,REMOTE_AREAS,S0_MONOLITHIC,100,10,,FULL_MONTH,1,20361105,bda080743f39de1fc27d23c497cb46d49afe1562527ab6bff958124e5589b5a3,3559.64,57.36,2715.4,0.0,53.25,0.0,6399.32,230324,264505,4112,196272,TIME_LIMIT,False,BASELINE_MONOLITHIC,False,,0,0,100,,,,False,0,0,0,,True,,,197606,6164,191442,197606,0,0,False,0,[],[],,,,,,,0.0,SYNTHETIC_GENERATOR_AND_SYNTHETIC_ROAD_EDGES
remote_areas-100-10-seed20361105,REMOTE_AREAS,S0_MONOLITHIC,100,10,,FULL_MONTH,2,20361105,bda080743f39de1fc27d23c497cb46d49afe1562527ab6bff958124e5589b5a3,3606.89,97.27,2707.14,0.0,12.98,0.0,6437.82,230324,264505,4112,196272,TIME_LIMIT,False,BASELINE_MONOLITHIC,False,,0,0,100,,,,False,0,0,0,,True,,,197606,6164,191442,197606,0,0,False,0,[],[],,,,,,,0.0,SYNTHETIC_GENERATOR_AND_SYNTHETIC_ROAD_EDGES
remote_areas-100-10-seed20361105,REMOTE_AREAS,S0_MONOLITHIC,100,10,,FULL_MONTH,3,20361105,bda080743f39de1fc27d23c497cb46d49afe1562527ab6bff958124e5589b5a3,3565.31,56.46,2710.66,0.0,54.36,0.0,6401.42,230324,264505,4112,196272,TIME_LIMIT,False,BASELINE_MONOLITHIC,False,,0,0,100,,,,False,0,0,0,,True,,,197606,6164,191442,197606,0,0,False,0,[],[],,,,,,,0.0,SYNTHETIC_GENERATOR_AND_SYNTHETIC_ROAD_EDGES
remote_areas-100-10-seed20361105,REMOTE_AREAS,S1_V5_BASELINE,100,10,,FULL_MONTH,1,20361105,bda080743f39de1fc27d23c497cb46d49afe1562527ab6bff958124e5589b5a3,2195.69,55.98,2879.8,0.0,0.0,9.25,3026.96,6403,9679,4112,0,OPTIMAL,True,BASELINE_DECOMPOSED,False,,70,70,30,0,0,0,False,92972,2608566,29243566,,True,,,1873,1566,307,1814,59,0,False,0,[],[],,,,,,,31.33,SYNTHETIC_GENERATOR_AND_SYNTHETIC_ROAD_EDGES
remote_areas-100-10-seed20361105,REMOTE_AREAS,S1_V5_BASELINE,100,10,,FULL_MONTH,2,20361105,bda080743f39de1fc27d23c497cb46d49afe1562527ab6bff958124e5589b5a3,2335.92,72.67,3004.19,0.0,0.0,9.26,3165.65,6403,9679,4112,0,OPTIMAL,True,BASELINE_DECOMPOSED,False,,70,70,30,0,0,0,False,92972,2608566,29243566,,True,,,1873,1566,307,1814,59,0,False,0,[],[],,,,,,,33.5,SYNTHETIC_GENERATOR_AND_SYNTHETIC_ROAD_EDGES
remote_areas-100-10-seed20361105,REMOTE_AREAS,S1_V5_BASELINE,100,10,,FULL_MONTH,3,20361105,bda080743f39de1fc27d23c497cb46d49afe1562527ab6bff958124e5589b5a3,2233.15,57.3,2889.77,0.0,0.0,9.55,3051.25,6403,9679,4112,0,OPTIMAL,True,BASELINE_DECOMPOSED,False,,70,70,30,0,0,0,False,92972,2608566,29243566,,True,,,1873,1566,307,1814,59,0,False,0,[],[],,,,,,,31.16,SYNTHETIC_GENERATOR_AND_SYNTHETIC_ROAD_EDGES
remote_areas-100-10-seed20361105,REMOTE_AREAS,S2_GEOGRAPHIC_CLUSTER,100,10,10,FULL_MONTH,1,20361105,bda080743f39de1fc27d23c497cb46d49afe1562527ab6bff958124e5589b5a3,190.82,114.56,7580.02,2111.86,0.0,6.54,6138.12,12587,19057,4112,0,TIME_LIMIT,False,GEOGRAPHIC_CLUSTER,False,,47,47,53,0,0,0,False,73797,2070679,24660679,,True,,"{""budget"": true, ""minimum_coverage_reported_truthfully"": true, ""provider_capacity"": true, ""provider_monthly_compensation"": true, ""route_feasibility"": true, ""schedule_overlap_and_daily_hours"": true, ""service_compatibility"": true}",2995,1464,1531,2952,43,0,False,0,[],[],,,,,0.4583333333333333,0.5526315789473685,48.78,SYNTHETIC_GENERATOR_AND_SYNTHETIC_ROAD_EDGES
remote_areas-100-10-seed20361105,REMOTE_AREAS,S2_GEOGRAPHIC_CLUSTER,100,10,10,FULL_MONTH,2,20361105,bda080743f39de1fc27d23c497cb46d49afe1562527ab6bff958124e5589b5a3,190.26,112.65,7630.02,2104.31,0.0,6.99,6153.55,12587,19057,4112,0,TIME_LIMIT,False,GEOGRAPHIC_CLUSTER,False,,47,47,53,0,0,0,False,73797,2070679,24660679,,True,,"{""budget"": true, ""minimum_coverage_reported_truthfully"": true, ""provider_capacity"": true, ""provider_monthly_compensation"": true, ""route_feasibility"": true, ""schedule_overlap_and_daily_hours"": true, ""service_compatibility"": true}",2995,1464,1531,2952,43,0,False,0,[],[],,,,,0.4583333333333333,0.5526315789473685,48.53,SYNTHETIC_GENERATOR_AND_SYNTHETIC_ROAD_EDGES
remote_areas-100-10-seed20361105,REMOTE_AREAS,S2_GEOGRAPHIC_CLUSTER,100,10,10,FULL_MONTH,3,20361105,bda080743f39de1fc27d23c497cb46d49afe1562527ab6bff958124e5589b5a3,195.66,114.27,7697.12,2081.01,0.0,7.04,6181.88,12587,19057,4112,0,TIME_LIMIT,False,GEOGRAPHIC_CLUSTER,False,,47,47,53,0,0,0,False,73797,2070679,24660679,,True,,"{""budget"": true, ""minimum_coverage_reported_truthfully"": true, ""provider_capacity"": true, ""provider_monthly_compensation"": true, ""route_feasibility"": true, ""schedule_overlap_and_daily_hours"": true, ""service_compatibility"": true}",2995,1464,1531,2952,43,0,False,0,[],[],,,,,0.4583333333333333,0.5526315789473685,31.35,SYNTHETIC_GENERATOR_AND_SYNTHETIC_ROAD_EDGES
remote_areas-100-10-seed20361105,REMOTE_AREAS,S3_ROLLING_HORIZON_7_21,100,10,,"{""commit_window_days"": 7, ""lookahead_days"": 21, ""planning_window_days"": 28}",1,20361105,bda080743f39de1fc27d23c497cb46d49afe1562527ab6bff958124e5589b5a3,10767.61,190.06,16377.04,0.0,0.0,29.98,16105.63,25048,37690,4112,0,OPTIMAL,True,BASELINE_FALLBACK,True,ROLLING_QUALITY_BELOW_FULL_LOOKAHEAD,70,70,30,0,0,0,False,92972,2608566,29243566,,True,,,7075,1710,5365,6882,193,0,False,0,"[{""committed_round_count"": 39, ""fallback_used"": false, ""heuristic_candidate_pruning_used"": false, ""pruned_hard_compatible_pair_count"": 0, ""solver_status"": ""OPTIMAL"", ""strategy_used"": ""BASELINE_DECOMPOSED""}, {""committed_round_count"": 9, ""fallback_used"": false, ""heuristic_candidate_pruning_used"": false, ""pruned_hard_compatible_pair_count"": 0, ""solver_status"": ""TIME_LIMIT"", ""strategy_used"": ""BASELINE_DECOMPOSED""}, {""committed_round_count"": 8, ""fallback_used"": false, ""heuristic_candidate_pruning_used"": false, ""pruned_hard_compatible_pair_count"": 0, ""solver_status"": ""TIME_LIMIT"", ""strategy_used"": ""BASELINE_DECOMPOSED""}, {""committed_round_count"": 19, ""fallback_used"": false, ""heuristic_candidate_pruning_used"": false, ""pruned_hard_compatible_pair_count"": 0, ""solver_status"": ""TIME_LIMIT"", ""strategy_used"": ""BASELINE_DECOMPOSED""}]","[""COVERED_AREA_COUNT_BELOW_FULL_LOOKAHEAD""]","{""boundary_zero_service_rate"": null, ""covered_areas"": 60, ""late_horizon_zero_service_rate"": 0.7164179104477612, ""minimum_coverage_met"": false, ""non_boundary_zero_service_rate"": 0.4, ""service_rounds"": 75, ""underserved_points_covered"": 0}",,,,,,0.01,SYNTHETIC_GENERATOR_AND_SYNTHETIC_ROAD_EDGES
remote_areas-100-10-seed20361105,REMOTE_AREAS,S3_ROLLING_HORIZON_7_21,100,10,,"{""commit_window_days"": 7, ""lookahead_days"": 21, ""planning_window_days"": 28}",2,20361105,bda080743f39de1fc27d23c497cb46d49afe1562527ab6bff958124e5589b5a3,10850.89,193.76,16424.41,0.0,0.0,28.52,16153.22,25048,37690,4112,0,OPTIMAL,True,BASELINE_FALLBACK,True,ROLLING_QUALITY_BELOW_FULL_LOOKAHEAD,70,70,30,0,0,0,False,92972,2608566,29243566,,True,,,7075,1710,5365,6882,193,0,False,0,"[{""committed_round_count"": 39, ""fallback_used"": false, ""heuristic_candidate_pruning_used"": false, ""pruned_hard_compatible_pair_count"": 0, ""solver_status"": ""OPTIMAL"", ""strategy_used"": ""BASELINE_DECOMPOSED""}, {""committed_round_count"": 9, ""fallback_used"": false, ""heuristic_candidate_pruning_used"": false, ""pruned_hard_compatible_pair_count"": 0, ""solver_status"": ""TIME_LIMIT"", ""strategy_used"": ""BASELINE_DECOMPOSED""}, {""committed_round_count"": 8, ""fallback_used"": false, ""heuristic_candidate_pruning_used"": false, ""pruned_hard_compatible_pair_count"": 0, ""solver_status"": ""TIME_LIMIT"", ""strategy_used"": ""BASELINE_DECOMPOSED""}, {""committed_round_count"": 19, ""fallback_used"": false, ""heuristic_candidate_pruning_used"": false, ""pruned_hard_compatible_pair_count"": 0, ""solver_status"": ""TIME_LIMIT"", ""strategy_used"": ""BASELINE_DECOMPOSED""}]","[""COVERED_AREA_COUNT_BELOW_FULL_LOOKAHEAD""]","{""boundary_zero_service_rate"": null, ""covered_areas"": 60, ""late_horizon_zero_service_rate"": 0.7164179104477612, ""minimum_coverage_met"": false, ""non_boundary_zero_service_rate"": 0.4, ""service_rounds"": 75, ""underserved_points_covered"": 0}",,,,,,0.01,SYNTHETIC_GENERATOR_AND_SYNTHETIC_ROAD_EDGES
remote_areas-100-10-seed20361105,REMOTE_AREAS,S3_ROLLING_HORIZON_7_21,100,10,,"{""commit_window_days"": 7, ""lookahead_days"": 21, ""planning_window_days"": 28}",3,20361105,bda080743f39de1fc27d23c497cb46d49afe1562527ab6bff958124e5589b5a3,10712.23,194.3,16352.44,0.0,0.0,30.79,16067.64,25048,37690,4112,0,OPTIMAL,True,BASELINE_FALLBACK,True,ROLLING_QUALITY_BELOW_FULL_LOOKAHEAD,70,70,30,0,0,0,False,92972,2608566,29243566,,True,,,7075,1710,5365,6882,193,0,False,0,"[{""committed_round_count"": 39, ""fallback_used"": false, ""heuristic_candidate_pruning_used"": false, ""pruned_hard_compatible_pair_count"": 0, ""solver_status"": ""OPTIMAL"", ""strategy_used"": ""BASELINE_DECOMPOSED""}, {""committed_round_count"": 9, ""fallback_used"": false, ""heuristic_candidate_pruning_used"": false, ""pruned_hard_compatible_pair_count"": 0, ""solver_status"": ""TIME_LIMIT"", ""strategy_used"": ""BASELINE_DECOMPOSED""}, {""committed_round_count"": 8, ""fallback_used"": false, ""heuristic_candidate_pruning_used"": false, ""pruned_hard_compatible_pair_count"": 0, ""solver_status"": ""TIME_LIMIT"", ""strategy_used"": ""BASELINE_DECOMPOSED""}, {""committed_round_count"": 19, ""fallback_used"": false, ""heuristic_candidate_pruning_used"": false, ""pruned_hard_compatible_pair_count"": 0, ""solver_status"": ""TIME_LIMIT"", ""strategy_used"": ""BASELINE_DECOMPOSED""}]","[""COVERED_AREA_COUNT_BELOW_FULL_LOOKAHEAD""]","{""boundary_zero_service_rate"": null, ""covered_areas"": 60, ""late_horizon_zero_service_rate"": 0.7164179104477612, ""minimum_coverage_met"": false, ""non_boundary_zero_service_rate"": 0.4, ""service_rounds"": 75, ""underserved_points_covered"": 0}",,,,,,0.01,SYNTHETIC_GENERATOR_AND_SYNTHETIC_ROAD_EDGES
remote_areas-100-10-seed20361105,REMOTE_AREAS,S4_GEOGRAPHIC_ROLLING_7_21,100,10,10,"{""commit_window_days"": 7, ""lookahead_days"": 21, ""planning_window_days"": 28}",1,20361105,bda080743f39de1fc27d23c497cb46d49afe1562527ab6bff958124e5589b5a3,17186.28,447.49,29022.79,21517.14,0.0,46.67,41621.15,57689,85466,4112,0,TIME_LIMIT,False,GEOGRAPHIC_ROLLING,True,GEOGRAPHIC_WINDOW_BASELINE_FALLBACK,89,65,35,0,0,0,False,111790,3137574,29752574,,True,,,16846,2005,14841,16548,298,0,False,0,"[{""committed_round_count"": 8, ""fallback_used"": false, ""heuristic_candidate_pruning_used"": false, ""pruned_hard_compatible_pair_count"": 0, ""solver_status"": ""TIME_LIMIT"", ""strategy_used"": ""GEOGRAPHIC_CLUSTER""}, {""committed_round_count"": 25, ""fallback_used"": true, ""heuristic_candidate_pruning_used"": false, ""pruned_hard_compatible_pair_count"": 0, ""solver_status"": ""TIME_LIMIT"", ""strategy_used"": ""BASELINE_FALLBACK""}, {""committed_round_count"": 38, ""fallback_used"": true, ""heuristic_candidate_pruning_used"": false, ""pruned_hard_compatible_pair_count"": 0, ""solver_status"": ""TIME_LIMIT"", ""strategy_used"": ""BASELINE_FALLBACK""}, {""committed_round_count"": 18, ""fallback_used"": true, ""heuristic_candidate_pruning_used"": false, ""pruned_hard_compatible_pair_count"": 0, ""solver_status"": ""TIME_LIMIT"", ""strategy_used"": ""BASELINE_FALLBACK""}]",[],,0.25,0.3815789473684211,0.75,0.25,0.3815789473684211,0.02,SYNTHETIC_GENERATOR_AND_SYNTHETIC_ROAD_EDGES
remote_areas-100-10-seed20361105,REMOTE_AREAS,S4_GEOGRAPHIC_ROLLING_7_21,100,10,10,"{""commit_window_days"": 7, ""lookahead_days"": 21, ""planning_window_days"": 28}",2,20361105,bda080743f39de1fc27d23c497cb46d49afe1562527ab6bff958124e5589b5a3,17153.27,466.38,28869.73,21505.45,0.0,46.34,41455.43,57689,85466,4112,0,TIME_LIMIT,False,GEOGRAPHIC_ROLLING,True,GEOGRAPHIC_WINDOW_BASELINE_FALLBACK,89,65,35,0,0,0,False,111790,3137574,29752574,,True,,,16846,2005,14841,16548,298,0,False,0,"[{""committed_round_count"": 8, ""fallback_used"": false, ""heuristic_candidate_pruning_used"": false, ""pruned_hard_compatible_pair_count"": 0, ""solver_status"": ""TIME_LIMIT"", ""strategy_used"": ""GEOGRAPHIC_CLUSTER""}, {""committed_round_count"": 25, ""fallback_used"": true, ""heuristic_candidate_pruning_used"": false, ""pruned_hard_compatible_pair_count"": 0, ""solver_status"": ""TIME_LIMIT"", ""strategy_used"": ""BASELINE_FALLBACK""}, {""committed_round_count"": 38, ""fallback_used"": true, ""heuristic_candidate_pruning_used"": false, ""pruned_hard_compatible_pair_count"": 0, ""solver_status"": ""TIME_LIMIT"", ""strategy_used"": ""BASELINE_FALLBACK""}, {""committed_round_count"": 18, ""fallback_used"": true, ""heuristic_candidate_pruning_used"": false, ""pruned_hard_compatible_pair_count"": 0, ""solver_status"": ""TIME_LIMIT"", ""strategy_used"": ""BASELINE_FALLBACK""}]",[],,0.25,0.3815789473684211,0.75,0.25,0.3815789473684211,0.02,SYNTHETIC_GENERATOR_AND_SYNTHETIC_ROAD_EDGES
remote_areas-100-10-seed20361105,REMOTE_AREAS,S4_GEOGRAPHIC_ROLLING_7_21,100,10,10,"{""commit_window_days"": 7, ""lookahead_days"": 21, ""planning_window_days"": 28}",3,20361105,bda080743f39de1fc27d23c497cb46d49afe1562527ab6bff958124e5589b5a3,17152.3,450.63,28856.12,21556.62,0.0,49.81,41503.77,57689,85466,4112,0,TIME_LIMIT,False,GEOGRAPHIC_ROLLING,True,GEOGRAPHIC_WINDOW_BASELINE_FALLBACK,89,65,35,0,0,0,False,111790,3137574,29752574,,True,,,16846,2005,14841,16548,298,0,False,0,"[{""committed_round_count"": 8, ""fallback_used"": false, ""heuristic_candidate_pruning_used"": false, ""pruned_hard_compatible_pair_count"": 0, ""solver_status"": ""TIME_LIMIT"", ""strategy_used"": ""GEOGRAPHIC_CLUSTER""}, {""committed_round_count"": 25, ""fallback_used"": true, ""heuristic_candidate_pruning_used"": false, ""pruned_hard_compatible_pair_count"": 0, ""solver_status"": ""TIME_LIMIT"", ""strategy_used"": ""BASELINE_FALLBACK""}, {""committed_round_count"": 38, ""fallback_used"": true, ""heuristic_candidate_pruning_used"": false, ""pruned_hard_compatible_pair_count"": 0, ""solver_status"": ""TIME_LIMIT"", ""strategy_used"": ""BASELINE_FALLBACK""}, {""committed_round_count"": 18, ""fallback_used"": true, ""heuristic_candidate_pruning_used"": false, ""pruned_hard_compatible_pair_count"": 0, ""solver_status"": ""TIME_LIMIT"", ""strategy_used"": ""BASELINE_FALLBACK""}]",[],,0.25,0.3815789473684211,0.75,0.25,0.3815789473684211,0.02,SYNTHETIC_GENERATOR_AND_SYNTHETIC_ROAD_EDGES
many_low_data-100-10-seed20361106,MANY_LOW_DATA,S0_MONOLITHIC,100,10,,FULL_MONTH,1,20361106,43266fddb39be8ddc535a72906022e13e2d80dbefa15d436af5cb0e56c558573,7336.71,91.86,3244.46,0.0,133.52,0.0,10821.24,445843,494165,5872,397712,TIME_LIMIT,False,BASELINE_MONOLITHIC,False,,0,0,100,,,,False,0,0,0,,True,,,399046,11234,387812,399046,0,0,False,0,[],[],,,,,,,0.0,SYNTHETIC_GENERATOR_AND_SYNTHETIC_ROAD_EDGES
many_low_data-100-10-seed20361106,MANY_LOW_DATA,S0_MONOLITHIC,100,10,,FULL_MONTH,2,20361106,43266fddb39be8ddc535a72906022e13e2d80dbefa15d436af5cb0e56c558573,7338.79,76.52,3180.64,0.0,142.74,0.0,10753.03,445843,494165,5872,397712,TIME_LIMIT,False,BASELINE_MONOLITHIC,False,,0,0,100,,,,False,0,0,0,,True,,,399046,11234,387812,399046,0,0,False,0,[],[],,,,,,,0.0,SYNTHETIC_GENERATOR_AND_SYNTHETIC_ROAD_EDGES
many_low_data-100-10-seed20361106,MANY_LOW_DATA,S0_MONOLITHIC,100,10,,FULL_MONTH,3,20361106,43266fddb39be8ddc535a72906022e13e2d80dbefa15d436af5cb0e56c558573,7364.47,76.76,3168.78,0.0,145.87,0.0,10770.02,445843,494165,5872,397712,TIME_LIMIT,False,BASELINE_MONOLITHIC,False,,0,0,100,,,,False,0,0,0,,True,,,399046,11234,387812,399046,0,0,False,0,[],[],,,,,,,0.0,SYNTHETIC_GENERATOR_AND_SYNTHETIC_ROAD_EDGES
many_low_data-100-10-seed20361106,MANY_LOW_DATA,S1_V5_BASELINE,100,10,,FULL_MONTH,1,20361106,43266fddb39be8ddc535a72906022e13e2d80dbefa15d436af5cb0e56c558573,3694.36,75.48,5685.57,0.0,0.0,0.55,5853.65,11095,16463,5872,0,TIME_LIMIT,False,BASELINE_DECOMPOSED,False,,63,63,37,0,0,0,False,112274,3151295,21436295,,True,,,2066,1456,610,2066,0,0,False,0,[],[],,,,,,,775.46,SYNTHETIC_GENERATOR_AND_SYNTHETIC_ROAD_EDGES
many_low_data-100-10-seed20361106,MANY_LOW_DATA,S1_V5_BASELINE,100,10,,FULL_MONTH,2,20361106,43266fddb39be8ddc535a72906022e13e2d80dbefa15d436af5cb0e56c558573,3596.26,75.42,5585.94,0.0,0.0,16.65,5768.05,11095,16463,5872,0,TIME_LIMIT,False,BASELINE_DECOMPOSED,False,,63,63,37,0,0,0,False,112274,3151295,21436295,,True,,,2066,1456,610,2066,0,0,False,0,[],[],,,,,,,761.63,SYNTHETIC_GENERATOR_AND_SYNTHETIC_ROAD_EDGES
many_low_data-100-10-seed20361106,MANY_LOW_DATA,S1_V5_BASELINE,100,10,,FULL_MONTH,3,20361106,43266fddb39be8ddc535a72906022e13e2d80dbefa15d436af5cb0e56c558573,3597.85,76.21,5586.84,0.0,0.0,0.55,5755.37,11095,16463,5872,0,TIME_LIMIT,False,BASELINE_DECOMPOSED,False,,63,63,37,0,0,0,False,112274,3151295,21436295,,True,,,2066,1456,610,2066,0,0,False,0,[],[],,,,,,,764.23,SYNTHETIC_GENERATOR_AND_SYNTHETIC_ROAD_EDGES
many_low_data-100-10-seed20361106,MANY_LOW_DATA,S2_GEOGRAPHIC_CLUSTER,100,10,7,FULL_MONTH,1,20361106,43266fddb39be8ddc535a72906022e13e2d80dbefa15d436af5cb0e56c558573,228.98,151.64,7077.78,4635.12,0.0,6.09,8458.46,20521,30502,5872,0,TIME_LIMIT,False,GEOGRAPHIC_CLUSTER,False,,47,47,53,0,0,0,False,76571,2149184,25279184,,True,,"{""budget"": true, ""minimum_coverage_reported_truthfully"": true, ""provider_capacity"": true, ""provider_monthly_compensation"": true, ""route_feasibility"": true, ""schedule_overlap_and_daily_hours"": true, ""service_compatibility"": true}",2989,1447,1542,2952,37,0,False,0,[],[],,,,,0.36666666666666664,0.6,784.68,SYNTHETIC_GENERATOR_AND_SYNTHETIC_ROAD_EDGES
many_low_data-100-10-seed20361106,MANY_LOW_DATA,S2_GEOGRAPHIC_CLUSTER,100,10,7,FULL_MONTH,2,20361106,43266fddb39be8ddc535a72906022e13e2d80dbefa15d436af5cb0e56c558573,254.32,163.11,7101.38,4602.3,0.0,6.1,8446.67,20521,30502,5872,0,TIME_LIMIT,False,GEOGRAPHIC_CLUSTER,False,,47,47,53,0,0,0,False,76571,2149184,25279184,,True,,"{""budget"": true, ""minimum_coverage_reported_truthfully"": true, ""provider_capacity"": true, ""provider_monthly_compensation"": true, ""route_feasibility"": true, ""schedule_overlap_and_daily_hours"": true, ""service_compatibility"": true}",2989,1447,1542,2952,37,0,False,0,[],[],,,,,0.36666666666666664,0.6,762.32,SYNTHETIC_GENERATOR_AND_SYNTHETIC_ROAD_EDGES
many_low_data-100-10-seed20361106,MANY_LOW_DATA,S2_GEOGRAPHIC_CLUSTER,100,10,7,FULL_MONTH,3,20361106,43266fddb39be8ddc535a72906022e13e2d80dbefa15d436af5cb0e56c558573,225.92,161.2,7079.7,4595.93,0.0,6.98,8431.43,20521,30502,5872,0,TIME_LIMIT,False,GEOGRAPHIC_CLUSTER,False,,47,47,53,0,0,0,False,76571,2149184,25279184,,True,,"{""budget"": true, ""minimum_coverage_reported_truthfully"": true, ""provider_capacity"": true, ""provider_monthly_compensation"": true, ""route_feasibility"": true, ""schedule_overlap_and_daily_hours"": true, ""service_compatibility"": true}",2989,1447,1542,2952,37,0,False,0,[],[],,,,,0.36666666666666664,0.6,763.07,SYNTHETIC_GENERATOR_AND_SYNTHETIC_ROAD_EDGES
many_low_data-100-10-seed20361106,MANY_LOW_DATA,S3_ROLLING_HORIZON_7_21,100,10,,"{""commit_window_days"": 7, ""lookahead_days"": 21, ""planning_window_days"": 28}",1,20361106,43266fddb39be8ddc535a72906022e13e2d80dbefa15d436af5cb0e56c558573,11592.83,288.57,18199.48,0.0,0.0,19.78,18765.36,28918,42634,5872,0,TIME_LIMIT,False,ROLLING_HORIZON,False,,80,68,32,0,0,0,False,121673,3415057,29910057,,True,,,8199,1799,6400,8078,121,0,False,0,"[{""committed_round_count"": 16, ""fallback_used"": false, ""heuristic_candidate_pruning_used"": false, ""pruned_hard_compatible_pair_count"": 0, ""solver_status"": ""TIME_LIMIT"", ""strategy_used"": ""BASELINE_DECOMPOSED""}, {""committed_round_count"": 24, ""fallback_used"": false, ""heuristic_candidate_pruning_used"": false, ""pruned_hard_compatible_pair_count"": 0, ""solver_status"": ""TIME_LIMIT"", ""strategy_used"": ""BASELINE_DECOMPOSED""}, {""committed_round_count"": 27, ""fallback_used"": false, ""heuristic_candidate_pruning_used"": false, ""pruned_hard_compatible_pair_count"": 0, ""solver_status"": ""TIME_LIMIT"", ""strategy_used"": ""BASELINE_DECOMPOSED""}, {""committed_round_count"": 13, ""fallback_used"": false, ""heuristic_candidate_pruning_used"": false, ""pruned_hard_compatible_pair_count"": 0, ""solver_status"": ""FEASIBLE"", ""strategy_used"": ""BASELINE_DECOMPOSED""}]",[],,,0.32,0.796875,,0.32,0.02,SYNTHETIC_GENERATOR_AND_SYNTHETIC_ROAD_EDGES
many_low_data-100-10-seed20361106,MANY_LOW_DATA,S3_ROLLING_HORIZON_7_21,100,10,,"{""commit_window_days"": 7, ""lookahead_days"": 21, ""planning_window_days"": 28}",2,20361106,43266fddb39be8ddc535a72906022e13e2d80dbefa15d436af5cb0e56c558573,11646.18,269.39,18300.07,0.0,0.0,21.75,18852.85,28918,42634,5872,0,TIME_LIMIT,False,ROLLING_HORIZON,False,,80,68,32,0,0,0,False,121673,3415057,29910057,,True,,,8199,1799,6400,8078,121,0,False,0,"[{""committed_round_count"": 16, ""fallback_used"": false, ""heuristic_candidate_pruning_used"": false, ""pruned_hard_compatible_pair_count"": 0, ""solver_status"": ""TIME_LIMIT"", ""strategy_used"": ""BASELINE_DECOMPOSED""}, {""committed_round_count"": 24, ""fallback_used"": false, ""heuristic_candidate_pruning_used"": false, ""pruned_hard_compatible_pair_count"": 0, ""solver_status"": ""TIME_LIMIT"", ""strategy_used"": ""BASELINE_DECOMPOSED""}, {""committed_round_count"": 27, ""fallback_used"": false, ""heuristic_candidate_pruning_used"": false, ""pruned_hard_compatible_pair_count"": 0, ""solver_status"": ""TIME_LIMIT"", ""strategy_used"": ""BASELINE_DECOMPOSED""}, {""committed_round_count"": 13, ""fallback_used"": false, ""heuristic_candidate_pruning_used"": false, ""pruned_hard_compatible_pair_count"": 0, ""solver_status"": ""FEASIBLE"", ""strategy_used"": ""BASELINE_DECOMPOSED""}]",[],,,0.32,0.796875,,0.32,0.02,SYNTHETIC_GENERATOR_AND_SYNTHETIC_ROAD_EDGES
many_low_data-100-10-seed20361106,MANY_LOW_DATA,S3_ROLLING_HORIZON_7_21,100,10,,"{""commit_window_days"": 7, ""lookahead_days"": 21, ""planning_window_days"": 28}",3,20361106,43266fddb39be8ddc535a72906022e13e2d80dbefa15d436af5cb0e56c558573,11550.59,274.9,18145.14,0.0,0.0,20.19,18715.0,28918,42634,5872,0,TIME_LIMIT,False,ROLLING_HORIZON,False,,80,68,32,0,0,0,False,121673,3415057,29910057,,True,,,8199,1799,6400,8078,121,0,False,0,"[{""committed_round_count"": 16, ""fallback_used"": false, ""heuristic_candidate_pruning_used"": false, ""pruned_hard_compatible_pair_count"": 0, ""solver_status"": ""TIME_LIMIT"", ""strategy_used"": ""BASELINE_DECOMPOSED""}, {""committed_round_count"": 24, ""fallback_used"": false, ""heuristic_candidate_pruning_used"": false, ""pruned_hard_compatible_pair_count"": 0, ""solver_status"": ""TIME_LIMIT"", ""strategy_used"": ""BASELINE_DECOMPOSED""}, {""committed_round_count"": 27, ""fallback_used"": false, ""heuristic_candidate_pruning_used"": false, ""pruned_hard_compatible_pair_count"": 0, ""solver_status"": ""TIME_LIMIT"", ""strategy_used"": ""BASELINE_DECOMPOSED""}, {""committed_round_count"": 13, ""fallback_used"": false, ""heuristic_candidate_pruning_used"": false, ""pruned_hard_compatible_pair_count"": 0, ""solver_status"": ""FEASIBLE"", ""strategy_used"": ""BASELINE_DECOMPOSED""}]",[],,,0.32,0.796875,,0.32,0.01,SYNTHETIC_GENERATOR_AND_SYNTHETIC_ROAD_EDGES
many_low_data-100-10-seed20361106,MANY_LOW_DATA,S4_GEOGRAPHIC_ROLLING_7_21,100,10,7,"{""commit_window_days"": 7, ""lookahead_days"": 21, ""planning_window_days"": 28}",1,20361106,43266fddb39be8ddc535a72906022e13e2d80dbefa15d436af5cb0e56c558573,18639.67,558.6,24976.5,27790.44,0.0,34.61,45008.23,68879,101228,5872,0,TIME_LIMIT,False,GEOGRAPHIC_ROLLING,True,GEOGRAPHIC_WINDOW_BASELINE_FALLBACK,91,77,23,0,0,0,False,95595,2683337,29808337,,True,,,15636,2066,13570,15414,222,0,False,0,"[{""committed_round_count"": 12, ""fallback_used"": false, ""heuristic_candidate_pruning_used"": false, ""pruned_hard_compatible_pair_count"": 0, ""solver_status"": ""TIME_LIMIT"", ""strategy_used"": ""GEOGRAPHIC_CLUSTER""}, {""committed_round_count"": 60, ""fallback_used"": true, ""heuristic_candidate_pruning_used"": false, ""pruned_hard_compatible_pair_count"": 0, ""solver_status"": ""TIME_LIMIT"", ""strategy_used"": ""BASELINE_FALLBACK""}, {""committed_round_count"": 3, ""fallback_used"": true, ""heuristic_candidate_pruning_used"": false, ""pruned_hard_compatible_pair_count"": 0, ""solver_status"": ""TIME_LIMIT"", ""strategy_used"": ""BASELINE_FALLBACK""}, {""committed_round_count"": 16, ""fallback_used"": true, ""heuristic_candidate_pruning_used"": false, ""pruned_hard_compatible_pair_count"": 0, ""solver_status"": ""TIME_LIMIT"", ""strategy_used"": ""BASELINE_FALLBACK""}]",[],,0.26666666666666666,0.21428571428571427,0.7611940298507462,0.26666666666666666,0.21428571428571427,0.02,SYNTHETIC_GENERATOR_AND_SYNTHETIC_ROAD_EDGES
many_low_data-100-10-seed20361106,MANY_LOW_DATA,S4_GEOGRAPHIC_ROLLING_7_21,100,10,7,"{""commit_window_days"": 7, ""lookahead_days"": 21, ""planning_window_days"": 28}",2,20361106,43266fddb39be8ddc535a72906022e13e2d80dbefa15d436af5cb0e56c558573,18679.16,572.4,24947.06,27855.5,0.0,34.91,45086.33,68879,101228,5872,0,TIME_LIMIT,False,GEOGRAPHIC_ROLLING,True,GEOGRAPHIC_WINDOW_BASELINE_FALLBACK,91,77,23,0,0,0,False,95595,2683337,29808337,,True,,,15636,2066,13570,15414,222,0,False,0,"[{""committed_round_count"": 12, ""fallback_used"": false, ""heuristic_candidate_pruning_used"": false, ""pruned_hard_compatible_pair_count"": 0, ""solver_status"": ""TIME_LIMIT"", ""strategy_used"": ""GEOGRAPHIC_CLUSTER""}, {""committed_round_count"": 60, ""fallback_used"": true, ""heuristic_candidate_pruning_used"": false, ""pruned_hard_compatible_pair_count"": 0, ""solver_status"": ""TIME_LIMIT"", ""strategy_used"": ""BASELINE_FALLBACK""}, {""committed_round_count"": 3, ""fallback_used"": true, ""heuristic_candidate_pruning_used"": false, ""pruned_hard_compatible_pair_count"": 0, ""solver_status"": ""TIME_LIMIT"", ""strategy_used"": ""BASELINE_FALLBACK""}, {""committed_round_count"": 16, ""fallback_used"": true, ""heuristic_candidate_pruning_used"": false, ""pruned_hard_compatible_pair_count"": 0, ""solver_status"": ""TIME_LIMIT"", ""strategy_used"": ""BASELINE_FALLBACK""}]",[],,0.26666666666666666,0.21428571428571427,0.7611940298507462,0.26666666666666666,0.21428571428571427,0.02,SYNTHETIC_GENERATOR_AND_SYNTHETIC_ROAD_EDGES
many_low_data-100-10-seed20361106,MANY_LOW_DATA,S4_GEOGRAPHIC_ROLLING_7_21,100,10,7,"{""commit_window_days"": 7, ""lookahead_days"": 21, ""planning_window_days"": 28}",3,20361106,43266fddb39be8ddc535a72906022e13e2d80dbefa15d436af5cb0e56c558573,18278.18,576.04,24956.12,27622.71,0.0,35.43,44843.85,68879,101228,5872,0,TIME_LIMIT,False,GEOGRAPHIC_ROLLING,True,GEOGRAPHIC_WINDOW_BASELINE_FALLBACK,91,77,23,0,0,0,False,95595,2683337,29808337,,True,,,15636,2066,13570,15414,222,0,False,0,"[{""committed_round_count"": 12, ""fallback_used"": false, ""heuristic_candidate_pruning_used"": false, ""pruned_hard_compatible_pair_count"": 0, ""solver_status"": ""TIME_LIMIT"", ""strategy_used"": ""GEOGRAPHIC_CLUSTER""}, {""committed_round_count"": 60, ""fallback_used"": true, ""heuristic_candidate_pruning_used"": false, ""pruned_hard_compatible_pair_count"": 0, ""solver_status"": ""TIME_LIMIT"", ""strategy_used"": ""BASELINE_FALLBACK""}, {""committed_round_count"": 3, ""fallback_used"": true, ""heuristic_candidate_pruning_used"": false, ""pruned_hard_compatible_pair_count"": 0, ""solver_status"": ""TIME_LIMIT"", ""strategy_used"": ""BASELINE_FALLBACK""}, {""committed_round_count"": 16, ""fallback_used"": true, ""heuristic_candidate_pruning_used"": false, ""pruned_hard_compatible_pair_count"": 0, ""solver_status"": ""TIME_LIMIT"", ""strategy_used"": ""BASELINE_FALLBACK""}]",[],,0.26666666666666666,0.21428571428571427,0.7611940298507462,0.26666666666666666,0.21428571428571427,0.02,SYNTHETIC_GENERATOR_AND_SYNTHETIC_ROAD_EDGES
home_repair_mixed-100-10-seed20361107,HOME_REPAIR_MIXED,S0_MONOLITHIC,100,10,,FULL_MONTH,1,20361107,b149bda853db7f2a21e1a5f4c63c1e0086e0ec43cbb25c287b63f1cd84cabb55,7464.18,71.47,3217.17,0.0,160.67,0.0,11000.75,450659,495813,5476,405696,TIME_LIMIT,False,BASELINE_MONOLITHIC,False,,0,0,100,,,,False,0,0,0,,True,,,406958,11162,395796,406958,0,0,False,0,[],[],,,,,,,0.0,SYNTHETIC_GENERATOR_AND_SYNTHETIC_ROAD_EDGES
home_repair_mixed-100-10-seed20361107,HOME_REPAIR_MIXED,S0_MONOLITHIC,100,10,,FULL_MONTH,2,20361107,b149bda853db7f2a21e1a5f4c63c1e0086e0ec43cbb25c287b63f1cd84cabb55,7484.52,72.05,3189.64,0.0,162.6,0.0,10923.5,450659,495813,5476,405696,TIME_LIMIT,False,BASELINE_MONOLITHIC,False,,0,0,100,,,,False,0,0,0,,True,,,406958,11162,395796,406958,0,0,False,0,[],[],,,,,,,0.0,SYNTHETIC_GENERATOR_AND_SYNTHETIC_ROAD_EDGES
home_repair_mixed-100-10-seed20361107,HOME_REPAIR_MIXED,S0_MONOLITHIC,100,10,,FULL_MONTH,3,20361107,b149bda853db7f2a21e1a5f4c63c1e0086e0ec43cbb25c287b63f1cd84cabb55,7547.64,71.11,3204.1,0.0,158.18,0.0,10995.29,450659,495813,5476,405696,TIME_LIMIT,False,BASELINE_MONOLITHIC,False,,0,0,100,,,,False,0,0,0,,True,,,406958,11162,395796,406958,0,0,False,0,[],[],,,,,,,0.0,SYNTHETIC_GENERATOR_AND_SYNTHETIC_ROAD_EDGES
home_repair_mixed-100-10-seed20361107,HOME_REPAIR_MIXED,S1_V5_BASELINE,100,10,,FULL_MONTH,1,20361107,b149bda853db7f2a21e1a5f4c63c1e0086e0ec43cbb25c287b63f1cd84cabb55,3140.27,71.31,5181.9,0.0,0.0,12.69,5432.88,10975,16234,5476,0,TIME_LIMIT,False,BASELINE_DECOMPOSED,False,,80,80,20,0,0,0,False,77705,2181260,25551260,,True,,,2473,1677,796,2392,81,0,False,0,[],[],,,,,,,662.56,SYNTHETIC_GENERATOR_AND_SYNTHETIC_ROAD_EDGES
home_repair_mixed-100-10-seed20361107,HOME_REPAIR_MIXED,S1_V5_BASELINE,100,10,,FULL_MONTH,2,20361107,b149bda853db7f2a21e1a5f4c63c1e0086e0ec43cbb25c287b63f1cd84cabb55,3127.68,73.03,5145.29,0.0,0.0,12.09,5323.32,10975,16234,5476,0,TIME_LIMIT,False,BASELINE_DECOMPOSED,False,,80,80,20,0,0,0,False,77705,2181260,25551260,,True,,,2473,1677,796,2392,81,0,False,0,[],[],,,,,,,644.66,SYNTHETIC_GENERATOR_AND_SYNTHETIC_ROAD_EDGES
home_repair_mixed-100-10-seed20361107,HOME_REPAIR_MIXED,S1_V5_BASELINE,100,10,,FULL_MONTH,3,20361107,b149bda853db7f2a21e1a5f4c63c1e0086e0ec43cbb25c287b63f1cd84cabb55,3080.14,71.26,5103.1,0.0,0.0,12.79,5280.57,10975,16234,5476,0,TIME_LIMIT,False,BASELINE_DECOMPOSED,False,,80,80,20,0,0,0,False,77705,2181260,25551260,,True,,,2473,1677,796,2392,81,0,False,0,[],[],,,,,,,650.39,SYNTHETIC_GENERATOR_AND_SYNTHETIC_ROAD_EDGES
home_repair_mixed-100-10-seed20361107,HOME_REPAIR_MIXED,S2_GEOGRAPHIC_CLUSTER,100,10,7,FULL_MONTH,1,20361107,b149bda853db7f2a21e1a5f4c63c1e0086e0ec43cbb25c287b63f1cd84cabb55,238.56,155.44,6962.68,4780.02,0.0,6.75,8547.85,19265,28542,5476,0,TIME_LIMIT,False,GEOGRAPHIC_CLUSTER,False,,46,46,54,0,0,0,False,69631,1953497,24748497,,True,,"{""budget"": true, ""minimum_coverage_reported_truthfully"": true, ""provider_capacity"": true, ""provider_monthly_compensation"": true, ""route_feasibility"": true, ""schedule_overlap_and_daily_hours"": true, ""service_compatibility"": true}",2651,1333,1318,2614,37,0,False,0,[],[],,,,,0.5714285714285714,0.5172413793103449,640.09,SYNTHETIC_GENERATOR_AND_SYNTHETIC_ROAD_EDGES
home_repair_mixed-100-10-seed20361107,HOME_REPAIR_MIXED,S2_GEOGRAPHIC_CLUSTER,100,10,7,FULL_MONTH,2,20361107,b149bda853db7f2a21e1a5f4c63c1e0086e0ec43cbb25c287b63f1cd84cabb55,209.32,141.95,7006.86,4776.38,0.0,6.71,8554.36,19265,28542,5476,0,TIME_LIMIT,False,GEOGRAPHIC_CLUSTER,False,,46,46,54,0,0,0,False,69631,1953497,24748497,,True,,"{""budget"": true, ""minimum_coverage_reported_truthfully"": true, ""provider_capacity"": true, ""provider_monthly_compensation"": true, ""route_feasibility"": true, ""schedule_overlap_and_daily_hours"": true, ""service_compatibility"": true}",2651,1333,1318,2614,37,0,False,0,[],[],,,,,0.5714285714285714,0.5172413793103449,639.88,SYNTHETIC_GENERATOR_AND_SYNTHETIC_ROAD_EDGES
home_repair_mixed-100-10-seed20361107,HOME_REPAIR_MIXED,S2_GEOGRAPHIC_CLUSTER,100,10,7,FULL_MONTH,3,20361107,b149bda853db7f2a21e1a5f4c63c1e0086e0ec43cbb25c287b63f1cd84cabb55,210.88,140.93,6968.98,4778.93,0.0,5.53,8536.84,19265,28542,5476,0,TIME_LIMIT,False,GEOGRAPHIC_CLUSTER,False,,46,46,54,0,0,0,False,69631,1953497,24748497,,True,,"{""budget"": true, ""minimum_coverage_reported_truthfully"": true, ""provider_capacity"": true, ""provider_monthly_compensation"": true, ""route_feasibility"": true, ""schedule_overlap_and_daily_hours"": true, ""service_compatibility"": true}",2651,1333,1318,2614,37,0,False,0,[],[],,,,,0.5714285714285714,0.5172413793103449,658.55,SYNTHETIC_GENERATOR_AND_SYNTHETIC_ROAD_EDGES
home_repair_mixed-100-10-seed20361107,HOME_REPAIR_MIXED,S3_ROLLING_HORIZON_7_21,100,10,,"{""commit_window_days"": 7, ""lookahead_days"": 21, ""planning_window_days"": 28}",1,20361107,b149bda853db7f2a21e1a5f4c63c1e0086e0ec43cbb25c287b63f1cd84cabb55,14262.13,260.04,17997.92,0.0,0.0,34.44,17046.37,31289,46297,5476,0,TIME_LIMIT,False,BASELINE_FALLBACK,True,ROLLING_QUALITY_BELOW_FULL_LOOKAHEAD,80,80,20,0,0,0,False,77705,2181260,25551260,,True,,,8081,1769,6312,7862,219,0,False,0,"[{""committed_round_count"": 63, ""fallback_used"": false, ""heuristic_candidate_pruning_used"": false, ""pruned_hard_compatible_pair_count"": 0, ""solver_status"": ""TIME_LIMIT"", ""strategy_used"": ""BASELINE_DECOMPOSED""}, {""committed_round_count"": 8, ""fallback_used"": false, ""heuristic_candidate_pruning_used"": false, ""pruned_hard_compatible_pair_count"": 0, ""solver_status"": ""TIME_LIMIT"", ""strategy_used"": ""BASELINE_DECOMPOSED""}, {""committed_round_count"": 5, ""fallback_used"": false, ""heuristic_candidate_pruning_used"": false, ""pruned_hard_compatible_pair_count"": 0, ""solver_status"": ""FEASIBLE"", ""strategy_used"": ""BASELINE_DECOMPOSED""}, {""committed_round_count"": 15, ""fallback_used"": false, ""heuristic_candidate_pruning_used"": false, ""pruned_hard_compatible_pair_count"": 0, ""solver_status"": ""FEASIBLE"", ""strategy_used"": ""BASELINE_DECOMPOSED""}]","[""COVERED_AREA_COUNT_BELOW_FULL_LOOKAHEAD""]","{""boundary_zero_service_rate"": null, ""covered_areas"": 71, ""late_horizon_zero_service_rate"": 0.7857142857142857, ""minimum_coverage_met"": false, ""non_boundary_zero_service_rate"": 0.29, ""service_rounds"": 91, ""underserved_points_covered"": 0}",,,,,,0.01,SYNTHETIC_GENERATOR_AND_SYNTHETIC_ROAD_EDGES
home_repair_mixed-100-10-seed20361107,HOME_REPAIR_MIXED,S3_ROLLING_HORIZON_7_21,100,10,,"{""commit_window_days"": 7, ""lookahead_days"": 21, ""planning_window_days"": 28}",2,20361107,b149bda853db7f2a21e1a5f4c63c1e0086e0ec43cbb25c287b63f1cd84cabb55,14167.7,264.25,17930.98,0.0,0.0,35.11,16983.65,31289,46297,5476,0,TIME_LIMIT,False,BASELINE_FALLBACK,True,ROLLING_QUALITY_BELOW_FULL_LOOKAHEAD,80,80,20,0,0,0,False,77705,2181260,25551260,,True,,,8081,1769,6312,7862,219,0,False,0,"[{""committed_round_count"": 63, ""fallback_used"": false, ""heuristic_candidate_pruning_used"": false, ""pruned_hard_compatible_pair_count"": 0, ""solver_status"": ""TIME_LIMIT"", ""strategy_used"": ""BASELINE_DECOMPOSED""}, {""committed_round_count"": 8, ""fallback_used"": false, ""heuristic_candidate_pruning_used"": false, ""pruned_hard_compatible_pair_count"": 0, ""solver_status"": ""TIME_LIMIT"", ""strategy_used"": ""BASELINE_DECOMPOSED""}, {""committed_round_count"": 5, ""fallback_used"": false, ""heuristic_candidate_pruning_used"": false, ""pruned_hard_compatible_pair_count"": 0, ""solver_status"": ""FEASIBLE"", ""strategy_used"": ""BASELINE_DECOMPOSED""}, {""committed_round_count"": 15, ""fallback_used"": false, ""heuristic_candidate_pruning_used"": false, ""pruned_hard_compatible_pair_count"": 0, ""solver_status"": ""FEASIBLE"", ""strategy_used"": ""BASELINE_DECOMPOSED""}]","[""COVERED_AREA_COUNT_BELOW_FULL_LOOKAHEAD""]","{""boundary_zero_service_rate"": null, ""covered_areas"": 71, ""late_horizon_zero_service_rate"": 0.7857142857142857, ""minimum_coverage_met"": false, ""non_boundary_zero_service_rate"": 0.29, ""service_rounds"": 91, ""underserved_points_covered"": 0}",,,,,,0.01,SYNTHETIC_GENERATOR_AND_SYNTHETIC_ROAD_EDGES
home_repair_mixed-100-10-seed20361107,HOME_REPAIR_MIXED,S3_ROLLING_HORIZON_7_21,100,10,,"{""commit_window_days"": 7, ""lookahead_days"": 21, ""planning_window_days"": 28}",3,20361107,b149bda853db7f2a21e1a5f4c63c1e0086e0ec43cbb25c287b63f1cd84cabb55,14289.26,261.91,18036.15,0.0,0.0,33.3,17080.7,31289,46297,5476,0,TIME_LIMIT,False,BASELINE_FALLBACK,True,ROLLING_QUALITY_BELOW_FULL_LOOKAHEAD,80,80,20,0,0,0,False,77705,2181260,25551260,,True,,,8081,1769,6312,7862,219,0,False,0,"[{""committed_round_count"": 63, ""fallback_used"": false, ""heuristic_candidate_pruning_used"": false, ""pruned_hard_compatible_pair_count"": 0, ""solver_status"": ""TIME_LIMIT"", ""strategy_used"": ""BASELINE_DECOMPOSED""}, {""committed_round_count"": 8, ""fallback_used"": false, ""heuristic_candidate_pruning_used"": false, ""pruned_hard_compatible_pair_count"": 0, ""solver_status"": ""TIME_LIMIT"", ""strategy_used"": ""BASELINE_DECOMPOSED""}, {""committed_round_count"": 5, ""fallback_used"": false, ""heuristic_candidate_pruning_used"": false, ""pruned_hard_compatible_pair_count"": 0, ""solver_status"": ""FEASIBLE"", ""strategy_used"": ""BASELINE_DECOMPOSED""}, {""committed_round_count"": 15, ""fallback_used"": false, ""heuristic_candidate_pruning_used"": false, ""pruned_hard_compatible_pair_count"": 0, ""solver_status"": ""FEASIBLE"", ""strategy_used"": ""BASELINE_DECOMPOSED""}]","[""COVERED_AREA_COUNT_BELOW_FULL_LOOKAHEAD""]","{""boundary_zero_service_rate"": null, ""covered_areas"": 71, ""late_horizon_zero_service_rate"": 0.7857142857142857, ""minimum_coverage_met"": false, ""non_boundary_zero_service_rate"": 0.29, ""service_rounds"": 91, ""underserved_points_covered"": 0}",,,,,,0.01,SYNTHETIC_GENERATOR_AND_SYNTHETIC_ROAD_EDGES
home_repair_mixed-100-10-seed20361107,HOME_REPAIR_MIXED,S4_GEOGRAPHIC_ROLLING_7_21,100,10,7,"{""commit_window_days"": 7, ""lookahead_days"": 21, ""planning_window_days"": 28}",1,20361107,b149bda853db7f2a21e1a5f4c63c1e0086e0ec43cbb25c287b63f1cd84cabb55,18666.97,552.56,27827.82,26071.84,0.0,61.62,44883.77,72618,106754,5476,0,TIME_LIMIT,False,GEOGRAPHIC_ROLLING,True,GEOGRAPHIC_WINDOW_BASELINE_FALLBACK,93,71,29,0,0,0,False,98687,2769772,29854772,,True,,,16478,2135,14343,16186,292,0,False,0,"[{""committed_round_count"": 9, ""fallback_used"": false, ""heuristic_candidate_pruning_used"": false, ""pruned_hard_compatible_pair_count"": 0, ""solver_status"": ""TIME_LIMIT"", ""strategy_used"": ""GEOGRAPHIC_CLUSTER""}, {""committed_round_count"": 20, ""fallback_used"": true, ""heuristic_candidate_pruning_used"": false, ""pruned_hard_compatible_pair_count"": 0, ""solver_status"": ""TIME_LIMIT"", ""strategy_used"": ""BASELINE_FALLBACK""}, {""committed_round_count"": 48, ""fallback_used"": true, ""heuristic_candidate_pruning_used"": false, ""pruned_hard_compatible_pair_count"": 0, ""solver_status"": ""TIME_LIMIT"", ""strategy_used"": ""BASELINE_FALLBACK""}, {""committed_round_count"": 16, ""fallback_used"": true, ""heuristic_candidate_pruning_used"": false, ""pruned_hard_compatible_pair_count"": 0, ""solver_status"": ""TIME_LIMIT"", ""strategy_used"": ""BASELINE_FALLBACK""}]",[],,0.19047619047619047,0.3620689655172414,0.7611940298507462,0.19047619047619047,0.3620689655172414,0.02,SYNTHETIC_GENERATOR_AND_SYNTHETIC_ROAD_EDGES
home_repair_mixed-100-10-seed20361107,HOME_REPAIR_MIXED,S4_GEOGRAPHIC_ROLLING_7_21,100,10,7,"{""commit_window_days"": 7, ""lookahead_days"": 21, ""planning_window_days"": 28}",2,20361107,b149bda853db7f2a21e1a5f4c63c1e0086e0ec43cbb25c287b63f1cd84cabb55,18752.37,578.3,27870.51,26097.12,0.0,45.64,44929.63,72618,106754,5476,0,TIME_LIMIT,False,GEOGRAPHIC_ROLLING,True,GEOGRAPHIC_WINDOW_BASELINE_FALLBACK,93,71,29,0,0,0,False,98687,2769772,29854772,,True,,,16478,2135,14343,16186,292,0,False,0,"[{""committed_round_count"": 9, ""fallback_used"": false, ""heuristic_candidate_pruning_used"": false, ""pruned_hard_compatible_pair_count"": 0, ""solver_status"": ""TIME_LIMIT"", ""strategy_used"": ""GEOGRAPHIC_CLUSTER""}, {""committed_round_count"": 20, ""fallback_used"": true, ""heuristic_candidate_pruning_used"": false, ""pruned_hard_compatible_pair_count"": 0, ""solver_status"": ""TIME_LIMIT"", ""strategy_used"": ""BASELINE_FALLBACK""}, {""committed_round_count"": 48, ""fallback_used"": true, ""heuristic_candidate_pruning_used"": false, ""pruned_hard_compatible_pair_count"": 0, ""solver_status"": ""TIME_LIMIT"", ""strategy_used"": ""BASELINE_FALLBACK""}, {""committed_round_count"": 16, ""fallback_used"": true, ""heuristic_candidate_pruning_used"": false, ""pruned_hard_compatible_pair_count"": 0, ""solver_status"": ""TIME_LIMIT"", ""strategy_used"": ""BASELINE_FALLBACK""}]",[],,0.19047619047619047,0.3620689655172414,0.7611940298507462,0.19047619047619047,0.3620689655172414,0.02,SYNTHETIC_GENERATOR_AND_SYNTHETIC_ROAD_EDGES
home_repair_mixed-100-10-seed20361107,HOME_REPAIR_MIXED,S4_GEOGRAPHIC_ROLLING_7_21,100,10,7,"{""commit_window_days"": 7, ""lookahead_days"": 21, ""planning_window_days"": 28}",3,20361107,b149bda853db7f2a21e1a5f4c63c1e0086e0ec43cbb25c287b63f1cd84cabb55,18419.46,571.74,27802.99,25885.77,0.0,46.96,44686.6,72618,106754,5476,0,TIME_LIMIT,False,GEOGRAPHIC_ROLLING,True,GEOGRAPHIC_WINDOW_BASELINE_FALLBACK,93,71,29,0,0,0,False,98687,2769772,29854772,,True,,,16478,2135,14343,16186,292,0,False,0,"[{""committed_round_count"": 9, ""fallback_used"": false, ""heuristic_candidate_pruning_used"": false, ""pruned_hard_compatible_pair_count"": 0, ""solver_status"": ""TIME_LIMIT"", ""strategy_used"": ""GEOGRAPHIC_CLUSTER""}, {""committed_round_count"": 20, ""fallback_used"": true, ""heuristic_candidate_pruning_used"": false, ""pruned_hard_compatible_pair_count"": 0, ""solver_status"": ""TIME_LIMIT"", ""strategy_used"": ""BASELINE_FALLBACK""}, {""committed_round_count"": 48, ""fallback_used"": true, ""heuristic_candidate_pruning_used"": false, ""pruned_hard_compatible_pair_count"": 0, ""solver_status"": ""TIME_LIMIT"", ""strategy_used"": ""BASELINE_FALLBACK""}, {""committed_round_count"": 16, ""fallback_used"": true, ""heuristic_candidate_pruning_used"": false, ""pruned_hard_compatible_pair_count"": 0, ""solver_status"": ""TIME_LIMIT"", ""strategy_used"": ""BASELINE_FALLBACK""}]",[],,0.19047619047619047,0.3620689655172414,0.7611940298507462,0.19047619047619047,0.3620689655172414,0.02,SYNTHETIC_GENERATOR_AND_SYNTHETIC_ROAD_EDGES
mass_decline-100-10-seed20361108,MASS_DECLINE,S0_MONOLITHIC,100,10,,FULL_MONTH,1,20361108,b96d8d178953d37114960ccb5f4316000e665a1edb768395488087543f7bafce,1615.71,66.31,2620.69,0.0,0.0,0.0,4308.36,101361,112786,1332,90048,TIME_LIMIT,False,BASELINE_MONOLITHIC,False,,0,0,100,,,,False,0,0,0,,True,,,91382,8990,82392,91382,0,0,False,0,[],[],,,,,,,0.0,SYNTHETIC_GENERATOR_AND_SYNTHETIC_ROAD_EDGES
mass_decline-100-10-seed20361108,MASS_DECLINE,S0_MONOLITHIC,100,10,,FULL_MONTH,2,20361108,b96d8d178953d37114960ccb5f4316000e665a1edb768395488087543f7bafce,1617.47,51.77,2615.91,0.0,1.87,0.0,4339.84,101361,112786,1332,90048,TIME_LIMIT,False,BASELINE_MONOLITHIC,False,,0,0,100,,,,False,0,0,0,,True,,,91382,8990,82392,91382,0,0,False,0,[],[],,,,,,,0.0,SYNTHETIC_GENERATOR_AND_SYNTHETIC_ROAD_EDGES
mass_decline-100-10-seed20361108,MASS_DECLINE,S0_MONOLITHIC,100,10,,FULL_MONTH,3,20361108,b96d8d178953d37114960ccb5f4316000e665a1edb768395488087543f7bafce,1596.1,56.0,2621.03,0.0,0.0,0.0,4286.94,101361,112786,1332,90048,TIME_LIMIT,False,BASELINE_MONOLITHIC,False,,0,0,100,,,,False,0,0,0,,True,,,91382,8990,82392,91382,0,0,False,0,[],[],,,,,,,0.0,SYNTHETIC_GENERATOR_AND_SYNTHETIC_ROAD_EDGES
mass_decline-100-10-seed20361108,MASS_DECLINE,S1_V5_BASELINE,100,10,,FULL_MONTH,1,20361108,b96d8d178953d37114960ccb5f4316000e665a1edb768395488087543f7bafce,2074.73,52.43,4357.0,0.0,0.0,4.66,4568.8,3390,5242,1332,0,TIME_LIMIT,False,BASELINE_DECOMPOSED,False,,29,29,71,0,0,0,False,56940,1597830,17927830,,True,,,1622,1432,190,1592,30,0,False,0,[],[],,,,,,,11.93,SYNTHETIC_GENERATOR_AND_SYNTHETIC_ROAD_EDGES
mass_decline-100-10-seed20361108,MASS_DECLINE,S1_V5_BASELINE,100,10,,FULL_MONTH,2,20361108,b96d8d178953d37114960ccb5f4316000e665a1edb768395488087543f7bafce,2016.56,52.77,4270.35,0.0,0.0,4.44,4484.11,3390,5242,1332,0,TIME_LIMIT,False,BASELINE_DECOMPOSED,False,,29,29,71,0,0,0,False,56940,1597830,17927830,,True,,,1622,1432,190,1592,30,0,False,0,[],[],,,,,,,12.35,SYNTHETIC_GENERATOR_AND_SYNTHETIC_ROAD_EDGES
mass_decline-100-10-seed20361108,MASS_DECLINE,S1_V5_BASELINE,100,10,,FULL_MONTH,3,20361108,b96d8d178953d37114960ccb5f4316000e665a1edb768395488087543f7bafce,2021.13,52.91,4283.42,0.0,0.0,4.27,4495.92,3390,5242,1332,0,TIME_LIMIT,False,BASELINE_DECOMPOSED,False,,29,29,71,0,0,0,False,56940,1597830,17927830,,True,,,1622,1432,190,1592,30,0,False,0,[],[],,,,,,,11.94,SYNTHETIC_GENERATOR_AND_SYNTHETIC_ROAD_EDGES
mass_decline-100-10-seed20361108,MASS_DECLINE,S2_GEOGRAPHIC_CLUSTER,100,10,7,FULL_MONTH,1,20361108,b96d8d178953d37114960ccb5f4316000e665a1edb768395488087543f7bafce,152.54,103.42,6326.64,1271.74,0.0,2.99,4649.45,7770,11964,1332,0,TIME_LIMIT,False,GEOGRAPHIC_CLUSTER,False,,16,16,84,0,0,0,False,32113,901067,11866067,,True,,"{""budget"": true, ""minimum_coverage_reported_truthfully"": true, ""provider_capacity"": true, ""provider_monthly_compensation"": true, ""route_feasibility"": true, ""schedule_overlap_and_daily_hours"": true, ""service_compatibility"": true}",2734,1374,1360,2718,16,0,False,0,[],[],,,,,0.8333333333333334,0.8428571428571429,11.86,SYNTHETIC_GENERATOR_AND_SYNTHETIC_ROAD_EDGES
mass_decline-100-10-seed20361108,MASS_DECLINE,S2_GEOGRAPHIC_CLUSTER,100,10,7,FULL_MONTH,2,20361108,b96d8d178953d37114960ccb5f4316000e665a1edb768395488087543f7bafce,153.6,103.49,6338.36,1266.17,0.0,3.74,4634.56,7770,11964,1332,0,TIME_LIMIT,False,GEOGRAPHIC_CLUSTER,False,,16,16,84,0,0,0,False,32113,901067,11866067,,True,,"{""budget"": true, ""minimum_coverage_reported_truthfully"": true, ""provider_capacity"": true, ""provider_monthly_compensation"": true, ""route_feasibility"": true, ""schedule_overlap_and_daily_hours"": true, ""service_compatibility"": true}",2734,1374,1360,2718,16,0,False,0,[],[],,,,,0.8333333333333334,0.8428571428571429,12.27,SYNTHETIC_GENERATOR_AND_SYNTHETIC_ROAD_EDGES
mass_decline-100-10-seed20361108,MASS_DECLINE,S2_GEOGRAPHIC_CLUSTER,100,10,7,FULL_MONTH,3,20361108,b96d8d178953d37114960ccb5f4316000e665a1edb768395488087543f7bafce,154.7,105.64,6342.14,1264.02,0.0,2.83,4636.05,7770,11964,1332,0,TIME_LIMIT,False,GEOGRAPHIC_CLUSTER,False,,16,16,84,0,0,0,False,32113,901067,11866067,,True,,"{""budget"": true, ""minimum_coverage_reported_truthfully"": true, ""provider_capacity"": true, ""provider_monthly_compensation"": true, ""route_feasibility"": true, ""schedule_overlap_and_daily_hours"": true, ""service_compatibility"": true}",2734,1374,1360,2718,16,0,False,0,[],[],,,,,0.8333333333333334,0.8428571428571429,12.14,SYNTHETIC_GENERATOR_AND_SYNTHETIC_ROAD_EDGES
mass_decline-100-10-seed20361108,MASS_DECLINE,S3_ROLLING_HORIZON_7_21,100,10,,"{""commit_window_days"": 7, ""lookahead_days"": 21, ""planning_window_days"": 28}",1,20361108,b96d8d178953d37114960ccb5f4316000e665a1edb768395488087543f7bafce,8784.78,200.25,16086.14,0.0,0.0,17.77,14399.73,15633,24040,1332,0,TIME_LIMIT,False,BASELINE_FALLBACK,True,ROLLING_QUALITY_BELOW_FULL_LOOKAHEAD,29,29,71,0,0,0,False,56940,1597830,17927830,,True,,,8009,1627,6382,7892,117,0,False,0,"[{""committed_round_count"": 3, ""fallback_used"": false, ""heuristic_candidate_pruning_used"": false, ""pruned_hard_compatible_pair_count"": 0, ""solver_status"": ""TIME_LIMIT"", ""strategy_used"": ""BASELINE_DECOMPOSED""}, {""committed_round_count"": 10, ""fallback_used"": false, ""heuristic_candidate_pruning_used"": false, ""pruned_hard_compatible_pair_count"": 0, ""solver_status"": ""TIME_LIMIT"", ""strategy_used"": ""BASELINE_DECOMPOSED""}, {""committed_round_count"": 5, ""fallback_used"": false, ""heuristic_candidate_pruning_used"": false, ""pruned_hard_compatible_pair_count"": 0, ""solver_status"": ""FEASIBLE"", ""strategy_used"": ""BASELINE_DECOMPOSED""}, {""committed_round_count"": 11, ""fallback_used"": false, ""heuristic_candidate_pruning_used"": false, ""pruned_hard_compatible_pair_count"": 0, ""solver_status"": ""FEASIBLE"", ""strategy_used"": ""BASELINE_DECOMPOSED""}]","[""COVERED_AREA_COUNT_BELOW_FULL_LOOKAHEAD""]","{""boundary_zero_service_rate"": null, ""covered_areas"": 28, ""late_horizon_zero_service_rate"": 0.8777777777777778, ""minimum_coverage_met"": false, ""non_boundary_zero_service_rate"": 0.72, ""service_rounds"": 29, ""underserved_points_covered"": 0}",,,,,,0.03,SYNTHETIC_GENERATOR_AND_SYNTHETIC_ROAD_EDGES
mass_decline-100-10-seed20361108,MASS_DECLINE,S3_ROLLING_HORIZON_7_21,100,10,,"{""commit_window_days"": 7, ""lookahead_days"": 21, ""planning_window_days"": 28}",2,20361108,b96d8d178953d37114960ccb5f4316000e665a1edb768395488087543f7bafce,8753.86,198.5,15948.22,0.0,0.0,18.96,14309.87,15633,24040,1332,0,TIME_LIMIT,False,BASELINE_FALLBACK,True,ROLLING_QUALITY_BELOW_FULL_LOOKAHEAD,29,29,71,0,0,0,False,56940,1597830,17927830,,True,,,8009,1627,6382,7892,117,0,False,0,"[{""committed_round_count"": 3, ""fallback_used"": false, ""heuristic_candidate_pruning_used"": false, ""pruned_hard_compatible_pair_count"": 0, ""solver_status"": ""TIME_LIMIT"", ""strategy_used"": ""BASELINE_DECOMPOSED""}, {""committed_round_count"": 10, ""fallback_used"": false, ""heuristic_candidate_pruning_used"": false, ""pruned_hard_compatible_pair_count"": 0, ""solver_status"": ""TIME_LIMIT"", ""strategy_used"": ""BASELINE_DECOMPOSED""}, {""committed_round_count"": 5, ""fallback_used"": false, ""heuristic_candidate_pruning_used"": false, ""pruned_hard_compatible_pair_count"": 0, ""solver_status"": ""FEASIBLE"", ""strategy_used"": ""BASELINE_DECOMPOSED""}, {""committed_round_count"": 11, ""fallback_used"": false, ""heuristic_candidate_pruning_used"": false, ""pruned_hard_compatible_pair_count"": 0, ""solver_status"": ""FEASIBLE"", ""strategy_used"": ""BASELINE_DECOMPOSED""}]","[""COVERED_AREA_COUNT_BELOW_FULL_LOOKAHEAD""]","{""boundary_zero_service_rate"": null, ""covered_areas"": 28, ""late_horizon_zero_service_rate"": 0.8777777777777778, ""minimum_coverage_met"": false, ""non_boundary_zero_service_rate"": 0.72, ""service_rounds"": 29, ""underserved_points_covered"": 0}",,,,,,0.02,SYNTHETIC_GENERATOR_AND_SYNTHETIC_ROAD_EDGES
mass_decline-100-10-seed20361108,MASS_DECLINE,S3_ROLLING_HORIZON_7_21,100,10,,"{""commit_window_days"": 7, ""lookahead_days"": 21, ""planning_window_days"": 28}",3,20361108,b96d8d178953d37114960ccb5f4316000e665a1edb768395488087543f7bafce,8733.2,200.49,15969.85,0.0,0.0,20.58,14321.89,15633,24040,1332,0,TIME_LIMIT,False,BASELINE_FALLBACK,True,ROLLING_QUALITY_BELOW_FULL_LOOKAHEAD,29,29,71,0,0,0,False,56940,1597830,17927830,,True,,,8009,1627,6382,7892,117,0,False,0,"[{""committed_round_count"": 3, ""fallback_used"": false, ""heuristic_candidate_pruning_used"": false, ""pruned_hard_compatible_pair_count"": 0, ""solver_status"": ""TIME_LIMIT"", ""strategy_used"": ""BASELINE_DECOMPOSED""}, {""committed_round_count"": 10, ""fallback_used"": false, ""heuristic_candidate_pruning_used"": false, ""pruned_hard_compatible_pair_count"": 0, ""solver_status"": ""TIME_LIMIT"", ""strategy_used"": ""BASELINE_DECOMPOSED""}, {""committed_round_count"": 5, ""fallback_used"": false, ""heuristic_candidate_pruning_used"": false, ""pruned_hard_compatible_pair_count"": 0, ""solver_status"": ""FEASIBLE"", ""strategy_used"": ""BASELINE_DECOMPOSED""}, {""committed_round_count"": 11, ""fallback_used"": false, ""heuristic_candidate_pruning_used"": false, ""pruned_hard_compatible_pair_count"": 0, ""solver_status"": ""FEASIBLE"", ""strategy_used"": ""BASELINE_DECOMPOSED""}]","[""COVERED_AREA_COUNT_BELOW_FULL_LOOKAHEAD""]","{""boundary_zero_service_rate"": null, ""covered_areas"": 28, ""late_horizon_zero_service_rate"": 0.8777777777777778, ""minimum_coverage_met"": false, ""non_boundary_zero_service_rate"": 0.72, ""service_rounds"": 29, ""underserved_points_covered"": 0}",,,,,,0.01,SYNTHETIC_GENERATOR_AND_SYNTHETIC_ROAD_EDGES
mass_decline-100-10-seed20361108,MASS_DECLINE,S4_GEOGRAPHIC_ROLLING_7_21,100,10,7,"{""commit_window_days"": 7, ""lookahead_days"": 21, ""planning_window_days"": 28}",1,20361108,b96d8d178953d37114960ccb5f4316000e665a1edb768395488087543f7bafce,2455.92,349.16,19717.32,6596.53,0.0,16.98,18416.49,27977,43083,1332,0,TIME_LIMIT,False,GEOGRAPHIC_ROLLING,False,,30,30,70,0,0,0,False,39064,1096237,20831237,,True,,,12791,1677,11114,12682,109,0,False,0,"[{""committed_round_count"": 1, ""fallback_used"": false, ""heuristic_candidate_pruning_used"": false, ""pruned_hard_compatible_pair_count"": 0, ""solver_status"": ""TIME_LIMIT"", ""strategy_used"": ""GEOGRAPHIC_CLUSTER""}, {""committed_round_count"": 0, ""fallback_used"": false, ""heuristic_candidate_pruning_used"": false, ""pruned_hard_compatible_pair_count"": 0, ""solver_status"": ""TIME_LIMIT"", ""strategy_used"": ""GEOGRAPHIC_CLUSTER""}, {""committed_round_count"": 6, ""fallback_used"": false, ""heuristic_candidate_pruning_used"": false, ""pruned_hard_compatible_pair_count"": 0, ""solver_status"": ""TIME_LIMIT"", ""strategy_used"": ""GEOGRAPHIC_CLUSTER""}, {""committed_round_count"": 23, ""fallback_used"": false, ""heuristic_candidate_pruning_used"": false, ""pruned_hard_compatible_pair_count"": 0, ""solver_status"": ""FEASIBLE"", ""strategy_used"": ""GEOGRAPHIC_CLUSTER""}]",[],,0.6666666666666666,0.7142857142857143,0.7526881720430108,0.6666666666666666,0.7142857142857143,0.01,SYNTHETIC_GENERATOR_AND_SYNTHETIC_ROAD_EDGES
mass_decline-100-10-seed20361108,MASS_DECLINE,S4_GEOGRAPHIC_ROLLING_7_21,100,10,7,"{""commit_window_days"": 7, ""lookahead_days"": 21, ""planning_window_days"": 28}",2,20361108,b96d8d178953d37114960ccb5f4316000e665a1edb768395488087543f7bafce,2440.45,354.17,19677.63,6577.45,0.0,16.8,18386.16,27977,43083,1332,0,TIME_LIMIT,False,GEOGRAPHIC_ROLLING,False,,30,30,70,0,0,0,False,39064,1096237,20831237,,True,,,12791,1677,11114,12682,109,0,False,0,"[{""committed_round_count"": 1, ""fallback_used"": false, ""heuristic_candidate_pruning_used"": false, ""pruned_hard_compatible_pair_count"": 0, ""solver_status"": ""TIME_LIMIT"", ""strategy_used"": ""GEOGRAPHIC_CLUSTER""}, {""committed_round_count"": 0, ""fallback_used"": false, ""heuristic_candidate_pruning_used"": false, ""pruned_hard_compatible_pair_count"": 0, ""solver_status"": ""TIME_LIMIT"", ""strategy_used"": ""GEOGRAPHIC_CLUSTER""}, {""committed_round_count"": 6, ""fallback_used"": false, ""heuristic_candidate_pruning_used"": false, ""pruned_hard_compatible_pair_count"": 0, ""solver_status"": ""TIME_LIMIT"", ""strategy_used"": ""GEOGRAPHIC_CLUSTER""}, {""committed_round_count"": 23, ""fallback_used"": false, ""heuristic_candidate_pruning_used"": false, ""pruned_hard_compatible_pair_count"": 0, ""solver_status"": ""FEASIBLE"", ""strategy_used"": ""GEOGRAPHIC_CLUSTER""}]",[],,0.6666666666666666,0.7142857142857143,0.7526881720430108,0.6666666666666666,0.7142857142857143,0.01,SYNTHETIC_GENERATOR_AND_SYNTHETIC_ROAD_EDGES
mass_decline-100-10-seed20361108,MASS_DECLINE,S4_GEOGRAPHIC_ROLLING_7_21,100,10,7,"{""commit_window_days"": 7, ""lookahead_days"": 21, ""planning_window_days"": 28}",3,20361108,b96d8d178953d37114960ccb5f4316000e665a1edb768395488087543f7bafce,2423.04,350.99,19640.85,6568.23,0.0,17.15,18350.27,27977,43083,1332,0,TIME_LIMIT,False,GEOGRAPHIC_ROLLING,False,,30,30,70,0,0,0,False,39064,1096237,20831237,,True,,,12791,1677,11114,12682,109,0,False,0,"[{""committed_round_count"": 1, ""fallback_used"": false, ""heuristic_candidate_pruning_used"": false, ""pruned_hard_compatible_pair_count"": 0, ""solver_status"": ""TIME_LIMIT"", ""strategy_used"": ""GEOGRAPHIC_CLUSTER""}, {""committed_round_count"": 0, ""fallback_used"": false, ""heuristic_candidate_pruning_used"": false, ""pruned_hard_compatible_pair_count"": 0, ""solver_status"": ""TIME_LIMIT"", ""strategy_used"": ""GEOGRAPHIC_CLUSTER""}, {""committed_round_count"": 6, ""fallback_used"": false, ""heuristic_candidate_pruning_used"": false, ""pruned_hard_compatible_pair_count"": 0, ""solver_status"": ""TIME_LIMIT"", ""strategy_used"": ""GEOGRAPHIC_CLUSTER""}, {""committed_round_count"": 23, ""fallback_used"": false, ""heuristic_candidate_pruning_used"": false, ""pruned_hard_compatible_pair_count"": 0, ""solver_status"": ""FEASIBLE"", ""strategy_used"": ""GEOGRAPHIC_CLUSTER""}]",[],,0.6666666666666666,0.7142857142857143,0.7526881720430108,0.6666666666666666,0.7142857142857143,0.01,SYNTHETIC_GENERATOR_AND_SYNTHETIC_ROAD_EDGES
normal-200-20-seed20461202,NORMAL,S0_MONOLITHIC,200,20,,FULL_MONTH,1,20461202,5f4172e719957df608e998a5be7664e86fa83485cf28c77ea2bf481a24993952,0,0.0,0.0,0.0,0.0,0.0,,0,0,23328,3092336,SKIPPED_PREDICTED_BUILD_TOO_LARGE,False,,False,,,,,,,,,,,,,,,,,,,,,,False,0,[],[],,,,,,,0.0,SYNTHETIC_GENERATOR_AND_SYNTHETIC_ROAD_EDGES
normal-200-20-seed20461202,NORMAL,S0_MONOLITHIC,200,20,,FULL_MONTH,2,20461202,5f4172e719957df608e998a5be7664e86fa83485cf28c77ea2bf481a24993952,0,0.0,0.0,0.0,0.0,0.0,,0,0,23328,3092336,SKIPPED_PREDICTED_BUILD_TOO_LARGE,False,,False,,,,,,,,,,,,,,,,,,,,,,False,0,[],[],,,,,,,0.0,SYNTHETIC_GENERATOR_AND_SYNTHETIC_ROAD_EDGES
normal-200-20-seed20461202,NORMAL,S0_MONOLITHIC,200,20,,FULL_MONTH,3,20461202,5f4172e719957df608e998a5be7664e86fa83485cf28c77ea2bf481a24993952,0,0.0,0.0,0.0,0.0,0.0,,0,0,23328,3092336,SKIPPED_PREDICTED_BUILD_TOO_LARGE,False,,False,,,,,,,,,,,,,,,,,,,,,,False,0,[],[],,,,,,,0.0,SYNTHETIC_GENERATOR_AND_SYNTHETIC_ROAD_EDGES
normal-200-20-seed20461202,NORMAL,S1_V5_BASELINE,200,20,,FULL_MONTH,1,20461202,5f4172e719957df608e998a5be7664e86fa83485cf28c77ea2bf481a24993952,2823.56,311.19,3543.68,0.0,0.0,0.0,4107.04,22675,33177,23328,0,UNKNOWN,False,BASELINE_DECOMPOSED,False,,0,0,200,,,,False,0,0,0,,True,,,5334,5334,0,5334,0,0,False,0,[],[],,,,,,,0.0,SYNTHETIC_GENERATOR_AND_SYNTHETIC_ROAD_EDGES
normal-200-20-seed20461202,NORMAL,S1_V5_BASELINE,200,20,,FULL_MONTH,2,20461202,5f4172e719957df608e998a5be7664e86fa83485cf28c77ea2bf481a24993952,2820.74,309.15,3544.18,0.0,0.0,0.0,4106.72,22675,33177,23328,0,UNKNOWN,False,BASELINE_DECOMPOSED,False,,0,0,200,,,,False,0,0,0,,True,,,5334,5334,0,5334,0,0,False,0,[],[],,,,,,,0.0,SYNTHETIC_GENERATOR_AND_SYNTHETIC_ROAD_EDGES
normal-200-20-seed20461202,NORMAL,S1_V5_BASELINE,200,20,,FULL_MONTH,3,20461202,5f4172e719957df608e998a5be7664e86fa83485cf28c77ea2bf481a24993952,2780.65,316.09,3492.41,0.0,0.0,0.0,4060.92,22675,33177,23328,0,UNKNOWN,False,BASELINE_DECOMPOSED,False,,0,0,200,,,,False,0,0,0,,True,,,5334,5334,0,5334,0,0,False,0,[],[],,,,,,,0.0,SYNTHETIC_GENERATOR_AND_SYNTHETIC_ROAD_EDGES
normal-200-20-seed20461202,NORMAL,S2_GEOGRAPHIC_CLUSTER,200,20,13,FULL_MONTH,1,20461202,5f4172e719957df608e998a5be7664e86fa83485cf28c77ea2bf481a24993952,5633.74,658.39,2313.92,6731.09,0.0,0.0,9223.35,45938,67999,23328,0,UNKNOWN,False,BASELINE_FALLBACK,True,GEOGRAPHIC_RECONCILIATION_FAILED,0,0,200,,,,False,0,0,0,,True,,"{""budget"": true, ""minimum_coverage_reported_truthfully"": true, ""provider_capacity"": true, ""provider_monthly_compensation"": true, ""route_feasibility"": true, ""schedule_overlap_and_daily_hours"": true, ""service_compatibility"": true}",10668,5334,5334,10668,0,0,False,0,[],[],,,,,1.0,1.0,0.0,SYNTHETIC_GENERATOR_AND_SYNTHETIC_ROAD_EDGES
normal-200-20-seed20461202,NORMAL,S2_GEOGRAPHIC_CLUSTER,200,20,13,FULL_MONTH,2,20461202,5f4172e719957df608e998a5be7664e86fa83485cf28c77ea2bf481a24993952,5671.32,633.88,2302.76,6781.92,0.0,0.0,9230.91,45938,67999,23328,0,UNKNOWN,False,BASELINE_FALLBACK,True,GEOGRAPHIC_RECONCILIATION_FAILED,0,0,200,,,,False,0,0,0,,True,,"{""budget"": true, ""minimum_coverage_reported_truthfully"": true, ""provider_capacity"": true, ""provider_monthly_compensation"": true, ""route_feasibility"": true, ""schedule_overlap_and_daily_hours"": true, ""service_compatibility"": true}",10668,5334,5334,10668,0,0,False,0,[],[],,,,,1.0,1.0,0.0,SYNTHETIC_GENERATOR_AND_SYNTHETIC_ROAD_EDGES
normal-200-20-seed20461202,NORMAL,S2_GEOGRAPHIC_CLUSTER,200,20,13,FULL_MONTH,3,20461202,5f4172e719957df608e998a5be7664e86fa83485cf28c77ea2bf481a24993952,5704.68,628.84,2298.76,6802.52,0.0,0.0,9253.35,45938,67999,23328,0,UNKNOWN,False,BASELINE_FALLBACK,True,GEOGRAPHIC_RECONCILIATION_FAILED,0,0,200,,,,False,0,0,0,,True,,"{""budget"": true, ""minimum_coverage_reported_truthfully"": true, ""provider_capacity"": true, ""provider_monthly_compensation"": true, ""route_feasibility"": true, ""schedule_overlap_and_daily_hours"": true, ""service_compatibility"": true}",10668,5334,5334,10668,0,0,False,0,[],[],,,,,1.0,1.0,0.0,SYNTHETIC_GENERATOR_AND_SYNTHETIC_ROAD_EDGES
normal-200-20-seed20461202,NORMAL,S3_ROLLING_HORIZON_7_21,200,20,,"{""commit_window_days"": 7, ""lookahead_days"": 21, ""planning_window_days"": 28}",1,20461202,5f4172e719957df608e998a5be7664e86fa83485cf28c77ea2bf481a24993952,8442.47,641.49,8212.7,0.0,0.0,0.0,8126.69,55710,82289,23328,0,UNKNOWN,False,BASELINE_FALLBACK,True,ROLLING_HORIZON_WINDOW_SOLVE_FAILED,0,0,200,,,,False,0,0,0,,True,,,10668,5334,5334,10668,0,0,False,0,[],[],,,,,,,0.0,SYNTHETIC_GENERATOR_AND_SYNTHETIC_ROAD_EDGES
normal-200-20-seed20461202,NORMAL,S3_ROLLING_HORIZON_7_21,200,20,,"{""commit_window_days"": 7, ""lookahead_days"": 21, ""planning_window_days"": 28}",2,20461202,5f4172e719957df608e998a5be7664e86fa83485cf28c77ea2bf481a24993952,8479.99,604.81,8257.54,0.0,0.0,0.0,8139.39,55710,82289,23328,0,UNKNOWN,False,BASELINE_FALLBACK,True,ROLLING_HORIZON_WINDOW_SOLVE_FAILED,0,0,200,,,,False,0,0,0,,True,,,10668,5334,5334,10668,0,0,False,0,[],[],,,,,,,0.0,SYNTHETIC_GENERATOR_AND_SYNTHETIC_ROAD_EDGES
normal-200-20-seed20461202,NORMAL,S3_ROLLING_HORIZON_7_21,200,20,,"{""commit_window_days"": 7, ""lookahead_days"": 21, ""planning_window_days"": 28}",3,20461202,5f4172e719957df608e998a5be7664e86fa83485cf28c77ea2bf481a24993952,8537.99,604.17,8306.79,0.0,0.0,0.0,8160.13,55710,82289,23328,0,UNKNOWN,False,BASELINE_FALLBACK,True,ROLLING_HORIZON_WINDOW_SOLVE_FAILED,0,0,200,,,,False,0,0,0,,True,,,10668,5334,5334,10668,0,0,False,0,[],[],,,,,,,0.0,SYNTHETIC_GENERATOR_AND_SYNTHETIC_ROAD_EDGES
normal-200-20-seed20461202,NORMAL,S4_GEOGRAPHIC_ROLLING_7_21,200,20,,"{""commit_window_days"": 7, ""lookahead_days"": 21, ""planning_window_days"": 28}",1,20461202,5f4172e719957df608e998a5be7664e86fa83485cf28c77ea2bf481a24993952,11444.68,955.01,4623.94,9212.61,0.0,0.0,13404.97,78973,117111,23328,0,UNKNOWN,False,BASELINE_FALLBACK,True,ROLLING_HORIZON_WINDOW_SOLVE_FAILED,0,0,200,,,,False,0,0,0,,True,,,16002,5334,10668,16002,0,0,False,0,[],[],,,,,,,0.0,SYNTHETIC_GENERATOR_AND_SYNTHETIC_ROAD_EDGES
normal-200-20-seed20461202,NORMAL,S4_GEOGRAPHIC_ROLLING_7_21,200,20,,"{""commit_window_days"": 7, ""lookahead_days"": 21, ""planning_window_days"": 28}",2,20461202,5f4172e719957df608e998a5be7664e86fa83485cf28c77ea2bf481a24993952,11327.82,951.8,4608.42,9158.06,0.0,0.0,13295.07,78973,117111,23328,0,UNKNOWN,False,BASELINE_FALLBACK,True,ROLLING_HORIZON_WINDOW_SOLVE_FAILED,0,0,200,,,,False,0,0,0,,True,,,16002,5334,10668,16002,0,0,False,0,[],[],,,,,,,0.0,SYNTHETIC_GENERATOR_AND_SYNTHETIC_ROAD_EDGES
normal-200-20-seed20461202,NORMAL,S4_GEOGRAPHIC_ROLLING_7_21,200,20,,"{""commit_window_days"": 7, ""lookahead_days"": 21, ""planning_window_days"": 28}",3,20461202,5f4172e719957df608e998a5be7664e86fa83485cf28c77ea2bf481a24993952,11317.98,956.79,4601.92,9162.1,0.0,0.0,13333.53,78973,117111,23328,0,UNKNOWN,False,BASELINE_FALLBACK,True,ROLLING_HORIZON_WINDOW_SOLVE_FAILED,0,0,200,,,,False,0,0,0,,True,,,16002,5334,10668,16002,0,0,False,0,[],[],,,,,,,0.0,SYNTHETIC_GENERATOR_AND_SYNTHETIC_ROAD_EDGES
tight_budget-200-20-seed20461203,TIGHT_BUDGET,S0_MONOLITHIC,200,20,,FULL_MONTH,1,20461203,e0c45fe42976e540764e8ac1846e96f67751f24468f1e6687df6eac60cb61f21,0,0.0,0.0,0.0,0.0,0.0,,0,0,23424,3117632,SKIPPED_PREDICTED_BUILD_TOO_LARGE,False,,False,,,,,,,,,,,,,,,,,,,,,,False,0,[],[],,,,,,,0.0,SYNTHETIC_GENERATOR_AND_SYNTHETIC_ROAD_EDGES
tight_budget-200-20-seed20461203,TIGHT_BUDGET,S0_MONOLITHIC,200,20,,FULL_MONTH,2,20461203,e0c45fe42976e540764e8ac1846e96f67751f24468f1e6687df6eac60cb61f21,0,0.0,0.0,0.0,0.0,0.0,,0,0,23424,3117632,SKIPPED_PREDICTED_BUILD_TOO_LARGE,False,,False,,,,,,,,,,,,,,,,,,,,,,False,0,[],[],,,,,,,0.0,SYNTHETIC_GENERATOR_AND_SYNTHETIC_ROAD_EDGES
tight_budget-200-20-seed20461203,TIGHT_BUDGET,S0_MONOLITHIC,200,20,,FULL_MONTH,3,20461203,e0c45fe42976e540764e8ac1846e96f67751f24468f1e6687df6eac60cb61f21,0,0.0,0.0,0.0,0.0,0.0,,0,0,23424,3117632,SKIPPED_PREDICTED_BUILD_TOO_LARGE,False,,False,,,,,,,,,,,,,,,,,,,,,,False,0,[],[],,,,,,,0.0,SYNTHETIC_GENERATOR_AND_SYNTHETIC_ROAD_EDGES
tight_budget-200-20-seed20461203,TIGHT_BUDGET,S1_V5_BASELINE,200,20,,FULL_MONTH,1,20461203,e0c45fe42976e540764e8ac1846e96f67751f24468f1e6687df6eac60cb61f21,2900.55,311.82,4556.7,0.0,0.0,6.39,5076.45,15686,22721,23424,0,TIME_LIMIT,False,BASELINE_DECOMPOSED,False,,50,50,150,0,0,0,False,71424,2004751,15214751,,True,,,5761,5479,282,5720,41,0,False,0,[],[],,,,,,,523.46,SYNTHETIC_GENERATOR_AND_SYNTHETIC_ROAD_EDGES
tight_budget-200-20-seed20461203,TIGHT_BUDGET,S1_V5_BASELINE,200,20,,FULL_MONTH,2,20461203,e0c45fe42976e540764e8ac1846e96f67751f24468f1e6687df6eac60cb61f21,2967.64,309.53,4617.4,0.0,0.0,6.14,5114.96,15686,22721,23424,0,TIME_LIMIT,False,BASELINE_DECOMPOSED,False,,50,50,150,0,0,0,False,71424,2004751,15214751,,True,,,5761,5479,282,5720,41,0,False,0,[],[],,,,,,,526.53,SYNTHETIC_GENERATOR_AND_SYNTHETIC_ROAD_EDGES
tight_budget-200-20-seed20461203,TIGHT_BUDGET,S1_V5_BASELINE,200,20,,FULL_MONTH,3,20461203,e0c45fe42976e540764e8ac1846e96f67751f24468f1e6687df6eac60cb61f21,2832.62,314.34,4508.76,0.0,0.0,6.54,5009.4,15686,22721,23424,0,TIME_LIMIT,False,BASELINE_DECOMPOSED,False,,50,50,150,0,0,0,False,71424,2004751,15214751,,True,,,5761,5479,282,5720,41,0,False,0,[],[],,,,,,,549.06,SYNTHETIC_GENERATOR_AND_SYNTHETIC_ROAD_EDGES
tight_budget-200-20-seed20461203,TIGHT_BUDGET,S2_GEOGRAPHIC_CLUSTER,200,20,13,FULL_MONTH,1,20461203,e0c45fe42976e540764e8ac1846e96f67751f24468f1e6687df6eac60cb61f21,768.06,641.78,5340.46,6268.13,0.0,1.03,10197.82,42594,61831,23424,0,TIME_LIMIT,False,GEOGRAPHIC_CLUSTER,False,,28,28,172,0,0,0,False,46669,1310001,15540001,,True,,"{""budget"": true, ""minimum_coverage_reported_truthfully"": true, ""provider_capacity"": true, ""provider_monthly_compensation"": true, ""route_feasibility"": true, ""schedule_overlap_and_daily_hours"": true, ""service_compatibility"": true}",10689,5341,5348,10686,3,0,False,0,[],[],,,,,0.7954545454545454,0.9107142857142857,525.7,SYNTHETIC_GENERATOR_AND_SYNTHETIC_ROAD_EDGES
tight_budget-200-20-seed20461203,TIGHT_BUDGET,S2_GEOGRAPHIC_CLUSTER,200,20,13,FULL_MONTH,2,20461203,e0c45fe42976e540764e8ac1846e96f67751f24468f1e6687df6eac60cb61f21,700.6,630.4,5331.06,6444.66,0.0,0.99,10307.2,42594,61831,23424,0,TIME_LIMIT,False,GEOGRAPHIC_CLUSTER,False,,28,28,172,0,0,0,False,46669,1310001,15540001,,True,,"{""budget"": true, ""minimum_coverage_reported_truthfully"": true, ""provider_capacity"": true, ""provider_monthly_compensation"": true, ""route_feasibility"": true, ""schedule_overlap_and_daily_hours"": true, ""service_compatibility"": true}",10689,5341,5348,10686,3,0,False,0,[],[],,,,,0.7954545454545454,0.9107142857142857,550.8,SYNTHETIC_GENERATOR_AND_SYNTHETIC_ROAD_EDGES
tight_budget-200-20-seed20461203,TIGHT_BUDGET,S2_GEOGRAPHIC_CLUSTER,200,20,13,FULL_MONTH,3,20461203,e0c45fe42976e540764e8ac1846e96f67751f24468f1e6687df6eac60cb61f21,729.88,646.87,5321.98,6296.91,0.0,1.07,10186.73,42594,61831,23424,0,TIME_LIMIT,False,GEOGRAPHIC_CLUSTER,False,,28,28,172,0,0,0,False,46669,1310001,15540001,,True,,"{""budget"": true, ""minimum_coverage_reported_truthfully"": true, ""provider_capacity"": true, ""provider_monthly_compensation"": true, ""route_feasibility"": true, ""schedule_overlap_and_daily_hours"": true, ""service_compatibility"": true}",10689,5341,5348,10686,3,0,False,0,[],[],,,,,0.7954545454545454,0.9107142857142857,531.42,SYNTHETIC_GENERATOR_AND_SYNTHETIC_ROAD_EDGES
tight_budget-200-20-seed20461203,TIGHT_BUDGET,S3_ROLLING_HORIZON_7_21,200,20,,"{""commit_window_days"": 7, ""lookahead_days"": 21, ""planning_window_days"": 28}",1,20461203,e0c45fe42976e540764e8ac1846e96f67751f24468f1e6687df6eac60cb61f21,18245.01,1158.5,21026.58,0.0,0.0,20.24,21289.1,74904,108255,23424,0,TIME_LIMIT,False,BASELINE_FALLBACK,True,ROLLING_QUALITY_BELOW_FULL_LOOKAHEAD,50,50,150,0,0,0,False,71424,2004751,15214751,,True,,,27197,5568,21629,27072,125,0,False,0,"[{""committed_round_count"": 30, ""fallback_used"": false, ""heuristic_candidate_pruning_used"": false, ""pruned_hard_compatible_pair_count"": 0, ""solver_status"": ""TIME_LIMIT"", ""strategy_used"": ""BASELINE_DECOMPOSED""}, {""committed_round_count"": 3, ""fallback_used"": false, ""heuristic_candidate_pruning_used"": false, ""pruned_hard_compatible_pair_count"": 0, ""solver_status"": ""TIME_LIMIT"", ""strategy_used"": ""BASELINE_DECOMPOSED""}, {""committed_round_count"": 4, ""fallback_used"": false, ""heuristic_candidate_pruning_used"": false, ""pruned_hard_compatible_pair_count"": 0, ""solver_status"": ""TIME_LIMIT"", ""strategy_used"": ""BASELINE_DECOMPOSED""}, {""committed_round_count"": 14, ""fallback_used"": false, ""heuristic_candidate_pruning_used"": false, ""pruned_hard_compatible_pair_count"": 0, ""solver_status"": ""FEASIBLE"", ""strategy_used"": ""BASELINE_DECOMPOSED""}]","[""COVERED_AREA_COUNT_BELOW_FULL_LOOKAHEAD""]","{""boundary_zero_service_rate"": null, ""covered_areas"": 38, ""late_horizon_zero_service_rate"": 0.9263157894736842, ""minimum_coverage_met"": false, ""non_boundary_zero_service_rate"": 0.81, ""service_rounds"": 51, ""underserved_points_covered"": 0}",,,,,,0.01,SYNTHETIC_GENERATOR_AND_SYNTHETIC_ROAD_EDGES
tight_budget-200-20-seed20461203,TIGHT_BUDGET,S3_ROLLING_HORIZON_7_21,200,20,,"{""commit_window_days"": 7, ""lookahead_days"": 21, ""planning_window_days"": 28}",2,20461203,e0c45fe42976e540764e8ac1846e96f67751f24468f1e6687df6eac60cb61f21,18174.12,1153.25,21018.09,0.0,0.0,19.72,21269.27,74904,108255,23424,0,TIME_LIMIT,False,BASELINE_FALLBACK,True,ROLLING_QUALITY_BELOW_FULL_LOOKAHEAD,50,50,150,0,0,0,False,71424,2004751,15214751,,True,,,27197,5568,21629,27072,125,0,False,0,"[{""committed_round_count"": 30, ""fallback_used"": false, ""heuristic_candidate_pruning_used"": false, ""pruned_hard_compatible_pair_count"": 0, ""solver_status"": ""TIME_LIMIT"", ""strategy_used"": ""BASELINE_DECOMPOSED""}, {""committed_round_count"": 3, ""fallback_used"": false, ""heuristic_candidate_pruning_used"": false, ""pruned_hard_compatible_pair_count"": 0, ""solver_status"": ""TIME_LIMIT"", ""strategy_used"": ""BASELINE_DECOMPOSED""}, {""committed_round_count"": 4, ""fallback_used"": false, ""heuristic_candidate_pruning_used"": false, ""pruned_hard_compatible_pair_count"": 0, ""solver_status"": ""TIME_LIMIT"", ""strategy_used"": ""BASELINE_DECOMPOSED""}, {""committed_round_count"": 14, ""fallback_used"": false, ""heuristic_candidate_pruning_used"": false, ""pruned_hard_compatible_pair_count"": 0, ""solver_status"": ""FEASIBLE"", ""strategy_used"": ""BASELINE_DECOMPOSED""}]","[""COVERED_AREA_COUNT_BELOW_FULL_LOOKAHEAD""]","{""boundary_zero_service_rate"": null, ""covered_areas"": 38, ""late_horizon_zero_service_rate"": 0.9263157894736842, ""minimum_coverage_met"": false, ""non_boundary_zero_service_rate"": 0.81, ""service_rounds"": 51, ""underserved_points_covered"": 0}",,,,,,0.02,SYNTHETIC_GENERATOR_AND_SYNTHETIC_ROAD_EDGES
tight_budget-200-20-seed20461203,TIGHT_BUDGET,S3_ROLLING_HORIZON_7_21,200,20,,"{""commit_window_days"": 7, ""lookahead_days"": 21, ""planning_window_days"": 28}",3,20461203,e0c45fe42976e540764e8ac1846e96f67751f24468f1e6687df6eac60cb61f21,18273.05,1182.97,21082.84,0.0,0.0,20.41,21336.74,74904,108255,23424,0,TIME_LIMIT,False,BASELINE_FALLBACK,True,ROLLING_QUALITY_BELOW_FULL_LOOKAHEAD,50,50,150,0,0,0,False,71424,2004751,15214751,,True,,,27197,5568,21629,27072,125,0,False,0,"[{""committed_round_count"": 30, ""fallback_used"": false, ""heuristic_candidate_pruning_used"": false, ""pruned_hard_compatible_pair_count"": 0, ""solver_status"": ""TIME_LIMIT"", ""strategy_used"": ""BASELINE_DECOMPOSED""}, {""committed_round_count"": 3, ""fallback_used"": false, ""heuristic_candidate_pruning_used"": false, ""pruned_hard_compatible_pair_count"": 0, ""solver_status"": ""TIME_LIMIT"", ""strategy_used"": ""BASELINE_DECOMPOSED""}, {""committed_round_count"": 4, ""fallback_used"": false, ""heuristic_candidate_pruning_used"": false, ""pruned_hard_compatible_pair_count"": 0, ""solver_status"": ""TIME_LIMIT"", ""strategy_used"": ""BASELINE_DECOMPOSED""}, {""committed_round_count"": 14, ""fallback_used"": false, ""heuristic_candidate_pruning_used"": false, ""pruned_hard_compatible_pair_count"": 0, ""solver_status"": ""FEASIBLE"", ""strategy_used"": ""BASELINE_DECOMPOSED""}]","[""COVERED_AREA_COUNT_BELOW_FULL_LOOKAHEAD""]","{""boundary_zero_service_rate"": null, ""covered_areas"": 38, ""late_horizon_zero_service_rate"": 0.9263157894736842, ""minimum_coverage_met"": false, ""non_boundary_zero_service_rate"": 0.81, ""service_rounds"": 51, ""underserved_points_covered"": 0}",,,,,,0.01,SYNTHETIC_GENERATOR_AND_SYNTHETIC_ROAD_EDGES
tight_budget-200-20-seed20461203,TIGHT_BUDGET,S4_GEOGRAPHIC_ROLLING_7_21,200,20,,"{""commit_window_days"": 7, ""lookahead_days"": 21, ""planning_window_days"": 28}",1,20461203,e0c45fe42976e540764e8ac1846e96f67751f24468f1e6687df6eac60cb61f21,17300.55,2282.66,24815.96,28792.61,0.0,14.85,47108.1,224586,319215,23424,0,TIME_LIMIT,False,BASELINE_FALLBACK,True,ROLLING_HORIZON_WINDOW_SOLVE_FAILED,50,50,150,0,0,0,False,71424,2004751,15214751,,True,,,52597,5627,46970,52508,89,0,False,0,[],[],,,,,,,531.2,SYNTHETIC_GENERATOR_AND_SYNTHETIC_ROAD_EDGES
tight_budget-200-20-seed20461203,TIGHT_BUDGET,S4_GEOGRAPHIC_ROLLING_7_21,200,20,,"{""commit_window_days"": 7, ""lookahead_days"": 21, ""planning_window_days"": 28}",2,20461203,e0c45fe42976e540764e8ac1846e96f67751f24468f1e6687df6eac60cb61f21,16936.73,2257.58,24819.91,28809.02,0.0,16.49,47135.03,224586,319215,23424,0,TIME_LIMIT,False,BASELINE_FALLBACK,True,ROLLING_HORIZON_WINDOW_SOLVE_FAILED,50,50,150,0,0,0,False,71424,2004751,15214751,,True,,,52597,5627,46970,52508,89,0,False,0,[],[],,,,,,,534.31,SYNTHETIC_GENERATOR_AND_SYNTHETIC_ROAD_EDGES
tight_budget-200-20-seed20461203,TIGHT_BUDGET,S4_GEOGRAPHIC_ROLLING_7_21,200,20,,"{""commit_window_days"": 7, ""lookahead_days"": 21, ""planning_window_days"": 28}",3,20461203,e0c45fe42976e540764e8ac1846e96f67751f24468f1e6687df6eac60cb61f21,17084.98,2239.01,24881.13,28763.08,0.0,15.87,47056.4,224586,319215,23424,0,TIME_LIMIT,False,BASELINE_FALLBACK,True,ROLLING_HORIZON_WINDOW_SOLVE_FAILED,50,50,150,0,0,0,False,71424,2004751,15214751,,True,,,52597,5627,46970,52508,89,0,False,0,[],[],,,,,,,528.14,SYNTHETIC_GENERATOR_AND_SYNTHETIC_ROAD_EDGES
provider_shortage-200-20-seed20461204,PROVIDER_SHORTAGE,S0_MONOLITHIC,200,20,,FULL_MONTH,1,20461204,5b2e4ecf7a5c69a547a8407dd13527a87e1890a3e370e536342408364b49fcca,0,0.0,0.0,0.0,0.0,0.0,,0,0,23276,3079028,SKIPPED_PREDICTED_BUILD_TOO_LARGE,False,,False,,,,,,,,,,,,,,,,,,,,,,False,0,[],[],,,,,,,0.0,SYNTHETIC_GENERATOR_AND_SYNTHETIC_ROAD_EDGES
provider_shortage-200-20-seed20461204,PROVIDER_SHORTAGE,S0_MONOLITHIC,200,20,,FULL_MONTH,2,20461204,5b2e4ecf7a5c69a547a8407dd13527a87e1890a3e370e536342408364b49fcca,0,0.0,0.0,0.0,0.0,0.0,,0,0,23276,3079028,SKIPPED_PREDICTED_BUILD_TOO_LARGE,False,,False,,,,,,,,,,,,,,,,,,,,,,False,0,[],[],,,,,,,0.0,SYNTHETIC_GENERATOR_AND_SYNTHETIC_ROAD_EDGES
provider_shortage-200-20-seed20461204,PROVIDER_SHORTAGE,S0_MONOLITHIC,200,20,,FULL_MONTH,3,20461204,5b2e4ecf7a5c69a547a8407dd13527a87e1890a3e370e536342408364b49fcca,0,0.0,0.0,0.0,0.0,0.0,,0,0,23276,3079028,SKIPPED_PREDICTED_BUILD_TOO_LARGE,False,,False,,,,,,,,,,,,,,,,,,,,,,False,0,[],[],,,,,,,0.0,SYNTHETIC_GENERATOR_AND_SYNTHETIC_ROAD_EDGES
provider_shortage-200-20-seed20461204,PROVIDER_SHORTAGE,S1_V5_BASELINE,200,20,,FULL_MONTH,1,20461204,5b2e4ecf7a5c69a547a8407dd13527a87e1890a3e370e536342408364b49fcca,1583.07,319.38,3411.94,0.0,0.0,9.27,3961.2,17423,25448,23276,0,FEASIBLE,False,BASELINE_DECOMPOSED,False,,75,67,133,0,0,0,False,149681,4200686,41825686,,True,,,5678,5481,197,5614,64,0,False,0,[],[],,,,,,,536.53,SYNTHETIC_GENERATOR_AND_SYNTHETIC_ROAD_EDGES
provider_shortage-200-20-seed20461204,PROVIDER_SHORTAGE,S1_V5_BASELINE,200,20,,FULL_MONTH,2,20461204,5b2e4ecf7a5c69a547a8407dd13527a87e1890a3e370e536342408364b49fcca,1575.91,315.39,3406.03,0.0,0.0,12.11,3960.53,17423,25448,23276,0,FEASIBLE,False,BASELINE_DECOMPOSED,False,,75,67,133,0,0,0,False,149681,4200686,41825686,,True,,,5678,5481,197,5614,64,0,False,0,[],[],,,,,,,533.99,SYNTHETIC_GENERATOR_AND_SYNTHETIC_ROAD_EDGES
provider_shortage-200-20-seed20461204,PROVIDER_SHORTAGE,S1_V5_BASELINE,200,20,,FULL_MONTH,3,20461204,5b2e4ecf7a5c69a547a8407dd13527a87e1890a3e370e536342408364b49fcca,1575.78,313.9,3415.21,0.0,0.0,9.17,3960.03,17423,25448,23276,0,FEASIBLE,False,BASELINE_DECOMPOSED,False,,75,67,133,0,0,0,False,149681,4200686,41825686,,True,,,5678,5481,197,5614,64,0,False,0,[],[],,,,,,,542.34,SYNTHETIC_GENERATOR_AND_SYNTHETIC_ROAD_EDGES
provider_shortage-200-20-seed20461204,PROVIDER_SHORTAGE,S2_GEOGRAPHIC_CLUSTER,200,20,13,FULL_MONTH,1,20461204,5b2e4ecf7a5c69a547a8407dd13527a87e1890a3e370e536342408364b49fcca,3255.84,611.44,3388.94,6744.19,0.0,9.87,9688.2,35434,52539,23276,0,FEASIBLE,False,BASELINE_FALLBACK,True,GEOGRAPHIC_RECONCILIATION_FAILED,75,67,133,0,0,0,False,149681,4200686,41825686,,True,,"{""budget"": true, ""minimum_coverage_reported_truthfully"": true, ""provider_capacity"": true, ""provider_monthly_compensation"": true, ""route_feasibility"": true, ""schedule_overlap_and_daily_hours"": true, ""service_compatibility"": true}",11012,5481,5531,10948,64,0,False,0,[],[],,,,,0.6853932584269663,0.6486486486486487,547.98,SYNTHETIC_GENERATOR_AND_SYNTHETIC_ROAD_EDGES
provider_shortage-200-20-seed20461204,PROVIDER_SHORTAGE,S2_GEOGRAPHIC_CLUSTER,200,20,13,FULL_MONTH,2,20461204,5b2e4ecf7a5c69a547a8407dd13527a87e1890a3e370e536342408364b49fcca,3263.7,636.42,3400.36,6701.48,0.0,10.0,9687.72,35434,52539,23276,0,FEASIBLE,False,BASELINE_FALLBACK,True,GEOGRAPHIC_RECONCILIATION_FAILED,75,67,133,0,0,0,False,149681,4200686,41825686,,True,,"{""budget"": true, ""minimum_coverage_reported_truthfully"": true, ""provider_capacity"": true, ""provider_monthly_compensation"": true, ""route_feasibility"": true, ""schedule_overlap_and_daily_hours"": true, ""service_compatibility"": true}",11012,5481,5531,10948,64,0,False,0,[],[],,,,,0.6853932584269663,0.6486486486486487,546.29,SYNTHETIC_GENERATOR_AND_SYNTHETIC_ROAD_EDGES
provider_shortage-200-20-seed20461204,PROVIDER_SHORTAGE,S2_GEOGRAPHIC_CLUSTER,200,20,13,FULL_MONTH,3,20461204,5b2e4ecf7a5c69a547a8407dd13527a87e1890a3e370e536342408364b49fcca,3206.18,638.58,3394.6,6639.56,0.0,9.84,9632.39,35434,52539,23276,0,FEASIBLE,False,BASELINE_FALLBACK,True,GEOGRAPHIC_RECONCILIATION_FAILED,75,67,133,0,0,0,False,149681,4200686,41825686,,True,,"{""budget"": true, ""minimum_coverage_reported_truthfully"": true, ""provider_capacity"": true, ""provider_monthly_compensation"": true, ""route_feasibility"": true, ""schedule_overlap_and_daily_hours"": true, ""service_compatibility"": true}",11012,5481,5531,10948,64,0,False,0,[],[],,,,,0.6853932584269663,0.6486486486486487,532.05,SYNTHETIC_GENERATOR_AND_SYNTHETIC_ROAD_EDGES
provider_shortage-200-20-seed20461204,PROVIDER_SHORTAGE,S3_ROLLING_HORIZON_7_21,200,20,,"{""commit_window_days"": 7, ""lookahead_days"": 21, ""planning_window_days"": 28}",1,20461204,5b2e4ecf7a5c69a547a8407dd13527a87e1890a3e370e536342408364b49fcca,11123.17,1133.43,13551.8,0.0,0.0,35.41,15348.26,74472,107776,23276,0,FEASIBLE,False,ROLLING_HORIZON,False,,81,80,120,0,0,0,False,190882,5356909,44566909,,True,,,26187,5672,20515,25956,231,0,False,0,"[{""committed_round_count"": 23, ""fallback_used"": false, ""heuristic_candidate_pruning_used"": false, ""pruned_hard_compatible_pair_count"": 0, ""solver_status"": ""FEASIBLE"", ""strategy_used"": ""BASELINE_DECOMPOSED""}, {""committed_round_count"": 18, ""fallback_used"": false, ""heuristic_candidate_pruning_used"": false, ""pruned_hard_compatible_pair_count"": 0, ""solver_status"": ""FEASIBLE"", ""strategy_used"": ""BASELINE_DECOMPOSED""}, {""committed_round_count"": 7, ""fallback_used"": false, ""heuristic_candidate_pruning_used"": false, ""pruned_hard_compatible_pair_count"": 0, ""solver_status"": ""FEASIBLE"", ""strategy_used"": ""BASELINE_DECOMPOSED""}, {""committed_round_count"": 33, ""fallback_used"": false, ""heuristic_candidate_pruning_used"": false, ""pruned_hard_compatible_pair_count"": 0, ""solver_status"": ""FEASIBLE"", ""strategy_used"": ""BASELINE_DECOMPOSED""}]",[],,,0.6,0.8070175438596491,,0.6,0.01,SYNTHETIC_GENERATOR_AND_SYNTHETIC_ROAD_EDGES
provider_shortage-200-20-seed20461204,PROVIDER_SHORTAGE,S3_ROLLING_HORIZON_7_21,200,20,,"{""commit_window_days"": 7, ""lookahead_days"": 21, ""planning_window_days"": 28}",2,20461204,5b2e4ecf7a5c69a547a8407dd13527a87e1890a3e370e536342408364b49fcca,11144.34,1135.58,13585.37,0.0,0.0,39.95,15361.04,74472,107776,23276,0,FEASIBLE,False,ROLLING_HORIZON,False,,81,80,120,0,0,0,False,190882,5356909,44566909,,True,,,26187,5672,20515,25956,231,0,False,0,"[{""committed_round_count"": 23, ""fallback_used"": false, ""heuristic_candidate_pruning_used"": false, ""pruned_hard_compatible_pair_count"": 0, ""solver_status"": ""FEASIBLE"", ""strategy_used"": ""BASELINE_DECOMPOSED""}, {""committed_round_count"": 18, ""fallback_used"": false, ""heuristic_candidate_pruning_used"": false, ""pruned_hard_compatible_pair_count"": 0, ""solver_status"": ""FEASIBLE"", ""strategy_used"": ""BASELINE_DECOMPOSED""}, {""committed_round_count"": 7, ""fallback_used"": false, ""heuristic_candidate_pruning_used"": false, ""pruned_hard_compatible_pair_count"": 0, ""solver_status"": ""FEASIBLE"", ""strategy_used"": ""BASELINE_DECOMPOSED""}, {""committed_round_count"": 33, ""fallback_used"": false, ""heuristic_candidate_pruning_used"": false, ""pruned_hard_compatible_pair_count"": 0, ""solver_status"": ""FEASIBLE"", ""strategy_used"": ""BASELINE_DECOMPOSED""}]",[],,,0.6,0.8070175438596491,,0.6,0.02,SYNTHETIC_GENERATOR_AND_SYNTHETIC_ROAD_EDGES
provider_shortage-200-20-seed20461204,PROVIDER_SHORTAGE,S3_ROLLING_HORIZON_7_21,200,20,,"{""commit_window_days"": 7, ""lookahead_days"": 21, ""planning_window_days"": 28}",3,20461204,5b2e4ecf7a5c69a547a8407dd13527a87e1890a3e370e536342408364b49fcca,11116.3,1137.63,13557.98,0.0,0.0,35.97,15354.3,74472,107776,23276,0,FEASIBLE,False,ROLLING_HORIZON,False,,81,80,120,0,0,0,False,190882,5356909,44566909,,True,,,26187,5672,20515,25956,231,0,False,0,"[{""committed_round_count"": 23, ""fallback_used"": false, ""heuristic_candidate_pruning_used"": false, ""pruned_hard_compatible_pair_count"": 0, ""solver_status"": ""FEASIBLE"", ""strategy_used"": ""BASELINE_DECOMPOSED""}, {""committed_round_count"": 18, ""fallback_used"": false, ""heuristic_candidate_pruning_used"": false, ""pruned_hard_compatible_pair_count"": 0, ""solver_status"": ""FEASIBLE"", ""strategy_used"": ""BASELINE_DECOMPOSED""}, {""committed_round_count"": 7, ""fallback_used"": false, ""heuristic_candidate_pruning_used"": false, ""pruned_hard_compatible_pair_count"": 0, ""solver_status"": ""FEASIBLE"", ""strategy_used"": ""BASELINE_DECOMPOSED""}, {""committed_round_count"": 33, ""fallback_used"": false, ""heuristic_candidate_pruning_used"": false, ""pruned_hard_compatible_pair_count"": 0, ""solver_status"": ""FEASIBLE"", ""strategy_used"": ""BASELINE_DECOMPOSED""}]",[],,,0.6,0.8070175438596491,,0.6,0.01,SYNTHETIC_GENERATOR_AND_SYNTHETIC_ROAD_EDGES
provider_shortage-200-20-seed20461204,PROVIDER_SHORTAGE,S4_GEOGRAPHIC_ROLLING_7_21,200,20,13,"{""commit_window_days"": 7, ""lookahead_days"": 21, ""planning_window_days"": 28}",1,20461204,5b2e4ecf7a5c69a547a8407dd13527a87e1890a3e370e536342408364b49fcca,21742.25,2361.37,8321.33,32155.58,0.0,49.2,43732.23,185099,269056,23276,0,FEASIBLE,False,GEOGRAPHIC_ROLLING,True,GEOGRAPHIC_WINDOW_BASELINE_FALLBACK,81,80,120,0,0,0,False,155131,4353683,46568683,,True,,,57103,5866,51237,56786,317,0,False,0,"[{""committed_round_count"": 23, ""fallback_used"": true, ""heuristic_candidate_pruning_used"": false, ""pruned_hard_compatible_pair_count"": 0, ""solver_status"": ""FEASIBLE"", ""strategy_used"": ""BASELINE_FALLBACK""}, {""committed_round_count"": 16, ""fallback_used"": true, ""heuristic_candidate_pruning_used"": false, ""pruned_hard_compatible_pair_count"": 0, ""solver_status"": ""OPTIMAL"", ""strategy_used"": ""BASELINE_FALLBACK""}, {""committed_round_count"": 11, ""fallback_used"": true, ""heuristic_candidate_pruning_used"": false, ""pruned_hard_compatible_pair_count"": 0, ""solver_status"": ""OPTIMAL"", ""strategy_used"": ""BASELINE_FALLBACK""}, {""committed_round_count"": 31, ""fallback_used"": true, ""heuristic_candidate_pruning_used"": false, ""pruned_hard_compatible_pair_count"": 0, ""solver_status"": ""OPTIMAL"", ""strategy_used"": ""BASELINE_FALLBACK""}]",[],,0.6404494382022472,0.5675675675675675,0.8287292817679558,0.6404494382022472,0.5675675675675675,0.02,SYNTHETIC_GENERATOR_AND_SYNTHETIC_ROAD_EDGES
provider_shortage-200-20-seed20461204,PROVIDER_SHORTAGE,S4_GEOGRAPHIC_ROLLING_7_21,200,20,13,"{""commit_window_days"": 7, ""lookahead_days"": 21, ""planning_window_days"": 28}",2,20461204,5b2e4ecf7a5c69a547a8407dd13527a87e1890a3e370e536342408364b49fcca,21650.74,2300.98,8320.23,32128.64,0.0,53.4,43743.22,185099,269056,23276,0,FEASIBLE,False,GEOGRAPHIC_ROLLING,True,GEOGRAPHIC_WINDOW_BASELINE_FALLBACK,81,80,120,0,0,0,False,155131,4353683,46568683,,True,,,57103,5866,51237,56786,317,0,False,0,"[{""committed_round_count"": 23, ""fallback_used"": true, ""heuristic_candidate_pruning_used"": false, ""pruned_hard_compatible_pair_count"": 0, ""solver_status"": ""FEASIBLE"", ""strategy_used"": ""BASELINE_FALLBACK""}, {""committed_round_count"": 16, ""fallback_used"": true, ""heuristic_candidate_pruning_used"": false, ""pruned_hard_compatible_pair_count"": 0, ""solver_status"": ""OPTIMAL"", ""strategy_used"": ""BASELINE_FALLBACK""}, {""committed_round_count"": 11, ""fallback_used"": true, ""heuristic_candidate_pruning_used"": false, ""pruned_hard_compatible_pair_count"": 0, ""solver_status"": ""OPTIMAL"", ""strategy_used"": ""BASELINE_FALLBACK""}, {""committed_round_count"": 31, ""fallback_used"": true, ""heuristic_candidate_pruning_used"": false, ""pruned_hard_compatible_pair_count"": 0, ""solver_status"": ""OPTIMAL"", ""strategy_used"": ""BASELINE_FALLBACK""}]",[],,0.6404494382022472,0.5675675675675675,0.8287292817679558,0.6404494382022472,0.5675675675675675,0.02,SYNTHETIC_GENERATOR_AND_SYNTHETIC_ROAD_EDGES
provider_shortage-200-20-seed20461204,PROVIDER_SHORTAGE,S4_GEOGRAPHIC_ROLLING_7_21,200,20,13,"{""commit_window_days"": 7, ""lookahead_days"": 21, ""planning_window_days"": 28}",3,20461204,5b2e4ecf7a5c69a547a8407dd13527a87e1890a3e370e536342408364b49fcca,21664.04,2299.7,8308.02,32159.95,0.0,50.12,43716.54,185099,269056,23276,0,FEASIBLE,False,GEOGRAPHIC_ROLLING,True,GEOGRAPHIC_WINDOW_BASELINE_FALLBACK,81,80,120,0,0,0,False,155131,4353683,46568683,,True,,,57103,5866,51237,56786,317,0,False,0,"[{""committed_round_count"": 23, ""fallback_used"": true, ""heuristic_candidate_pruning_used"": false, ""pruned_hard_compatible_pair_count"": 0, ""solver_status"": ""FEASIBLE"", ""strategy_used"": ""BASELINE_FALLBACK""}, {""committed_round_count"": 16, ""fallback_used"": true, ""heuristic_candidate_pruning_used"": false, ""pruned_hard_compatible_pair_count"": 0, ""solver_status"": ""OPTIMAL"", ""strategy_used"": ""BASELINE_FALLBACK""}, {""committed_round_count"": 11, ""fallback_used"": true, ""heuristic_candidate_pruning_used"": false, ""pruned_hard_compatible_pair_count"": 0, ""solver_status"": ""OPTIMAL"", ""strategy_used"": ""BASELINE_FALLBACK""}, {""committed_round_count"": 31, ""fallback_used"": true, ""heuristic_candidate_pruning_used"": false, ""pruned_hard_compatible_pair_count"": 0, ""solver_status"": ""OPTIMAL"", ""strategy_used"": ""BASELINE_FALLBACK""}]",[],,0.6404494382022472,0.5675675675675675,0.8287292817679558,0.6404494382022472,0.5675675675675675,0.02,SYNTHETIC_GENERATOR_AND_SYNTHETIC_ROAD_EDGES
remote_areas-200-20-seed20461205,REMOTE_AREAS,S0_MONOLITHIC,200,20,,FULL_MONTH,1,20461205,c6dfe79aac25bb789b6588932c81b5c447655fd72f47a0462c52d73e836b89ce,0,0.0,0.0,0.0,0.0,0.0,,0,0,16272,1504728,SKIPPED_PREDICTED_BUILD_TOO_LARGE,False,,False,,,,,,,,,,,,,,,,,,,,,,False,0,[],[],,,,,,,0.0,SYNTHETIC_GENERATOR_AND_SYNTHETIC_ROAD_EDGES
remote_areas-200-20-seed20461205,REMOTE_AREAS,S0_MONOLITHIC,200,20,,FULL_MONTH,2,20461205,c6dfe79aac25bb789b6588932c81b5c447655fd72f47a0462c52d73e836b89ce,0,0.0,0.0,0.0,0.0,0.0,,0,0,16272,1504728,SKIPPED_PREDICTED_BUILD_TOO_LARGE,False,,False,,,,,,,,,,,,,,,,,,,,,,False,0,[],[],,,,,,,0.0,SYNTHETIC_GENERATOR_AND_SYNTHETIC_ROAD_EDGES
remote_areas-200-20-seed20461205,REMOTE_AREAS,S0_MONOLITHIC,200,20,,FULL_MONTH,3,20461205,c6dfe79aac25bb789b6588932c81b5c447655fd72f47a0462c52d73e836b89ce,0,0.0,0.0,0.0,0.0,0.0,,0,0,16272,1504728,SKIPPED_PREDICTED_BUILD_TOO_LARGE,False,,False,,,,,,,,,,,,,,,,,,,,,,False,0,[],[],,,,,,,0.0,SYNTHETIC_GENERATOR_AND_SYNTHETIC_ROAD_EDGES
remote_areas-200-20-seed20461205,REMOTE_AREAS,S1_V5_BASELINE,200,20,,FULL_MONTH,1,20461205,c6dfe79aac25bb789b6588932c81b5c447655fd72f47a0462c52d73e836b89ce,3451.22,248.53,4783.19,0.0,0.0,2.38,5283.66,16407,24266,16272,0,TIME_LIMIT,False,BASELINE_DECOMPOSED,False,,112,112,88,0,0,0,False,136400,3827652,34867652,,True,,,6114,5464,650,6114,0,0,False,0,[],[],,,,,,,124.84,SYNTHETIC_GENERATOR_AND_SYNTHETIC_ROAD_EDGES
remote_areas-200-20-seed20461205,REMOTE_AREAS,S1_V5_BASELINE,200,20,,FULL_MONTH,2,20461205,c6dfe79aac25bb789b6588932c81b5c447655fd72f47a0462c52d73e836b89ce,3429.9,248.96,4764.99,0.0,0.0,0.89,5255.77,16407,24266,16272,0,TIME_LIMIT,False,BASELINE_DECOMPOSED,False,,112,112,88,0,0,0,False,136400,3827652,34867652,,True,,,6114,5464,650,6114,0,0,False,0,[],[],,,,,,,123.44,SYNTHETIC_GENERATOR_AND_SYNTHETIC_ROAD_EDGES
remote_areas-200-20-seed20461205,REMOTE_AREAS,S1_V5_BASELINE,200,20,,FULL_MONTH,3,20461205,c6dfe79aac25bb789b6588932c81b5c447655fd72f47a0462c52d73e836b89ce,3513.44,248.67,4848.9,0.0,0.0,1.09,5341.94,16407,24266,16272,0,TIME_LIMIT,False,BASELINE_DECOMPOSED,False,,112,112,88,0,0,0,False,136400,3827652,34867652,,True,,,6114,5464,650,6114,0,0,False,0,[],[],,,,,,,123.21,SYNTHETIC_GENERATOR_AND_SYNTHETIC_ROAD_EDGES
remote_areas-200-20-seed20461205,REMOTE_AREAS,S2_GEOGRAPHIC_CLUSTER,200,20,19,FULL_MONTH,1,20461205,c6dfe79aac25bb789b6588932c81b5c447655fd72f47a0462c52d73e836b89ce,601.24,471.95,9078.64,4600.24,0.0,7.54,10148.16,40636,59607,16272,0,TIME_LIMIT,False,GEOGRAPHIC_CLUSTER,False,,75,75,125,0,0,0,False,153577,4310137,36375137,,True,,"{""budget"": true, ""minimum_coverage_reported_truthfully"": true, ""provider_capacity"": true, ""provider_monthly_compensation"": true, ""route_feasibility"": true, ""schedule_overlap_and_daily_hours"": true, ""service_compatibility"": true}",11614,5584,6030,11566,48,0,False,0,[],[],,,,,0.5915492957746479,0.6434108527131783,147.92,SYNTHETIC_GENERATOR_AND_SYNTHETIC_ROAD_EDGES
remote_areas-200-20-seed20461205,REMOTE_AREAS,S2_GEOGRAPHIC_CLUSTER,200,20,19,FULL_MONTH,2,20461205,c6dfe79aac25bb789b6588932c81b5c447655fd72f47a0462c52d73e836b89ce,639.26,487.1,9052.66,4587.22,0.0,7.82,10145.39,40636,59607,16272,0,TIME_LIMIT,False,GEOGRAPHIC_CLUSTER,False,,75,75,125,0,0,0,False,153577,4310137,36375137,,True,,"{""budget"": true, ""minimum_coverage_reported_truthfully"": true, ""provider_capacity"": true, ""provider_monthly_compensation"": true, ""route_feasibility"": true, ""schedule_overlap_and_daily_hours"": true, ""service_compatibility"": true}",11614,5584,6030,11566,48,0,False,0,[],[],,,,,0.5915492957746479,0.6434108527131783,146.64,SYNTHETIC_GENERATOR_AND_SYNTHETIC_ROAD_EDGES
remote_areas-200-20-seed20461205,REMOTE_AREAS,S2_GEOGRAPHIC_CLUSTER,200,20,19,FULL_MONTH,3,20461205,c6dfe79aac25bb789b6588932c81b5c447655fd72f47a0462c52d73e836b89ce,644.58,488.4,9057.42,4579.43,0.0,8.03,10132.37,40636,59607,16272,0,TIME_LIMIT,False,GEOGRAPHIC_CLUSTER,False,,75,75,125,0,0,0,False,153577,4310137,36375137,,True,,"{""budget"": true, ""minimum_coverage_reported_truthfully"": true, ""provider_capacity"": true, ""provider_monthly_compensation"": true, ""route_feasibility"": true, ""schedule_overlap_and_daily_hours"": true, ""service_compatibility"": true}",11614,5584,6030,11566,48,0,False,0,[],[],,,,,0.5915492957746479,0.6434108527131783,151.47,SYNTHETIC_GENERATOR_AND_SYNTHETIC_ROAD_EDGES
remote_areas-200-20-seed20461205,REMOTE_AREAS,S3_ROLLING_HORIZON_7_21,200,20,,"{""commit_window_days"": 7, ""lookahead_days"": 21, ""planning_window_days"": 28}",1,20461205,c6dfe79aac25bb789b6588932c81b5c447655fd72f47a0462c52d73e836b89ce,14514.64,837.94,21197.12,0.0,0.0,37.52,22776.74,62189,90584,16272,0,TIME_LIMIT,False,ROLLING_HORIZON,False,,187,125,75,0,0,0,False,181623,5096908,59381908,,True,,,26977,6015,20962,26738,239,0,False,0,"[{""committed_round_count"": 39, ""fallback_used"": false, ""heuristic_candidate_pruning_used"": false, ""pruned_hard_compatible_pair_count"": 0, ""solver_status"": ""TIME_LIMIT"", ""strategy_used"": ""BASELINE_DECOMPOSED""}, {""committed_round_count"": 67, ""fallback_used"": false, ""heuristic_candidate_pruning_used"": false, ""pruned_hard_compatible_pair_count"": 0, ""solver_status"": ""TIME_LIMIT"", ""strategy_used"": ""BASELINE_DECOMPOSED""}, {""committed_round_count"": 27, ""fallback_used"": false, ""heuristic_candidate_pruning_used"": false, ""pruned_hard_compatible_pair_count"": 0, ""solver_status"": ""TIME_LIMIT"", ""strategy_used"": ""BASELINE_DECOMPOSED""}, {""committed_round_count"": 54, ""fallback_used"": false, ""heuristic_candidate_pruning_used"": false, ""pruned_hard_compatible_pair_count"": 0, ""solver_status"": ""TIME_LIMIT"", ""strategy_used"": ""BASELINE_DECOMPOSED""}]",[],,,0.375,0.6115107913669064,,0.375,0.02,SYNTHETIC_GENERATOR_AND_SYNTHETIC_ROAD_EDGES
remote_areas-200-20-seed20461205,REMOTE_AREAS,S3_ROLLING_HORIZON_7_21,200,20,,"{""commit_window_days"": 7, ""lookahead_days"": 21, ""planning_window_days"": 28}",2,20461205,c6dfe79aac25bb789b6588932c81b5c447655fd72f47a0462c52d73e836b89ce,14651.4,837.73,21310.51,0.0,0.0,36.81,22892.32,62189,90584,16272,0,TIME_LIMIT,False,ROLLING_HORIZON,False,,187,125,75,0,0,0,False,181623,5096908,59381908,,True,,,26977,6015,20962,26738,239,0,False,0,"[{""committed_round_count"": 39, ""fallback_used"": false, ""heuristic_candidate_pruning_used"": false, ""pruned_hard_compatible_pair_count"": 0, ""solver_status"": ""TIME_LIMIT"", ""strategy_used"": ""BASELINE_DECOMPOSED""}, {""committed_round_count"": 67, ""fallback_used"": false, ""heuristic_candidate_pruning_used"": false, ""pruned_hard_compatible_pair_count"": 0, ""solver_status"": ""TIME_LIMIT"", ""strategy_used"": ""BASELINE_DECOMPOSED""}, {""committed_round_count"": 27, ""fallback_used"": false, ""heuristic_candidate_pruning_used"": false, ""pruned_hard_compatible_pair_count"": 0, ""solver_status"": ""TIME_LIMIT"", ""strategy_used"": ""BASELINE_DECOMPOSED""}, {""committed_round_count"": 54, ""fallback_used"": false, ""heuristic_candidate_pruning_used"": false, ""pruned_hard_compatible_pair_count"": 0, ""solver_status"": ""TIME_LIMIT"", ""strategy_used"": ""BASELINE_DECOMPOSED""}]",[],,,0.375,0.6115107913669064,,0.375,0.02,SYNTHETIC_GENERATOR_AND_SYNTHETIC_ROAD_EDGES
remote_areas-200-20-seed20461205,REMOTE_AREAS,S3_ROLLING_HORIZON_7_21,200,20,,"{""commit_window_days"": 7, ""lookahead_days"": 21, ""planning_window_days"": 28}",3,20461205,c6dfe79aac25bb789b6588932c81b5c447655fd72f47a0462c52d73e836b89ce,14572.84,844.48,21297.44,0.0,0.0,37.39,22877.69,62189,90584,16272,0,TIME_LIMIT,False,ROLLING_HORIZON,False,,187,125,75,0,0,0,False,181623,5096908,59381908,,True,,,26977,6015,20962,26738,239,0,False,0,"[{""committed_round_count"": 39, ""fallback_used"": false, ""heuristic_candidate_pruning_used"": false, ""pruned_hard_compatible_pair_count"": 0, ""solver_status"": ""TIME_LIMIT"", ""strategy_used"": ""BASELINE_DECOMPOSED""}, {""committed_round_count"": 67, ""fallback_used"": false, ""heuristic_candidate_pruning_used"": false, ""pruned_hard_compatible_pair_count"": 0, ""solver_status"": ""TIME_LIMIT"", ""strategy_used"": ""BASELINE_DECOMPOSED""}, {""committed_round_count"": 27, ""fallback_used"": false, ""heuristic_candidate_pruning_used"": false, ""pruned_hard_compatible_pair_count"": 0, ""solver_status"": ""TIME_LIMIT"", ""strategy_used"": ""BASELINE_DECOMPOSED""}, {""committed_round_count"": 54, ""fallback_used"": false, ""heuristic_candidate_pruning_used"": false, ""pruned_hard_compatible_pair_count"": 0, ""solver_status"": ""TIME_LIMIT"", ""strategy_used"": ""BASELINE_DECOMPOSED""}]",[],,,0.375,0.6115107913669064,,0.375,0.01,SYNTHETIC_GENERATOR_AND_SYNTHETIC_ROAD_EDGES
remote_areas-200-20-seed20461205,REMOTE_AREAS,S4_GEOGRAPHIC_ROLLING_7_21,200,20,22,"{""commit_window_days"": 7, ""lookahead_days"": 21, ""planning_window_days"": 28}",1,20461205,c6dfe79aac25bb789b6588932c81b5c447655fd72f47a0462c52d73e836b89ce,18798.31,1741.54,23789.4,25105.09,0.0,56.05,44937.85,141907,206340,16272,0,TIME_LIMIT,False,GEOGRAPHIC_ROLLING,True,GEOGRAPHIC_WINDOW_BASELINE_FALLBACK,187,132,68,0,0,0,False,208531,5852648,59482648,,True,,,53708,6581,47127,53340,368,0,False,0,"[{""committed_round_count"": 31, ""fallback_used"": false, ""heuristic_candidate_pruning_used"": false, ""pruned_hard_compatible_pair_count"": 0, ""solver_status"": ""TIME_LIMIT"", ""strategy_used"": ""GEOGRAPHIC_CLUSTER""}, {""committed_round_count"": 85, ""fallback_used"": true, ""heuristic_candidate_pruning_used"": false, ""pruned_hard_compatible_pair_count"": 0, ""solver_status"": ""TIME_LIMIT"", ""strategy_used"": ""BASELINE_FALLBACK""}, {""committed_round_count"": 51, ""fallback_used"": true, ""heuristic_candidate_pruning_used"": false, ""pruned_hard_compatible_pair_count"": 0, ""solver_status"": ""TIME_LIMIT"", ""strategy_used"": ""BASELINE_FALLBACK""}, {""committed_round_count"": 20, ""fallback_used"": false, ""heuristic_candidate_pruning_used"": false, ""pruned_hard_compatible_pair_count"": 0, ""solver_status"": ""FEASIBLE"", ""strategy_used"": ""GEOGRAPHIC_CLUSTER""}]",[],,0.15492957746478872,0.4418604651162791,0.8305084745762712,0.15492957746478872,0.4418604651162791,0.02,SYNTHETIC_GENERATOR_AND_SYNTHETIC_ROAD_EDGES
remote_areas-200-20-seed20461205,REMOTE_AREAS,S4_GEOGRAPHIC_ROLLING_7_21,200,20,22,"{""commit_window_days"": 7, ""lookahead_days"": 21, ""planning_window_days"": 28}",2,20461205,c6dfe79aac25bb789b6588932c81b5c447655fd72f47a0462c52d73e836b89ce,18837.43,1760.57,23784.33,25119.66,0.0,57.34,44976.15,141907,206340,16272,0,TIME_LIMIT,False,GEOGRAPHIC_ROLLING,True,GEOGRAPHIC_WINDOW_BASELINE_FALLBACK,187,132,68,0,0,0,False,208531,5852648,59482648,,True,,,53708,6581,47127,53340,368,0,False,0,"[{""committed_round_count"": 31, ""fallback_used"": false, ""heuristic_candidate_pruning_used"": false, ""pruned_hard_compatible_pair_count"": 0, ""solver_status"": ""TIME_LIMIT"", ""strategy_used"": ""GEOGRAPHIC_CLUSTER""}, {""committed_round_count"": 85, ""fallback_used"": true, ""heuristic_candidate_pruning_used"": false, ""pruned_hard_compatible_pair_count"": 0, ""solver_status"": ""TIME_LIMIT"", ""strategy_used"": ""BASELINE_FALLBACK""}, {""committed_round_count"": 51, ""fallback_used"": true, ""heuristic_candidate_pruning_used"": false, ""pruned_hard_compatible_pair_count"": 0, ""solver_status"": ""TIME_LIMIT"", ""strategy_used"": ""BASELINE_FALLBACK""}, {""committed_round_count"": 20, ""fallback_used"": false, ""heuristic_candidate_pruning_used"": false, ""pruned_hard_compatible_pair_count"": 0, ""solver_status"": ""FEASIBLE"", ""strategy_used"": ""GEOGRAPHIC_CLUSTER""}]",[],,0.15492957746478872,0.4418604651162791,0.8305084745762712,0.15492957746478872,0.4418604651162791,0.02,SYNTHETIC_GENERATOR_AND_SYNTHETIC_ROAD_EDGES
remote_areas-200-20-seed20461205,REMOTE_AREAS,S4_GEOGRAPHIC_ROLLING_7_21,200,20,22,"{""commit_window_days"": 7, ""lookahead_days"": 21, ""planning_window_days"": 28}",3,20461205,c6dfe79aac25bb789b6588932c81b5c447655fd72f47a0462c52d73e836b89ce,18645.93,1714.72,23827.17,25075.18,0.0,55.03,44931.86,141907,206340,16272,0,TIME_LIMIT,False,GEOGRAPHIC_ROLLING,True,GEOGRAPHIC_WINDOW_BASELINE_FALLBACK,187,132,68,0,0,0,False,208531,5852648,59482648,,True,,,53708,6581,47127,53340,368,0,False,0,"[{""committed_round_count"": 31, ""fallback_used"": false, ""heuristic_candidate_pruning_used"": false, ""pruned_hard_compatible_pair_count"": 0, ""solver_status"": ""TIME_LIMIT"", ""strategy_used"": ""GEOGRAPHIC_CLUSTER""}, {""committed_round_count"": 85, ""fallback_used"": true, ""heuristic_candidate_pruning_used"": false, ""pruned_hard_compatible_pair_count"": 0, ""solver_status"": ""TIME_LIMIT"", ""strategy_used"": ""BASELINE_FALLBACK""}, {""committed_round_count"": 51, ""fallback_used"": true, ""heuristic_candidate_pruning_used"": false, ""pruned_hard_compatible_pair_count"": 0, ""solver_status"": ""TIME_LIMIT"", ""strategy_used"": ""BASELINE_FALLBACK""}, {""committed_round_count"": 20, ""fallback_used"": false, ""heuristic_candidate_pruning_used"": false, ""pruned_hard_compatible_pair_count"": 0, ""solver_status"": ""FEASIBLE"", ""strategy_used"": ""GEOGRAPHIC_CLUSTER""}]",[],,0.15492957746478872,0.4418604651162791,0.8305084745762712,0.15492957746478872,0.4418604651162791,0.02,SYNTHETIC_GENERATOR_AND_SYNTHETIC_ROAD_EDGES
many_low_data-200-20-seed20461206,MANY_LOW_DATA,S0_MONOLITHIC,200,20,,FULL_MONTH,1,20461206,fd01ac06913da01a27ff783d8ab622df6cc479c681177270cd158a431b900d1d,0,0.0,0.0,0.0,0.0,0.0,,0,0,23208,3060816,SKIPPED_PREDICTED_BUILD_TOO_LARGE,False,,False,,,,,,,,,,,,,,,,,,,,,,False,0,[],[],,,,,,,0.0,SYNTHETIC_GENERATOR_AND_SYNTHETIC_ROAD_EDGES
many_low_data-200-20-seed20461206,MANY_LOW_DATA,S0_MONOLITHIC,200,20,,FULL_MONTH,2,20461206,fd01ac06913da01a27ff783d8ab622df6cc479c681177270cd158a431b900d1d,0,0.0,0.0,0.0,0.0,0.0,,0,0,23208,3060816,SKIPPED_PREDICTED_BUILD_TOO_LARGE,False,,False,,,,,,,,,,,,,,,,,,,,,,False,0,[],[],,,,,,,0.0,SYNTHETIC_GENERATOR_AND_SYNTHETIC_ROAD_EDGES
many_low_data-200-20-seed20461206,MANY_LOW_DATA,S0_MONOLITHIC,200,20,,FULL_MONTH,3,20461206,fd01ac06913da01a27ff783d8ab622df6cc479c681177270cd158a431b900d1d,0,0.0,0.0,0.0,0.0,0.0,,0,0,23208,3060816,SKIPPED_PREDICTED_BUILD_TOO_LARGE,False,,False,,,,,,,,,,,,,,,,,,,,,,False,0,[],[],,,,,,,0.0,SYNTHETIC_GENERATOR_AND_SYNTHETIC_ROAD_EDGES
many_low_data-200-20-seed20461206,MANY_LOW_DATA,S1_V5_BASELINE,200,20,,FULL_MONTH,1,20461206,fd01ac06913da01a27ff783d8ab622df6cc479c681177270cd158a431b900d1d,3383.41,320.15,4518.55,0.0,0.0,0.0,5098.38,22628,33041,23208,0,UNKNOWN,False,BASELINE_DECOMPOSED,False,,0,0,200,,,,False,0,0,0,,True,,,5334,5334,0,5334,0,0,False,0,[],[],,,,,,,0.0,SYNTHETIC_GENERATOR_AND_SYNTHETIC_ROAD_EDGES
many_low_data-200-20-seed20461206,MANY_LOW_DATA,S1_V5_BASELINE,200,20,,FULL_MONTH,2,20461206,fd01ac06913da01a27ff783d8ab622df6cc479c681177270cd158a431b900d1d,3362.73,320.85,4490.68,0.0,0.0,0.0,5057.07,22628,33041,23208,0,UNKNOWN,False,BASELINE_DECOMPOSED,False,,0,0,200,,,,False,0,0,0,,True,,,5334,5334,0,5334,0,0,False,0,[],[],,,,,,,0.0,SYNTHETIC_GENERATOR_AND_SYNTHETIC_ROAD_EDGES
many_low_data-200-20-seed20461206,MANY_LOW_DATA,S1_V5_BASELINE,200,20,,FULL_MONTH,3,20461206,fd01ac06913da01a27ff783d8ab622df6cc479c681177270cd158a431b900d1d,3411.73,315.4,4540.8,0.0,0.0,0.0,5108.07,22628,33041,23208,0,UNKNOWN,False,BASELINE_DECOMPOSED,False,,0,0,200,,,,False,0,0,0,,True,,,5334,5334,0,5334,0,0,False,0,[],[],,,,,,,0.0,SYNTHETIC_GENERATOR_AND_SYNTHETIC_ROAD_EDGES
many_low_data-200-20-seed20461206,MANY_LOW_DATA,S2_GEOGRAPHIC_CLUSTER,200,20,13,FULL_MONTH,1,20461206,fd01ac06913da01a27ff783d8ab622df6cc479c681177270cd158a431b900d1d,6782.34,629.27,3150.82,6997.22,0.0,0.0,9880.28,45844,67727,23208,0,UNKNOWN,False,BASELINE_FALLBACK,True,GEOGRAPHIC_RECONCILIATION_FAILED,0,0,200,,,,False,0,0,0,,True,,"{""budget"": true, ""minimum_coverage_reported_truthfully"": true, ""provider_capacity"": true, ""provider_monthly_compensation"": true, ""route_feasibility"": true, ""schedule_overlap_and_daily_hours"": true, ""service_compatibility"": true}",10668,5334,5334,10668,0,0,False,0,[],[],,,,,1.0,1.0,0.0,SYNTHETIC_GENERATOR_AND_SYNTHETIC_ROAD_EDGES
many_low_data-200-20-seed20461206,MANY_LOW_DATA,S2_GEOGRAPHIC_CLUSTER,200,20,13,FULL_MONTH,2,20461206,fd01ac06913da01a27ff783d8ab622df6cc479c681177270cd158a431b900d1d,6787.72,643.38,3156.32,6974.85,0.0,0.0,9848.74,45844,67727,23208,0,UNKNOWN,False,BASELINE_FALLBACK,True,GEOGRAPHIC_RECONCILIATION_FAILED,0,0,200,,,,False,0,0,0,,True,,"{""budget"": true, ""minimum_coverage_reported_truthfully"": true, ""provider_capacity"": true, ""provider_monthly_compensation"": true, ""route_feasibility"": true, ""schedule_overlap_and_daily_hours"": true, ""service_compatibility"": true}",10668,5334,5334,10668,0,0,False,0,[],[],,,,,1.0,1.0,0.0,SYNTHETIC_GENERATOR_AND_SYNTHETIC_ROAD_EDGES
many_low_data-200-20-seed20461206,MANY_LOW_DATA,S2_GEOGRAPHIC_CLUSTER,200,20,13,FULL_MONTH,3,20461206,fd01ac06913da01a27ff783d8ab622df6cc479c681177270cd158a431b900d1d,6819.94,628.52,3151.86,7008.22,0.0,0.0,9883.25,45844,67727,23208,0,UNKNOWN,False,BASELINE_FALLBACK,True,GEOGRAPHIC_RECONCILIATION_FAILED,0,0,200,,,,False,0,0,0,,True,,"{""budget"": true, ""minimum_coverage_reported_truthfully"": true, ""provider_capacity"": true, ""provider_monthly_compensation"": true, ""route_feasibility"": true, ""schedule_overlap_and_daily_hours"": true, ""service_compatibility"": true}",10668,5334,5334,10668,0,0,False,0,[],[],,,,,1.0,1.0,0.0,SYNTHETIC_GENERATOR_AND_SYNTHETIC_ROAD_EDGES
many_low_data-200-20-seed20461206,MANY_LOW_DATA,S3_ROLLING_HORIZON_7_21,200,20,,"{""commit_window_days"": 7, ""lookahead_days"": 21, ""planning_window_days"": 28}",1,20461206,fd01ac06913da01a27ff783d8ab622df6cc479c681177270cd158a431b900d1d,10190.05,607.12,10657.3,0.0,0.0,0.0,10131.02,55622,81947,23208,0,UNKNOWN,False,BASELINE_FALLBACK,True,ROLLING_HORIZON_WINDOW_SOLVE_FAILED,0,0,200,,,,False,0,0,0,,True,,,10668,5334,5334,10668,0,0,False,0,[],[],,,,,,,0.0,SYNTHETIC_GENERATOR_AND_SYNTHETIC_ROAD_EDGES
many_low_data-200-20-seed20461206,MANY_LOW_DATA,S3_ROLLING_HORIZON_7_21,200,20,,"{""commit_window_days"": 7, ""lookahead_days"": 21, ""planning_window_days"": 28}",2,20461206,fd01ac06913da01a27ff783d8ab622df6cc479c681177270cd158a431b900d1d,10144.76,637.36,10581.37,0.0,0.0,0.0,10098.33,55622,81947,23208,0,UNKNOWN,False,BASELINE_FALLBACK,True,ROLLING_HORIZON_WINDOW_SOLVE_FAILED,0,0,200,,,,False,0,0,0,,True,,,10668,5334,5334,10668,0,0,False,0,[],[],,,,,,,0.0,SYNTHETIC_GENERATOR_AND_SYNTHETIC_ROAD_EDGES
many_low_data-200-20-seed20461206,MANY_LOW_DATA,S3_ROLLING_HORIZON_7_21,200,20,,"{""commit_window_days"": 7, ""lookahead_days"": 21, ""planning_window_days"": 28}",3,20461206,fd01ac06913da01a27ff783d8ab622df6cc479c681177270cd158a431b900d1d,10176.14,604.57,10632.28,0.0,0.0,0.0,10078.12,55622,81947,23208,0,UNKNOWN,False,BASELINE_FALLBACK,True,ROLLING_HORIZON_WINDOW_SOLVE_FAILED,0,0,200,,,,False,0,0,0,,True,,,10668,5334,5334,10668,0,0,False,0,[],[],,,,,,,0.0,SYNTHETIC_GENERATOR_AND_SYNTHETIC_ROAD_EDGES
many_low_data-200-20-seed20461206,MANY_LOW_DATA,S4_GEOGRAPHIC_ROLLING_7_21,200,20,,"{""commit_window_days"": 7, ""lookahead_days"": 21, ""planning_window_days"": 28}",1,20461206,fd01ac06913da01a27ff783d8ab622df6cc479c681177270cd158a431b900d1d,13577.48,949.94,6287.22,9921.37,0.0,0.0,14885.23,78838,116633,23208,0,UNKNOWN,False,BASELINE_FALLBACK,True,ROLLING_HORIZON_WINDOW_SOLVE_FAILED,0,0,200,,,,False,0,0,0,,True,,,16002,5334,10668,16002,0,0,False,0,[],[],,,,,,,0.0,SYNTHETIC_GENERATOR_AND_SYNTHETIC_ROAD_EDGES
many_low_data-200-20-seed20461206,MANY_LOW_DATA,S4_GEOGRAPHIC_ROLLING_7_21,200,20,,"{""commit_window_days"": 7, ""lookahead_days"": 21, ""planning_window_days"": 28}",2,20461206,fd01ac06913da01a27ff783d8ab622df6cc479c681177270cd158a431b900d1d,13525.46,948.79,6277.1,9899.09,0.0,0.0,14849.89,78838,116633,23208,0,UNKNOWN,False,BASELINE_FALLBACK,True,ROLLING_HORIZON_WINDOW_SOLVE_FAILED,0,0,200,,,,False,0,0,0,,True,,,16002,5334,10668,16002,0,0,False,0,[],[],,,,,,,0.0,SYNTHETIC_GENERATOR_AND_SYNTHETIC_ROAD_EDGES
many_low_data-200-20-seed20461206,MANY_LOW_DATA,S4_GEOGRAPHIC_ROLLING_7_21,200,20,,"{""commit_window_days"": 7, ""lookahead_days"": 21, ""planning_window_days"": 28}",3,20461206,fd01ac06913da01a27ff783d8ab622df6cc479c681177270cd158a431b900d1d,13641.7,947.87,6298.86,9982.75,0.0,0.0,14954.59,78838,116633,23208,0,UNKNOWN,False,BASELINE_FALLBACK,True,ROLLING_HORIZON_WINDOW_SOLVE_FAILED,0,0,200,,,,False,0,0,0,,True,,,16002,5334,10668,16002,0,0,False,0,[],[],,,,,,,0.0,SYNTHETIC_GENERATOR_AND_SYNTHETIC_ROAD_EDGES
home_repair_mixed-200-20-seed20461207,HOME_REPAIR_MIXED,S0_MONOLITHIC,200,20,,FULL_MONTH,1,20461207,a8c616af76ea821b9622aef9a5e0d11e6a58f18e0f1250c63d55fb8025eb881d,0,0.0,0.0,0.0,0.0,0.0,,0,0,22856,3265120,SKIPPED_PREDICTED_BUILD_TOO_LARGE,False,,False,,,,,,,,,,,,,,,,,,,,,,False,0,[],[],,,,,,,0.0,SYNTHETIC_GENERATOR_AND_SYNTHETIC_ROAD_EDGES
home_repair_mixed-200-20-seed20461207,HOME_REPAIR_MIXED,S0_MONOLITHIC,200,20,,FULL_MONTH,2,20461207,a8c616af76ea821b9622aef9a5e0d11e6a58f18e0f1250c63d55fb8025eb881d,0,0.0,0.0,0.0,0.0,0.0,,0,0,22856,3265120,SKIPPED_PREDICTED_BUILD_TOO_LARGE,False,,False,,,,,,,,,,,,,,,,,,,,,,False,0,[],[],,,,,,,0.0,SYNTHETIC_GENERATOR_AND_SYNTHETIC_ROAD_EDGES
home_repair_mixed-200-20-seed20461207,HOME_REPAIR_MIXED,S0_MONOLITHIC,200,20,,FULL_MONTH,3,20461207,a8c616af76ea821b9622aef9a5e0d11e6a58f18e0f1250c63d55fb8025eb881d,0,0.0,0.0,0.0,0.0,0.0,,0,0,22856,3265120,SKIPPED_PREDICTED_BUILD_TOO_LARGE,False,,False,,,,,,,,,,,,,,,,,,,,,,False,0,[],[],,,,,,,0.0,SYNTHETIC_GENERATOR_AND_SYNTHETIC_ROAD_EDGES
home_repair_mixed-200-20-seed20461207,HOME_REPAIR_MIXED,S1_V5_BASELINE,200,20,,FULL_MONTH,1,20461207,a8c616af76ea821b9622aef9a5e0d11e6a58f18e0f1250c63d55fb8025eb881d,3150.7,315.07,4667.98,0.0,0.0,0.94,5246.49,21787,31906,22856,0,TIME_LIMIT,False,BASELINE_DECOMPOSED,False,,122,122,78,0,0,0,False,171418,4810465,42500465,,True,,,6724,5524,1200,6724,0,0,False,0,[],[],,,,,,,589.0,SYNTHETIC_GENERATOR_AND_SYNTHETIC_ROAD_EDGES
home_repair_mixed-200-20-seed20461207,HOME_REPAIR_MIXED,S1_V5_BASELINE,200,20,,FULL_MONTH,2,20461207,a8c616af76ea821b9622aef9a5e0d11e6a58f18e0f1250c63d55fb8025eb881d,3182.36,316.64,4650.04,0.0,0.0,0.99,5251.59,21787,31906,22856,0,TIME_LIMIT,False,BASELINE_DECOMPOSED,False,,122,122,78,0,0,0,False,171418,4810465,42500465,,True,,,6724,5524,1200,6724,0,0,False,0,[],[],,,,,,,563.12,SYNTHETIC_GENERATOR_AND_SYNTHETIC_ROAD_EDGES
home_repair_mixed-200-20-seed20461207,HOME_REPAIR_MIXED,S1_V5_BASELINE,200,20,,FULL_MONTH,3,20461207,a8c616af76ea821b9622aef9a5e0d11e6a58f18e0f1250c63d55fb8025eb881d,3181.31,313.86,4653.91,0.0,0.0,0.94,5258.47,21787,31906,22856,0,TIME_LIMIT,False,BASELINE_DECOMPOSED,False,,122,122,78,0,0,0,False,171418,4810465,42500465,,True,,,6724,5524,1200,6724,0,0,False,0,[],[],,,,,,,568.19,SYNTHETIC_GENERATOR_AND_SYNTHETIC_ROAD_EDGES
home_repair_mixed-200-20-seed20461207,HOME_REPAIR_MIXED,S2_GEOGRAPHIC_CLUSTER,200,20,13,FULL_MONTH,1,20461207,a8c616af76ea821b9622aef9a5e0d11e6a58f18e0f1250c63d55fb8025eb881d,827.34,634.38,8997.74,5828.49,0.0,6.5,11632.44,48633,71086,22856,0,TIME_LIMIT,False,GEOGRAPHIC_CLUSTER,False,,62,62,138,0,0,0,False,137698,3864347,40134347,,True,,"{""budget"": true, ""minimum_coverage_reported_truthfully"": true, ""provider_capacity"": true, ""provider_monthly_compensation"": true, ""route_feasibility"": true, ""schedule_overlap_and_daily_hours"": true, ""service_compatibility"": true}",11003,5417,5586,10960,43,0,False,0,[],[],,,,,0.6703296703296703,0.7064220183486238,565.34,SYNTHETIC_GENERATOR_AND_SYNTHETIC_ROAD_EDGES
home_repair_mixed-200-20-seed20461207,HOME_REPAIR_MIXED,S2_GEOGRAPHIC_CLUSTER,200,20,13,FULL_MONTH,2,20461207,a8c616af76ea821b9622aef9a5e0d11e6a58f18e0f1250c63d55fb8025eb881d,768.68,629.61,9019.02,5880.93,0.0,7.35,11638.35,48633,71086,22856,0,TIME_LIMIT,False,GEOGRAPHIC_CLUSTER,False,,62,62,138,0,0,0,False,137698,3864347,40134347,,True,,"{""budget"": true, ""minimum_coverage_reported_truthfully"": true, ""provider_capacity"": true, ""provider_monthly_compensation"": true, ""route_feasibility"": true, ""schedule_overlap_and_daily_hours"": true, ""service_compatibility"": true}",11003,5417,5586,10960,43,0,False,0,[],[],,,,,0.6703296703296703,0.7064220183486238,597.62,SYNTHETIC_GENERATOR_AND_SYNTHETIC_ROAD_EDGES
home_repair_mixed-200-20-seed20461207,HOME_REPAIR_MIXED,S2_GEOGRAPHIC_CLUSTER,200,20,13,FULL_MONTH,3,20461207,a8c616af76ea821b9622aef9a5e0d11e6a58f18e0f1250c63d55fb8025eb881d,755.54,618.72,9021.1,5875.92,0.0,6.7,11633.92,48633,71086,22856,0,TIME_LIMIT,False,GEOGRAPHIC_CLUSTER,False,,62,62,138,0,0,0,False,137698,3864347,40134347,,True,,"{""budget"": true, ""minimum_coverage_reported_truthfully"": true, ""provider_capacity"": true, ""provider_monthly_compensation"": true, ""route_feasibility"": true, ""schedule_overlap_and_daily_hours"": true, ""service_compatibility"": true}",11003,5417,5586,10960,43,0,False,0,[],[],,,,,0.6703296703296703,0.7064220183486238,592.6,SYNTHETIC_GENERATOR_AND_SYNTHETIC_ROAD_EDGES
home_repair_mixed-200-20-seed20461207,HOME_REPAIR_MIXED,S3_ROLLING_HORIZON_7_21,200,20,,"{""commit_window_days"": 7, ""lookahead_days"": 21, ""planning_window_days"": 28}",1,20461207,a8c616af76ea821b9622aef9a5e0d11e6a58f18e0f1250c63d55fb8025eb881d,14044.51,852.87,15826.73,0.0,0.0,1.98,16709.44,134985,179969,22856,0,TIME_LIMIT,False,BASELINE_FALLBACK,True,ROLLING_HORIZON_WINDOW_SOLVE_FAILED,122,122,78,0,0,0,False,171418,4810465,42500465,,True,,,18414,5524,12890,18414,0,0,False,0,[],[],,,,,,,574.55,SYNTHETIC_GENERATOR_AND_SYNTHETIC_ROAD_EDGES
home_repair_mixed-200-20-seed20461207,HOME_REPAIR_MIXED,S3_ROLLING_HORIZON_7_21,200,20,,"{""commit_window_days"": 7, ""lookahead_days"": 21, ""planning_window_days"": 28}",2,20461207,a8c616af76ea821b9622aef9a5e0d11e6a58f18e0f1250c63d55fb8025eb881d,13994.97,844.23,15880.98,0.0,0.0,2.49,16734.64,134985,179969,22856,0,TIME_LIMIT,False,BASELINE_FALLBACK,True,ROLLING_HORIZON_WINDOW_SOLVE_FAILED,122,122,78,0,0,0,False,171418,4810465,42500465,,True,,,18414,5524,12890,18414,0,0,False,0,[],[],,,,,,,599.7,SYNTHETIC_GENERATOR_AND_SYNTHETIC_ROAD_EDGES
home_repair_mixed-200-20-seed20461207,HOME_REPAIR_MIXED,S3_ROLLING_HORIZON_7_21,200,20,,"{""commit_window_days"": 7, ""lookahead_days"": 21, ""planning_window_days"": 28}",3,20461207,a8c616af76ea821b9622aef9a5e0d11e6a58f18e0f1250c63d55fb8025eb881d,14065.5,853.67,15879.08,0.0,0.0,2.39,16741.32,134985,179969,22856,0,TIME_LIMIT,False,BASELINE_FALLBACK,True,ROLLING_HORIZON_WINDOW_SOLVE_FAILED,122,122,78,0,0,0,False,171418,4810465,42500465,,True,,,18414,5524,12890,18414,0,0,False,0,[],[],,,,,,,568.41,SYNTHETIC_GENERATOR_AND_SYNTHETIC_ROAD_EDGES
home_repair_mixed-200-20-seed20461207,HOME_REPAIR_MIXED,S4_GEOGRAPHIC_ROLLING_7_21,200,20,13,"{""commit_window_days"": 7, ""lookahead_days"": 21, ""planning_window_days"": 28}",1,20461207,a8c616af76ea821b9622aef9a5e0d11e6a58f18e0f1250c63d55fb8025eb881d,21314.38,2408.12,26974.07,31675.01,0.0,58.8,53621.63,228495,329695,22856,0,TIME_LIMIT,False,GEOGRAPHIC_ROLLING,True,GEOGRAPHIC_WINDOW_BASELINE_FALLBACK,181,132,68,0,0,0,False,227112,6372906,58777906,,True,,,62578,6780,55798,62224,354,0,False,0,"[{""committed_round_count"": 24, ""fallback_used"": false, ""heuristic_candidate_pruning_used"": false, ""pruned_hard_compatible_pair_count"": 0, ""solver_status"": ""TIME_LIMIT"", ""strategy_used"": ""GEOGRAPHIC_CLUSTER""}, {""committed_round_count"": 32, ""fallback_used"": true, ""heuristic_candidate_pruning_used"": false, ""pruned_hard_compatible_pair_count"": 0, ""solver_status"": ""TIME_LIMIT"", ""strategy_used"": ""BASELINE_FALLBACK""}, {""committed_round_count"": 75, ""fallback_used"": true, ""heuristic_candidate_pruning_used"": false, ""pruned_hard_compatible_pair_count"": 0, ""solver_status"": ""TIME_LIMIT"", ""strategy_used"": ""BASELINE_FALLBACK""}, {""committed_round_count"": 50, ""fallback_used"": true, ""heuristic_candidate_pruning_used"": false, ""pruned_hard_compatible_pair_count"": 0, ""solver_status"": ""TIME_LIMIT"", ""strategy_used"": ""BASELINE_FALLBACK""}]",[],,0.27472527472527475,0.3944954128440367,0.6855345911949685,0.27472527472527475,0.3944954128440367,0.03,SYNTHETIC_GENERATOR_AND_SYNTHETIC_ROAD_EDGES
home_repair_mixed-200-20-seed20461207,HOME_REPAIR_MIXED,S4_GEOGRAPHIC_ROLLING_7_21,200,20,13,"{""commit_window_days"": 7, ""lookahead_days"": 21, ""planning_window_days"": 28}",2,20461207,a8c616af76ea821b9622aef9a5e0d11e6a58f18e0f1250c63d55fb8025eb881d,21320.31,2413.12,26930.57,31555.54,0.0,57.04,53595.02,228495,329695,22856,0,TIME_LIMIT,False,GEOGRAPHIC_ROLLING,True,GEOGRAPHIC_WINDOW_BASELINE_FALLBACK,181,132,68,0,0,0,False,227112,6372906,58777906,,True,,,62578,6780,55798,62224,354,0,False,0,"[{""committed_round_count"": 24, ""fallback_used"": false, ""heuristic_candidate_pruning_used"": false, ""pruned_hard_compatible_pair_count"": 0, ""solver_status"": ""TIME_LIMIT"", ""strategy_used"": ""GEOGRAPHIC_CLUSTER""}, {""committed_round_count"": 32, ""fallback_used"": true, ""heuristic_candidate_pruning_used"": false, ""pruned_hard_compatible_pair_count"": 0, ""solver_status"": ""TIME_LIMIT"", ""strategy_used"": ""BASELINE_FALLBACK""}, {""committed_round_count"": 75, ""fallback_used"": true, ""heuristic_candidate_pruning_used"": false, ""pruned_hard_compatible_pair_count"": 0, ""solver_status"": ""TIME_LIMIT"", ""strategy_used"": ""BASELINE_FALLBACK""}, {""committed_round_count"": 50, ""fallback_used"": true, ""heuristic_candidate_pruning_used"": false, ""pruned_hard_compatible_pair_count"": 0, ""solver_status"": ""TIME_LIMIT"", ""strategy_used"": ""BASELINE_FALLBACK""}]",[],,0.27472527472527475,0.3944954128440367,0.6855345911949685,0.27472527472527475,0.3944954128440367,0.02,SYNTHETIC_GENERATOR_AND_SYNTHETIC_ROAD_EDGES
home_repair_mixed-200-20-seed20461207,HOME_REPAIR_MIXED,S4_GEOGRAPHIC_ROLLING_7_21,200,20,13,"{""commit_window_days"": 7, ""lookahead_days"": 21, ""planning_window_days"": 28}",3,20461207,a8c616af76ea821b9622aef9a5e0d11e6a58f18e0f1250c63d55fb8025eb881d,21222.58,2438.86,27146.27,31527.71,0.0,56.85,53658.66,228495,329695,22856,0,TIME_LIMIT,False,GEOGRAPHIC_ROLLING,True,GEOGRAPHIC_WINDOW_BASELINE_FALLBACK,181,132,68,0,0,0,False,227112,6372906,58777906,,True,,,62578,6780,55798,62224,354,0,False,0,"[{""committed_round_count"": 24, ""fallback_used"": false, ""heuristic_candidate_pruning_used"": false, ""pruned_hard_compatible_pair_count"": 0, ""solver_status"": ""TIME_LIMIT"", ""strategy_used"": ""GEOGRAPHIC_CLUSTER""}, {""committed_round_count"": 32, ""fallback_used"": true, ""heuristic_candidate_pruning_used"": false, ""pruned_hard_compatible_pair_count"": 0, ""solver_status"": ""TIME_LIMIT"", ""strategy_used"": ""BASELINE_FALLBACK""}, {""committed_round_count"": 75, ""fallback_used"": true, ""heuristic_candidate_pruning_used"": false, ""pruned_hard_compatible_pair_count"": 0, ""solver_status"": ""TIME_LIMIT"", ""strategy_used"": ""BASELINE_FALLBACK""}, {""committed_round_count"": 50, ""fallback_used"": true, ""heuristic_candidate_pruning_used"": false, ""pruned_hard_compatible_pair_count"": 0, ""solver_status"": ""TIME_LIMIT"", ""strategy_used"": ""BASELINE_FALLBACK""}]",[],,0.27472527472527475,0.3944954128440367,0.6855345911949685,0.27472527472527475,0.3944954128440367,0.03,SYNTHETIC_GENERATOR_AND_SYNTHETIC_ROAD_EDGES
mass_decline-200-20-seed20461208,MASS_DECLINE,S0_MONOLITHIC,200,20,,FULL_MONTH,1,20461208,3558a8197a4c7e1f7bc2db3ac134bf5e13550314fae6b91cb06c38f02bf4c994,0,0.0,0.0,0.0,0.0,0.0,,0,0,4768,631704,SKIPPED_PREDICTED_BUILD_TOO_LARGE,False,,False,,,,,,,,,,,,,,,,,,,,,,False,0,[],[],,,,,,,0.0,SYNTHETIC_GENERATOR_AND_SYNTHETIC_ROAD_EDGES
mass_decline-200-20-seed20461208,MASS_DECLINE,S0_MONOLITHIC,200,20,,FULL_MONTH,2,20461208,3558a8197a4c7e1f7bc2db3ac134bf5e13550314fae6b91cb06c38f02bf4c994,0,0.0,0.0,0.0,0.0,0.0,,0,0,4768,631704,SKIPPED_PREDICTED_BUILD_TOO_LARGE,False,,False,,,,,,,,,,,,,,,,,,,,,,False,0,[],[],,,,,,,0.0,SYNTHETIC_GENERATOR_AND_SYNTHETIC_ROAD_EDGES
mass_decline-200-20-seed20461208,MASS_DECLINE,S0_MONOLITHIC,200,20,,FULL_MONTH,3,20461208,3558a8197a4c7e1f7bc2db3ac134bf5e13550314fae6b91cb06c38f02bf4c994,0,0.0,0.0,0.0,0.0,0.0,,0,0,4768,631704,SKIPPED_PREDICTED_BUILD_TOO_LARGE,False,,False,,,,,,,,,,,,,,,,,,,,,,False,0,[],[],,,,,,,0.0,SYNTHETIC_GENERATOR_AND_SYNTHETIC_ROAD_EDGES
mass_decline-200-20-seed20461208,MASS_DECLINE,S1_V5_BASELINE,200,20,,FULL_MONTH,1,20461208,3558a8197a4c7e1f7bc2db3ac134bf5e13550314fae6b91cb06c38f02bf4c994,2596.27,240.47,3188.76,0.0,0.0,8.68,3784.07,7451,11350,4768,0,FEASIBLE,False,BASELINE_DECOMPOSED,False,,60,60,140,0,0,0,False,114658,3217897,49537897,,True,,,5669,5516,153,5614,55,0,False,0,[],[],,,,,,,115.41,SYNTHETIC_GENERATOR_AND_SYNTHETIC_ROAD_EDGES
mass_decline-200-20-seed20461208,MASS_DECLINE,S1_V5_BASELINE,200,20,,FULL_MONTH,2,20461208,3558a8197a4c7e1f7bc2db3ac134bf5e13550314fae6b91cb06c38f02bf4c994,2541.6,225.6,3133.78,0.0,0.0,10.05,3720.91,7451,11350,4768,0,FEASIBLE,False,BASELINE_DECOMPOSED,False,,60,60,140,0,0,0,False,114658,3217897,49537897,,True,,,5669,5516,153,5614,55,0,False,0,[],[],,,,,,,114.22,SYNTHETIC_GENERATOR_AND_SYNTHETIC_ROAD_EDGES
mass_decline-200-20-seed20461208,MASS_DECLINE,S1_V5_BASELINE,200,20,,FULL_MONTH,3,20461208,3558a8197a4c7e1f7bc2db3ac134bf5e13550314fae6b91cb06c38f02bf4c994,2558.23,223.64,3163.32,0.0,0.0,8.92,3739.25,7451,11350,4768,0,FEASIBLE,False,BASELINE_DECOMPOSED,False,,60,60,140,0,0,0,False,114658,3217897,49537897,,True,,,5669,5516,153,5614,55,0,False,0,[],[],,,,,,,116.73,SYNTHETIC_GENERATOR_AND_SYNTHETIC_ROAD_EDGES
mass_decline-200-20-seed20461208,MASS_DECLINE,S2_GEOGRAPHIC_CLUSTER,200,20,13,FULL_MONTH,1,20461208,3558a8197a4c7e1f7bc2db3ac134bf5e13550314fae6b91cb06c38f02bf4c994,506.06,429.52,7962.54,5556.65,0.0,5.53,10468.25,18101,27383,4768,0,TIME_LIMIT,False,GEOGRAPHIC_CLUSTER,False,,37,37,163,0,0,0,False,72341,2030303,15340303,,True,,"{""budget"": true, ""minimum_coverage_reported_truthfully"": true, ""provider_capacity"": true, ""provider_monthly_compensation"": true, ""route_feasibility"": true, ""schedule_overlap_and_daily_hours"": true, ""service_compatibility"": true}",12210,5657,6553,12174,36,0,False,0,[],[],,,,,0.8210526315789474,0.8095238095238095,113.58,SYNTHETIC_GENERATOR_AND_SYNTHETIC_ROAD_EDGES
mass_decline-200-20-seed20461208,MASS_DECLINE,S2_GEOGRAPHIC_CLUSTER,200,20,13,FULL_MONTH,2,20461208,3558a8197a4c7e1f7bc2db3ac134bf5e13550314fae6b91cb06c38f02bf4c994,544.88,433.61,7859.7,5529.5,0.0,5.06,10383.53,18101,27383,4768,0,TIME_LIMIT,False,GEOGRAPHIC_CLUSTER,False,,37,37,163,0,0,0,False,72341,2030303,15340303,,True,,"{""budget"": true, ""minimum_coverage_reported_truthfully"": true, ""provider_capacity"": true, ""provider_monthly_compensation"": true, ""route_feasibility"": true, ""schedule_overlap_and_daily_hours"": true, ""service_compatibility"": true}",12210,5657,6553,12174,36,0,False,0,[],[],,,,,0.8210526315789474,0.8095238095238095,114.84,SYNTHETIC_GENERATOR_AND_SYNTHETIC_ROAD_EDGES
mass_decline-200-20-seed20461208,MASS_DECLINE,S2_GEOGRAPHIC_CLUSTER,200,20,13,FULL_MONTH,3,20461208,3558a8197a4c7e1f7bc2db3ac134bf5e13550314fae6b91cb06c38f02bf4c994,516.4,430.99,7939.92,5562.29,0.0,5.92,10469.98,18101,27383,4768,0,TIME_LIMIT,False,GEOGRAPHIC_CLUSTER,False,,37,37,163,0,0,0,False,72341,2030303,15340303,,True,,"{""budget"": true, ""minimum_coverage_reported_truthfully"": true, ""provider_capacity"": true, ""provider_monthly_compensation"": true, ""route_feasibility"": true, ""schedule_overlap_and_daily_hours"": true, ""service_compatibility"": true}",12210,5657,6553,12174,36,0,False,0,[],[],,,,,0.8210526315789474,0.8095238095238095,117.67,SYNTHETIC_GENERATOR_AND_SYNTHETIC_ROAD_EDGES
mass_decline-200-20-seed20461208,MASS_DECLINE,S3_ROLLING_HORIZON_7_21,200,20,,"{""commit_window_days"": 7, ""lookahead_days"": 21, ""planning_window_days"": 28}",1,20461208,3558a8197a4c7e1f7bc2db3ac134bf5e13550314fae6b91cb06c38f02bf4c994,10562.07,807.02,13753.77,0.0,0.0,33.04,15458.7,29632,44812,4768,0,TIME_LIMIT,False,ROLLING_HORIZON,False,,61,60,140,0,0,0,False,96035,2695229,40395229,,True,,,27465,5935,21530,27260,205,0,False,0,"[{""committed_round_count"": 12, ""fallback_used"": false, ""heuristic_candidate_pruning_used"": false, ""pruned_hard_compatible_pair_count"": 0, ""solver_status"": ""FEASIBLE"", ""strategy_used"": ""BASELINE_DECOMPOSED""}, {""committed_round_count"": 22, ""fallback_used"": false, ""heuristic_candidate_pruning_used"": false, ""pruned_hard_compatible_pair_count"": 0, ""solver_status"": ""TIME_LIMIT"", ""strategy_used"": ""BASELINE_DECOMPOSED""}, {""committed_round_count"": 8, ""fallback_used"": false, ""heuristic_candidate_pruning_used"": false, ""pruned_hard_compatible_pair_count"": 0, ""solver_status"": ""FEASIBLE"", ""strategy_used"": ""BASELINE_DECOMPOSED""}, {""committed_round_count"": 19, ""fallback_used"": false, ""heuristic_candidate_pruning_used"": false, ""pruned_hard_compatible_pair_count"": 0, ""solver_status"": ""FEASIBLE"", ""strategy_used"": ""BASELINE_DECOMPOSED""}]",[],,,0.7,0.8901734104046243,,0.7,0.02,SYNTHETIC_GENERATOR_AND_SYNTHETIC_ROAD_EDGES
mass_decline-200-20-seed20461208,MASS_DECLINE,S3_ROLLING_HORIZON_7_21,200,20,,"{""commit_window_days"": 7, ""lookahead_days"": 21, ""planning_window_days"": 28}",2,20461208,3558a8197a4c7e1f7bc2db3ac134bf5e13550314fae6b91cb06c38f02bf4c994,10401.95,800.44,13611.27,0.0,0.0,33.62,15341.97,29632,44812,4768,0,TIME_LIMIT,False,ROLLING_HORIZON,False,,61,60,140,0,0,0,False,96035,2695229,40395229,,True,,,27465,5935,21530,27260,205,0,False,0,"[{""committed_round_count"": 12, ""fallback_used"": false, ""heuristic_candidate_pruning_used"": false, ""pruned_hard_compatible_pair_count"": 0, ""solver_status"": ""FEASIBLE"", ""strategy_used"": ""BASELINE_DECOMPOSED""}, {""committed_round_count"": 22, ""fallback_used"": false, ""heuristic_candidate_pruning_used"": false, ""pruned_hard_compatible_pair_count"": 0, ""solver_status"": ""TIME_LIMIT"", ""strategy_used"": ""BASELINE_DECOMPOSED""}, {""committed_round_count"": 8, ""fallback_used"": false, ""heuristic_candidate_pruning_used"": false, ""pruned_hard_compatible_pair_count"": 0, ""solver_status"": ""FEASIBLE"", ""strategy_used"": ""BASELINE_DECOMPOSED""}, {""committed_round_count"": 19, ""fallback_used"": false, ""heuristic_candidate_pruning_used"": false, ""pruned_hard_compatible_pair_count"": 0, ""solver_status"": ""FEASIBLE"", ""strategy_used"": ""BASELINE_DECOMPOSED""}]",[],,,0.7,0.8901734104046243,,0.7,0.01,SYNTHETIC_GENERATOR_AND_SYNTHETIC_ROAD_EDGES
mass_decline-200-20-seed20461208,MASS_DECLINE,S3_ROLLING_HORIZON_7_21,200,20,,"{""commit_window_days"": 7, ""lookahead_days"": 21, ""planning_window_days"": 28}",3,20461208,3558a8197a4c7e1f7bc2db3ac134bf5e13550314fae6b91cb06c38f02bf4c994,10394.55,809.89,13574.82,0.0,0.0,34.05,15277.29,29632,44812,4768,0,TIME_LIMIT,False,ROLLING_HORIZON,False,,61,60,140,0,0,0,False,96035,2695229,40395229,,True,,,27465,5935,21530,27260,205,0,False,0,"[{""committed_round_count"": 12, ""fallback_used"": false, ""heuristic_candidate_pruning_used"": false, ""pruned_hard_compatible_pair_count"": 0, ""solver_status"": ""FEASIBLE"", ""strategy_used"": ""BASELINE_DECOMPOSED""}, {""committed_round_count"": 22, ""fallback_used"": false, ""heuristic_candidate_pruning_used"": false, ""pruned_hard_compatible_pair_count"": 0, ""solver_status"": ""TIME_LIMIT"", ""strategy_used"": ""BASELINE_DECOMPOSED""}, {""committed_round_count"": 8, ""fallback_used"": false, ""heuristic_candidate_pruning_used"": false, ""pruned_hard_compatible_pair_count"": 0, ""solver_status"": ""FEASIBLE"", ""strategy_used"": ""BASELINE_DECOMPOSED""}, {""committed_round_count"": 19, ""fallback_used"": false, ""heuristic_candidate_pruning_used"": false, ""pruned_hard_compatible_pair_count"": 0, ""solver_status"": ""FEASIBLE"", ""strategy_used"": ""BASELINE_DECOMPOSED""}]",[],,,0.7,0.8901734104046243,,0.7,0.02,SYNTHETIC_GENERATOR_AND_SYNTHETIC_ROAD_EDGES
mass_decline-200-20-seed20461208,MASS_DECLINE,S4_GEOGRAPHIC_ROLLING_7_21,200,20,13,"{""commit_window_days"": 7, ""lookahead_days"": 21, ""planning_window_days"": 28}",1,20461208,3558a8197a4c7e1f7bc2db3ac134bf5e13550314fae6b91cb06c38f02bf4c994,8161.48,1605.01,23491.68,26731.95,0.0,33.37,44141.93,69745,104727,4768,0,TIME_LIMIT,False,GEOGRAPHIC_ROLLING,True,GEOGRAPHIC_WINDOW_BASELINE_FALLBACK,60,59,141,0,0,0,False,103356,2900749,38145749,,True,,,53969,6180,47789,53772,197,0,False,0,"[{""committed_round_count"": 22, ""fallback_used"": false, ""heuristic_candidate_pruning_used"": false, ""pruned_hard_compatible_pair_count"": 0, ""solver_status"": ""TIME_LIMIT"", ""strategy_used"": ""GEOGRAPHIC_CLUSTER""}, {""committed_round_count"": 12, ""fallback_used"": true, ""heuristic_candidate_pruning_used"": false, ""pruned_hard_compatible_pair_count"": 0, ""solver_status"": ""FEASIBLE"", ""strategy_used"": ""BASELINE_FALLBACK""}, {""committed_round_count"": 5, ""fallback_used"": false, ""heuristic_candidate_pruning_used"": false, ""pruned_hard_compatible_pair_count"": 0, ""solver_status"": ""TIME_LIMIT"", ""strategy_used"": ""GEOGRAPHIC_CLUSTER""}, {""committed_round_count"": 21, ""fallback_used"": false, ""heuristic_candidate_pruning_used"": false, ""pruned_hard_compatible_pair_count"": 0, ""solver_status"": ""TIME_LIMIT"", ""strategy_used"": ""GEOGRAPHIC_CLUSTER""}]",[],,0.6842105263157895,0.7238095238095238,0.8820224719101124,0.6842105263157895,0.7238095238095238,0.02,SYNTHETIC_GENERATOR_AND_SYNTHETIC_ROAD_EDGES
mass_decline-200-20-seed20461208,MASS_DECLINE,S4_GEOGRAPHIC_ROLLING_7_21,200,20,13,"{""commit_window_days"": 7, ""lookahead_days"": 21, ""planning_window_days"": 28}",2,20461208,3558a8197a4c7e1f7bc2db3ac134bf5e13550314fae6b91cb06c38f02bf4c994,8115.15,1604.31,23430.45,26593.91,0.0,32.84,43953.16,69745,104727,4768,0,TIME_LIMIT,False,GEOGRAPHIC_ROLLING,True,GEOGRAPHIC_WINDOW_BASELINE_FALLBACK,60,59,141,0,0,0,False,103356,2900749,38145749,,True,,,53969,6180,47789,53772,197,0,False,0,"[{""committed_round_count"": 22, ""fallback_used"": false, ""heuristic_candidate_pruning_used"": false, ""pruned_hard_compatible_pair_count"": 0, ""solver_status"": ""TIME_LIMIT"", ""strategy_used"": ""GEOGRAPHIC_CLUSTER""}, {""committed_round_count"": 12, ""fallback_used"": true, ""heuristic_candidate_pruning_used"": false, ""pruned_hard_compatible_pair_count"": 0, ""solver_status"": ""FEASIBLE"", ""strategy_used"": ""BASELINE_FALLBACK""}, {""committed_round_count"": 5, ""fallback_used"": false, ""heuristic_candidate_pruning_used"": false, ""pruned_hard_compatible_pair_count"": 0, ""solver_status"": ""TIME_LIMIT"", ""strategy_used"": ""GEOGRAPHIC_CLUSTER""}, {""committed_round_count"": 21, ""fallback_used"": false, ""heuristic_candidate_pruning_used"": false, ""pruned_hard_compatible_pair_count"": 0, ""solver_status"": ""TIME_LIMIT"", ""strategy_used"": ""GEOGRAPHIC_CLUSTER""}]",[],,0.6842105263157895,0.7238095238095238,0.8820224719101124,0.6842105263157895,0.7238095238095238,0.02,SYNTHETIC_GENERATOR_AND_SYNTHETIC_ROAD_EDGES
mass_decline-200-20-seed20461208,MASS_DECLINE,S4_GEOGRAPHIC_ROLLING_7_21,200,20,13,"{""commit_window_days"": 7, ""lookahead_days"": 21, ""planning_window_days"": 28}",3,20461208,3558a8197a4c7e1f7bc2db3ac134bf5e13550314fae6b91cb06c38f02bf4c994,8073.6,1605.58,23342.05,26615.99,0.0,31.5,43921.1,69745,104727,4768,0,TIME_LIMIT,False,GEOGRAPHIC_ROLLING,True,GEOGRAPHIC_WINDOW_BASELINE_FALLBACK,60,59,141,0,0,0,False,103356,2900749,38145749,,True,,,53969,6180,47789,53772,197,0,False,0,"[{""committed_round_count"": 22, ""fallback_used"": false, ""heuristic_candidate_pruning_used"": false, ""pruned_hard_compatible_pair_count"": 0, ""solver_status"": ""TIME_LIMIT"", ""strategy_used"": ""GEOGRAPHIC_CLUSTER""}, {""committed_round_count"": 12, ""fallback_used"": true, ""heuristic_candidate_pruning_used"": false, ""pruned_hard_compatible_pair_count"": 0, ""solver_status"": ""FEASIBLE"", ""strategy_used"": ""BASELINE_FALLBACK""}, {""committed_round_count"": 5, ""fallback_used"": false, ""heuristic_candidate_pruning_used"": false, ""pruned_hard_compatible_pair_count"": 0, ""solver_status"": ""TIME_LIMIT"", ""strategy_used"": ""GEOGRAPHIC_CLUSTER""}, {""committed_round_count"": 21, ""fallback_used"": false, ""heuristic_candidate_pruning_used"": false, ""pruned_hard_compatible_pair_count"": 0, ""solver_status"": ""TIME_LIMIT"", ""strategy_used"": ""GEOGRAPHIC_CLUSTER""}]",[],,0.6842105263157895,0.7238095238095238,0.8820224719101124,0.6842105263157895,0.7238095238095238,0.02,SYNTHETIC_GENERATOR_AND_SYNTHETIC_ROAD_EDGES
